year,Date,lat,lon,block,exclusion,water,unique.plot,tag,canopy,species,abundance
2014,October ,-32.39824503,118.387495,bb1,c,d,bb1cd,399,0.37986,Waitzia.acuminata,36
2014,October ,-32.39824503,118.387495,bb1,c,d,bb1cd,399,0.37986,Gonocarpus.nodulosus,32
2014,October ,-32.39824503,118.387495,bb1,c,d,bb1cd,399,0.37986,Phyllangium.sulcatum,200
2014,October ,-32.39824503,118.387495,bb1,c,d,bb1cd,399,0.37986,Rhodanthe.laevis,5
2014,October ,-32.39824503,118.387495,bb1,c,d,bb1cd,399,0.37986,Lawrencella.rosea,3
2014,October ,-32.39824503,118.387495,bb1,c,d,bb1cd,399,0.37986,Hypochaeris.glabra,6
2014,October ,-32.39824503,118.387495,bb1,c,d,bb1cd,399,0.37986,Nicotiana.rotundifolia,10
2014,October ,-32.39824503,118.387495,bb1,c,d,bb1cd,399,0.37986,Ceratogyne.obionoides,7
2014,October ,-32.39824503,118.387495,bb1,c,d,bb1cd,399,0.37986,Trachymene.cyanopetala,116
2014,October ,-32.39824503,118.387495,bb1,c,d,bb1cd,399,0.37986,Lobelia.sp,6
2014,October ,-32.39824503,118.387495,bb1,c,w,bb1cw,285,0.34813,Ursinia.anthemoides,17
2014,October ,-32.39824503,118.387495,bb1,c,w,bb1cw,285,0.34813,Goodenia.berardiana,1
2014,October ,-32.39824503,118.387495,bb1,c,w,bb1cw,285,0.34813,Lawrencella.rosea,4
2014,October ,-32.39824503,118.387495,bb1,c,w,bb1cw,285,0.34813,Waitzia.acuminata,9
2014,October ,-32.39824503,118.387495,bb1,c,w,bb1cw,285,0.34813,Podotheca.gnaphalioides,1
2014,October ,-32.39824503,118.387495,bb1,c,w,bb1cw,285,0.34813,Trachymene.cyanopetala,80
2014,October ,-32.39824503,118.387495,bb1,c,w,bb1cw,285,0.34813,Gonocarpus.nodulosus,120
2014,October ,-32.39824503,118.387495,bb1,c,w,bb1cw,285,0.34813,Ceratogyne.obionoides,8
2014,October ,-32.39824503,118.387495,bb1,c,w,bb1cw,285,0.34813,Hypochaeris.glabra,5
2014,October ,-32.39824503,118.387495,bb1,c,w,bb1cw,285,0.34813,Pentaschistis.airoides,2
2014,October ,-32.39824503,118.387495,bb1,c,w,bb1cw,285,0.34813,Phyllangium.sulcatum,3
2014,October ,-32.39824503,118.387495,bb1,c,w,bb1cw,285,0.34813,Lobelia.sp,1
2014,October ,-32.39824503,118.387495,bb1,k,d,bb1kd,333,NA,Waitzia.acuminata,50
2014,October ,-32.39824503,118.387495,bb1,k,d,bb1kd,333,NA,Hypochaeris.glabra,3
2014,October ,-32.39824503,118.387495,bb1,k,d,bb1kd,333,NA,Ursinia.anthemoides,1
2014,October ,-32.39824503,118.387495,bb1,k,d,bb1kd,333,NA,Gonocarpus.nodulosus,20
2014,October ,-32.39824503,118.387495,bb1,k,d,bb1kd,333,NA,Hyalosperma.glutinosum.subsp.glutinosum,20
2014,October ,-32.39824503,118.387495,bb1,k,d,bb1kd,333,NA,Trachymene.cyanopetala,10
2014,October ,-32.39824503,118.387495,bb1,k,w,bb1kw,436,NA,Trachymene.ornata,150
2014,October ,-32.39824503,118.387495,bb1,k,w,bb1kw,436,NA,Ursinia.anthemoides,1
2014,October ,-32.39824503,118.387495,bb1,k,w,bb1kw,436,NA,Waitzia.acuminata,15
2014,October ,-32.39824503,118.387495,bb1,k,w,bb1kw,436,NA,Lawrencella.rosea,3
2014,October ,-32.39824503,118.387495,bb1,k,w,bb1kw,436,NA,Hypochaeris.glabra,3
2014,October ,-32.39824503,118.387495,bb1,k,w,bb1kw,436,NA,Rhodanthe.laevis,40
2014,October ,-32.39824503,118.387495,bb1,k,w,bb1kw,436,NA,Gonocarpus.nodulosus,50
2014,October ,-32.39824503,118.387495,bb1,o,d,bb1od,218,0.40063,Waitzia.acuminata,17
2014,October ,-32.39824503,118.387495,bb1,o,d,bb1od,218,0.40063,Gonocarpus.nodulosus,80
2014,October ,-32.39824503,118.387495,bb1,o,d,bb1od,218,0.40063,Phyllangium.sulcatum,100
2014,October ,-32.39824503,118.387495,bb1,o,d,bb1od,218,0.40063,Nicotiana.rotundifolia,1
2014,October ,-32.39824503,118.387495,bb1,o,d,bb1od,218,0.40063,Hypochaeris.glabra,5
2014,October ,-32.39824503,118.387495,bb1,o,d,bb1od,218,0.40063,Rhodanthe.laevis,26
2014,October ,-32.39824503,118.387495,bb1,o,d,bb1od,218,0.40063,Trachymene.cyanopetala,23
2014,October ,-32.39824503,118.387495,bb1,o,d,bb1od,218,0.40063,Lobelia.sp,2
2014,October ,-32.39824503,118.387495,bb1,o,w,bb1ow,416,0.28781,Lawrencella.rosea,4
2014,October ,-32.39824503,118.387495,bb1,o,w,bb1ow,416,0.28781,Waitzia.acuminata,31
2014,October ,-32.39824503,118.387495,bb1,o,w,bb1ow,416,0.28781,Trachymene.cyanopetala,120
2014,October ,-32.39824503,118.387495,bb1,o,w,bb1ow,416,0.28781,Hypochaeris.glabra,14
2014,October ,-32.39824503,118.387495,bb1,o,w,bb1ow,416,0.28781,Lobelia.sp,1
2014,October ,-32.39824503,118.387495,bb1,o,w,bb1ow,416,0.28781,Gonocarpus.nodulosus,80
2014,October ,-32.39824503,118.387495,bb1,o,w,bb1ow,416,0.28781,Rhodanthe.laevis,5
2014,October ,-32.39824503,118.387495,bb1,o,w,bb1ow,416,0.28781,Rhodanthe.citrina,7
2014,October ,-32.39849397,118.387509,bb2,c,d,bb2cd,461,0.12472,Waitzia.acuminata,95
2014,October ,-32.39849397,118.387509,bb2,c,d,bb2cd,461,0.12472,Ursinia.anthemoides,24
2014,October ,-32.39849397,118.387509,bb2,c,d,bb2cd,461,0.12472,Lawrencella.rosea,26
2014,October ,-32.39849397,118.387509,bb2,c,d,bb2cd,461,0.12472,Hypochaeris.glabra,14
2014,October ,-32.39849397,118.387509,bb2,c,d,bb2cd,461,0.12472,Gonocarpus.nodulosus,170
2014,October ,-32.39849397,118.387509,bb2,c,d,bb2cd,461,0.12472,Trachymene.cyanopetala,17
2014,October ,-32.39849397,118.387509,bb2,c,d,bb2cd,461,0.12472,Podotheca.gnaphalioides,10
2014,October ,-32.39849397,118.387509,bb2,c,d,bb2cd,461,0.12472,Ceratogyne.obionoides,1
2014,October ,-32.39849397,118.387509,bb2,c,w,bb2cw,317,0.16264,Lawrencella.rosea,5
2014,October ,-32.39849397,118.387509,bb2,c,w,bb2cw,317,0.16264,Waitzia.acuminata,90
2014,October ,-32.39849397,118.387509,bb2,c,w,bb2cw,317,0.16264,Gonocarpus.nodulosus,60
2014,October ,-32.39849397,118.387509,bb2,c,w,bb2cw,317,0.16264,Ursinia.anthemoides,2
2014,October ,-32.39849397,118.387509,bb2,c,w,bb2cw,317,0.16264,sedge,11
2014,October ,-32.39849397,118.387509,bb2,c,w,bb2cw,317,0.16264,Trachymene.cyanopetala,4
2014,October ,-32.39849397,118.387509,bb2,c,w,bb2cw,317,0.16264,Rhodanthe.laevis,1
2014,October ,-32.39849397,118.387509,bb2,c,w,bb2cw,317,0.16264,Hypochaeris.glabra,4
2014,October ,-32.39849397,118.387509,bb2,c,w,bb2cw,317,0.16264,Rhodanthe.citrina,2
2014,October ,-32.39849397,118.387509,bb2,c,w,bb2cw,317,0.16264,Lobelia.sp,2
2014,October ,-32.39849397,118.387509,bb2,k,d,bb2kd,324,NA,Waitzia.acuminata,60
2014,October ,-32.39849397,118.387509,bb2,k,d,bb2kd,324,NA,Gonocarpus.nodulosus,20
2014,October ,-32.39849397,118.387509,bb2,k,d,bb2kd,324,NA,Trachymene.ornata,10
2014,October ,-32.39849397,118.387509,bb2,k,d,bb2kd,324,NA,Hyalosperma.glutinosum.subsp.glutinosum,20
2014,October ,-32.39849397,118.387509,bb2,k,d,bb2kd,324,NA,Ursinia.anthemoides,1
2014,October ,-32.39849397,118.387509,bb2,k,d,bb2kd,324,NA,Podotheca.gnaphalioides,1
2014,October ,-32.39849397,118.387509,bb2,k,w,bb2kw,268,NA,Waitzia.acuminata,100
2014,October ,-32.39849397,118.387509,bb2,k,w,bb2kw,268,NA,Lawrencella.rosea,2
2014,October ,-32.39849397,118.387509,bb2,k,w,bb2kw,268,NA,Rhodanthe.laevis,20
2014,October ,-32.39849397,118.387509,bb2,k,w,bb2kw,268,NA,Gonocarpus.nodulosus,80
2014,October ,-32.39849397,118.387509,bb2,k,w,bb2kw,268,NA,Hypochaeris.glabra,12
2014,October ,-32.39849397,118.387509,bb2,k,w,bb2kw,268,NA,Trachymene.ornata,2
2014,October ,-32.39849397,118.387509,bb2,o,d,bb2od,257,0.10753,Lawrencella.rosea,2
2014,October ,-32.39849397,118.387509,bb2,o,d,bb2od,257,0.10753,Gonocarpus.nodulosus,350
2014,October ,-32.39849397,118.387509,bb2,o,d,bb2od,257,0.10753,Waitzia.acuminata,69
2014,October ,-32.39849397,118.387509,bb2,o,d,bb2od,257,0.10753,Trachymene.cyanopetala,4
2014,October ,-32.39849397,118.387509,bb2,o,d,bb2od,257,0.10753,Ursinia.anthemoides,3
2014,October ,-32.39849397,118.387509,bb2,o,d,bb2od,257,0.10753,Rhodanthe.laevis,8
2014,October ,-32.39849397,118.387509,bb2,o,d,bb2od,257,0.10753,Hypochaeris.glabra,4
2014,October ,-32.39849397,118.387509,bb2,o,d,bb2od,257,0.10753,Lobelia.sp,1
2014,October ,-32.39849397,118.387509,bb2,o,d,bb2od,257,0.10753,Hydrocotyle.pilifera,1
2014,October ,-32.39849397,118.387509,bb2,o,d,bb2od,257,0.10753,Podotheca.gnaphalioides,2
2014,October ,-32.39849397,118.387509,bb2,o,w,bb2ow,295,0.17103,Lawrencella.rosea,4
2014,October ,-32.39849397,118.387509,bb2,o,w,bb2ow,295,0.17103,Waitzia.acuminata,94
2014,October ,-32.39849397,118.387509,bb2,o,w,bb2ow,295,0.17103,Gonocarpus.nodulosus,180
2014,October ,-32.39849397,118.387509,bb2,o,w,bb2ow,295,0.17103,Ursinia.anthemoides,5
2014,October ,-32.39849397,118.387509,bb2,o,w,bb2ow,295,0.17103,Trachymene.cyanopetala,10
2014,October ,-32.39849397,118.387509,bb2,o,w,bb2ow,295,0.17103,Hypochaeris.glabra,2
2014,October ,-32.39849397,118.387509,bb2,o,w,bb2ow,295,0.17103,Podotheca.gnaphalioides,4
2014,October ,-32.39849397,118.387509,bb2,o,w,bb2ow,295,0.17103,Rhodanthe.citrina,2
2014,October ,-32.39801796,118.387232,bb3,c,d,bb3cd,426,0.1062,Hypochaeris.glabra,5
2014,October ,-32.39801796,118.387232,bb3,c,d,bb3cd,426,0.1062,Podotheca.gnaphalioides,15
2014,October ,-32.39801796,118.387232,bb3,c,d,bb3cd,426,0.1062,Rhodanthe.laevis,6
2014,October ,-32.39801796,118.387232,bb3,c,d,bb3cd,426,0.1062,Waitzia.acuminata,12
2014,October ,-32.39801796,118.387232,bb3,c,d,bb3cd,426,0.1062,Rhodanthe.citrina,5
2014,October ,-32.39801796,118.387232,bb3,c,d,bb3cd,426,0.1062,Gonocarpus.nodulosus,120
2014,October ,-32.39801796,118.387232,bb3,c,d,bb3cd,426,0.1062,Trachymene.cyanopetala,2
2014,October ,-32.39801796,118.387232,bb3,c,d,bb3cd,426,0.1062,Brachyscome.iberidifolia,1
2014,October ,-32.39801796,118.387232,bb3,c,w,bb3cw,379,0.18575,Gonocarpus.nodulosus,400
2014,October ,-32.39801796,118.387232,bb3,c,w,bb3cw,379,0.18575,Waitzia.acuminata,48
2014,October ,-32.39801796,118.387232,bb3,c,w,bb3cw,379,0.18575,Podotheca.gnaphalioides,12
2014,October ,-32.39801796,118.387232,bb3,c,w,bb3cw,379,0.18575,Rhodanthe.citrina,4
2014,October ,-32.39801796,118.387232,bb3,c,w,bb3cw,379,0.18575,Monoculus.monstrosus,2
2014,October ,-32.39801796,118.387232,bb3,c,w,bb3cw,379,0.18575,Rhodanthe.laevis,1
2014,October ,-32.39801796,118.387232,bb3,c,w,bb3cw,379,0.18575,Lawrencella.rosea,6
2014,October ,-32.39801796,118.387232,bb3,c,w,bb3cw,379,0.18575,Trachymene.cyanopetala,17
2014,October ,-32.39801796,118.387232,bb3,c,w,bb3cw,379,0.18575,Hypochaeris.glabra,10
2014,October ,-32.39801796,118.387232,bb3,c,w,bb3cw,379,0.18575,Lobelia.sp,2
2014,October ,-32.39801796,118.387232,bb3,k,d,bb3kd,273,NA,Podotheca.gnaphalioides,4
2014,October ,-32.39801796,118.387232,bb3,k,d,bb3kd,273,NA,Waitzia.acuminata,50
2014,October ,-32.39801796,118.387232,bb3,k,d,bb3kd,273,NA,Trachymene.ornata,20
2014,October ,-32.39801796,118.387232,bb3,k,d,bb3kd,273,NA,Rhodanthe.laevis,2
2014,October ,-32.39801796,118.387232,bb3,k,w,bb3kw,304,NA,Rhodanthe.laevis,40
2014,October ,-32.39801796,118.387232,bb3,k,w,bb3kw,304,NA,Podotheca.gnaphalioides,2
2014,October ,-32.39801796,118.387232,bb3,k,w,bb3kw,304,NA,Hypochaeris.glabra,3
2014,October ,-32.39801796,118.387232,bb3,k,w,bb3kw,304,NA,Gonocarpus.nodulosus,200
2014,October ,-32.39801796,118.387232,bb3,k,w,bb3kw,304,NA,Waitzia.acuminata,40
2014,October ,-32.39801796,118.387232,bb3,k,w,bb3kw,304,NA,Trachymene.ornata,3
2014,October ,-32.39801796,118.387232,bb3,k,w,bb3kw,304,NA,Lawrencella.rosea,5
2014,October ,-32.39801796,118.387232,bb3,o,d,bb3od,235,0.36567,Waitzia.acuminata,58
2014,October ,-32.39801796,118.387232,bb3,o,d,bb3od,235,0.36567,Podotheca.gnaphalioides,30
2014,October ,-32.39801796,118.387232,bb3,o,d,bb3od,235,0.36567,Rhodanthe.citrina,17
2014,October ,-32.39801796,118.387232,bb3,o,d,bb3od,235,0.36567,Rhodanthe.laevis,1
2014,October ,-32.39801796,118.387232,bb3,o,d,bb3od,235,0.36567,Brachyscome.iberidifolia,48
2014,October ,-32.39801796,118.387232,bb3,o,d,bb3od,235,0.36567,Gonocarpus.nodulosus,21
2014,October ,-32.39801796,118.387232,bb3,o,d,bb3od,235,0.36567,Phyllangium.sulcatum,7
2014,October ,-32.39801796,118.387232,bb3,o,d,bb3od,235,0.36567,Lobelia.sp,1
2014,October ,-32.39801796,118.387232,bb3,o,d,bb3od,235,0.36567,Hypochaeris.glabra,3
2014,October ,-32.39801796,118.387232,bb3,o,w,bb3ow,216,0.6643,Waitzia.acuminata,29
2014,October ,-32.39801796,118.387232,bb3,o,w,bb3ow,216,0.6643,Podotheca.gnaphalioides,6
2014,October ,-32.39801796,118.387232,bb3,o,w,bb3ow,216,0.6643,Hypochaeris.glabra,34
2014,October ,-32.39801796,118.387232,bb3,o,w,bb3ow,216,0.6643,Nicotiana.rotundifolia,4
2014,October ,-32.39801796,118.387232,bb3,o,w,bb3ow,216,0.6643,Gonocarpus.nodulosus,90
2014,October ,-32.39801796,118.387232,bb3,o,w,bb3ow,216,0.6643,Trachymene.cyanopetala,14
2014,October ,-32.39801796,118.387232,bb3,o,w,bb3ow,216,0.6643,sedge,20
2014,October ,-32.39801796,118.387232,bb3,o,w,bb3ow,216,0.6643,Rhodanthe.citrina,8
2014,October ,-32.39801796,118.387232,bb3,o,w,bb3ow,216,0.6643,Rhodanthe.laevis,3
2014,October ,-32.39801796,118.387232,bb3,o,w,bb3ow,216,0.6643,Monoculus.monstrosus,1
2014,October ,-32.39801796,118.387232,bb3,o,w,bb3ow,216,0.6643,Lawrencella.rosea,1
2014,October ,-32.39801796,118.387232,bb3,o,w,bb3ow,216,0.6643,Trachymene.ornata,2
2014,October ,-32.39801796,118.387232,bb3,o,w,bb3ow,216,0.6643,Arctotheca.calendula,1
2014,October ,-32.39801796,118.387232,bb3,o,w,bb3ow,216,0.6643,Waitzia.acuminata,104
2014,October ,-32.39801796,118.387232,bb3,o,w,bb3ow,216,0.6643,Podotheca.gnaphalioides,21
2014,October ,-32.39801796,118.387232,bb3,o,w,bb3ow,216,0.6643,sedge,80
2014,October ,-32.39801796,118.387232,bb3,o,w,bb3ow,216,0.6643,Gonocarpus.nodulosus,200
2014,October ,-32.39801796,118.387232,bb3,o,w,bb3ow,216,0.6643,Lobelia.sp,3
2014,October ,-32.39801796,118.387232,bb3,o,w,bb3ow,216,0.6643,Lawrencella.rosea,3
2014,October ,-32.39801796,118.387232,bb3,o,w,bb3ow,216,0.6643,Trachymene.ornata,16
2014,October ,-32.39801796,118.387232,bb3,o,w,bb3ow,216,0.6643,Phyllangium.sulcatum,50
2014,October ,-32.39801796,118.387232,bb3,o,w,bb3ow,216,0.6643,Ceratogyne.obionoides,20
2014,October ,-32.39801796,118.387232,bb3,o,w,bb3ow,216,0.6643,Hypochaeris.glabra,3
2014,October ,-32.39801796,118.387232,bb3,o,w,bb3ow,216,0.6643,Hydrocotyle.pilifera,7
2014,October ,-32.39773499,118.387159,bb4,c,d,bb4cd,348,0.66246,Waitzia.acuminata,70
2014,October ,-32.39773499,118.387159,bb4,c,d,bb4cd,348,0.66246,Hypochaeris.glabra,13
2014,October ,-32.39773499,118.387159,bb4,c,d,bb4cd,348,0.66246,Arctotheca.calendula,3
2014,October ,-32.39773499,118.387159,bb4,c,d,bb4cd,348,0.66246,sedge,300
2014,October ,-32.39773499,118.387159,bb4,c,d,bb4cd,348,0.66246,Ursinia.anthemoides,1
2014,October ,-32.39773499,118.387159,bb4,c,d,bb4cd,348,0.66246,Gonocarpus.nodulosus,150
2014,October ,-32.39773499,118.387159,bb4,c,d,bb4cd,348,0.66246,Rhodanthe.manglesii,4
2014,October ,-32.39773499,118.387159,bb4,c,d,bb4cd,348,0.66246,Lawrencella.rosea,11
2014,October ,-32.39773499,118.387159,bb4,c,d,bb4cd,348,0.66246,Rhodanthe.laevis,2
2014,October ,-32.39773499,118.387159,bb4,c,d,bb4cd,348,0.66246,Trachymene.cyanopetala,3
2014,October ,-32.39773499,118.387159,bb4,c,d,bb4cd,348,0.66246,Hydrocotyle.pilifera,1
2014,October ,-32.39773499,118.387159,bb4,c,d,bb4cd,348,0.66246,Podotheca.gnaphalioides,3
2014,October ,-32.39773499,118.387159,bb4,c,w,bb4cw,394,0.61043,Waitzia.acuminata,32
2014,October ,-32.39773499,118.387159,bb4,c,w,bb4cw,394,0.61043,Hypochaeris.glabra,29
2014,October ,-32.39773499,118.387159,bb4,c,w,bb4cw,394,0.61043,Gonocarpus.nodulosus,250
2014,October ,-32.39773499,118.387159,bb4,c,w,bb4cw,394,0.61043,sedge,300
2014,October ,-32.39773499,118.387159,bb4,c,w,bb4cw,394,0.61043,Podotheca.gnaphalioides,4
2014,October ,-32.39773499,118.387159,bb4,c,w,bb4cw,394,0.61043,Lawrencella.rosea,5
2014,October ,-32.39773499,118.387159,bb4,c,w,bb4cw,394,0.61043,Trachymene.ornata,3
2014,October ,-32.39773499,118.387159,bb4,c,w,bb4cw,394,0.61043,Lobelia.sp,2
2014,October ,-32.39773499,118.387159,bb4,c,w,bb4cw,394,0.61043,Rhodanthe.laevis,1
2014,October ,-32.39773499,118.387159,bb4,k,d,bb4kd,423,NA,Pentaschistis.airoides,100
2014,October ,-32.39773499,118.387159,bb4,k,d,bb4kd,423,NA,Waitzia.acuminata,50
2014,October ,-32.39773499,118.387159,bb4,k,d,bb4kd,423,NA,Hypochaeris.glabra,4
2014,October ,-32.39773499,118.387159,bb4,k,w,bb4kw,487,NA,Lawrencella.rosea,4
2014,October ,-32.39773499,118.387159,bb4,k,w,bb4kw,487,NA,Trachymene.ornata,1
2014,October ,-32.39773499,118.387159,bb4,k,w,bb4kw,487,NA,Erodium.sp,1
2014,October ,-32.39773499,118.387159,bb4,k,w,bb4kw,487,NA,Hypochaeris.glabra,15
2014,October ,-32.39773499,118.387159,bb4,k,w,bb4kw,487,NA,Gonocarpus.nodulosus,100
2014,October ,-32.39773499,118.387159,bb4,k,w,bb4kw,487,NA,sedge,200
2014,October ,-32.39773499,118.387159,bb4,k,w,bb4kw,487,NA,Pentaschistis.airoides,50
2014,October ,-32.39773499,118.387159,bb4,k,w,bb4kw,487,NA,Rhodanthe.manglesii,1
2014,October ,-32.39773499,118.387159,bb4,k,w,bb4kw,487,NA,Waitzia.acuminata,30
2014,October ,-32.39773499,118.387159,bb4,k,w,bb4kw,487,NA,Parentucellia.latifolia,8
2014,October ,-32.39773499,118.387159,bb4,k,w,bb4kw,487,NA,Podotheca.gnaphalioides,1
2014,October ,-32.39773499,118.387159,bb4,o,d,bb4od,342,0.66246,sedge,150
2014,October ,-32.39773499,118.387159,bb4,o,d,bb4od,342,0.66246,Lawrencella.rosea,9
2014,October ,-32.39773499,118.387159,bb4,o,d,bb4od,342,0.66246,Waitzia.acuminata,78
2014,October ,-32.39773499,118.387159,bb4,o,d,bb4od,342,0.66246,Hypochaeris.glabra,43
2014,October ,-32.39773499,118.387159,bb4,o,d,bb4od,342,0.66246,Gonocarpus.nodulosus,200
2014,October ,-32.39773499,118.387159,bb4,o,d,bb4od,342,0.66246,Podotheca.gnaphalioides,4
2014,October ,-32.39773499,118.387159,bb4,o,d,bb4od,342,0.66246,Trachymene.cyanopetala,12
2014,October ,-32.39773499,118.387159,bb4,o,d,bb4od,342,0.66246,Erodium.sp,1
2014,October ,-32.39773499,118.387159,bb4,o,w,bb4ow,252,0.61043,Waitzia.acuminata,29
2014,October ,-32.39773499,118.387159,bb4,o,w,bb4ow,252,0.61043,Podotheca.gnaphalioides,6
2014,October ,-32.39773499,118.387159,bb4,o,w,bb4ow,252,0.61043,Hypochaeris.glabra,34
2014,October ,-32.39773499,118.387159,bb4,o,w,bb4ow,252,0.61043,Nicotiana.rotundifolia,4
2014,October ,-32.39773499,118.387159,bb4,o,w,bb4ow,252,0.61043,Gonocarpus.nodulosus,90
2014,October ,-32.39773499,118.387159,bb4,o,w,bb4ow,252,0.61043,Trachymene.cyanopetala,14
2014,October ,-32.39773499,118.387159,bb4,o,w,bb4ow,252,0.61043,sedge,20
2014,October ,-32.39773499,118.387159,bb4,o,w,bb4ow,252,0.61043,Rhodanthe.citrina,8
2014,October ,-32.39773499,118.387159,bb4,o,w,bb4ow,252,0.61043,Rhodanthe.laevis,3
2014,October ,-32.39773499,118.387159,bb4,o,w,bb4ow,252,0.61043,Monoculus.monstrosus,1
2014,October ,-32.39773499,118.387159,bb4,o,w,bb4ow,252,0.61043,Lawrencella.rosea,1
2014,October ,-32.39773499,118.387159,bb4,o,w,bb4ow,252,0.61043,Trachymene.ornata,2
2014,October ,-32.39773499,118.387159,bb4,o,w,bb4ow,252,0.61043,Arctotheca.calendula,1
2014,October ,-32.39770398,118.386957,bb5,c,d,bb5cd,247,0.22002,Waitzia.acuminata,63
2014,October ,-32.39770398,118.386957,bb5,c,d,bb5cd,247,0.22002,Gonocarpus.nodulosus,140
2014,October ,-32.39770398,118.386957,bb5,c,d,bb5cd,247,0.22002,Lawrencella.rosea,11
2014,October ,-32.39770398,118.386957,bb5,c,d,bb5cd,247,0.22002,Rhodanthe.manglesii,4
2014,October ,-32.39770398,118.386957,bb5,c,d,bb5cd,247,0.22002,Parentucellia.latifolia,8
2014,October ,-32.39770398,118.386957,bb5,c,d,bb5cd,247,0.22002,Podolepis.lessonii,5
2014,October ,-32.39770398,118.386957,bb5,c,d,bb5cd,247,0.22002,Rhodanthe.citrina,9
2014,October ,-32.39770398,118.386957,bb5,c,d,bb5cd,247,0.22002,Rhodanthe.laevis,10
2014,October ,-32.39770398,118.386957,bb5,c,d,bb5cd,247,0.22002,sedge,54
2014,October ,-32.39770398,118.386957,bb5,c,d,bb5cd,247,0.22002,Trachymene.cyanopetala,7
2014,October ,-32.39770398,118.386957,bb5,c,d,bb5cd,247,0.22002,Ceratogyne.obionoides,2
2014,October ,-32.39770398,118.386957,bb5,c,d,bb5cd,247,0.22002,Hypochaeris.glabra,1
2014,October ,-32.39770398,118.386957,bb5,c,d,bb5cd,247,0.22002,Lobelia.sp,3
2014,October ,-32.39770398,118.386957,bb5,c,d,bb5cd,247,0.22002,Nicotiana.rotundifolia,1
2014,October ,-32.39770398,118.386957,bb5,c,w,bb5cw,225,0.15275,Waitzia.acuminata,68
2014,October ,-32.39770398,118.386957,bb5,c,w,bb5cw,225,0.15275,Rhodanthe.manglesii,26
2014,October ,-32.39770398,118.386957,bb5,c,w,bb5cw,225,0.15275,Trachymene.cyanopetala,18
2014,October ,-32.39770398,118.386957,bb5,c,w,bb5cw,225,0.15275,sedge,110
2014,October ,-32.39770398,118.386957,bb5,c,w,bb5cw,225,0.15275,Ceratogyne.obionoides,1
2014,October ,-32.39770398,118.386957,bb5,c,w,bb5cw,225,0.15275,Hypochaeris.glabra,2
2014,October ,-32.39770398,118.386957,bb5,c,w,bb5cw,225,0.15275,Gonocarpus.nodulosus,55
2014,October ,-32.39770398,118.386957,bb5,c,w,bb5cw,225,0.15275,Rhodanthe.laevis,21
2014,October ,-32.39770398,118.386957,bb5,c,w,bb5cw,225,0.15275,Parentucellia.latifolia,1
2014,October ,-32.39770398,118.386957,bb5,c,w,bb5cw,225,0.15275,Rhodanthe.citrina,1
2014,October ,-32.39770398,118.386957,bb5,c,w,bb5cw,225,0.15275,Blennospora.drummondii,3
2014,October ,-32.39770398,118.386957,bb5,k,d,bb5kd,203,NA,Waitzia.acuminata,15
2014,October ,-32.39770398,118.386957,bb5,k,d,bb5kd,203,NA,Pentaschistis.airoides,50
2014,October ,-32.39770398,118.386957,bb5,k,d,bb5kd,203,NA,Rhodanthe.manglesii,1
2014,October ,-32.39770398,118.386957,bb5,k,d,bb5kd,203,NA,Hyalosperma.glutinosum.subsp.glutinosum,4
2014,October ,-32.39770398,118.386957,bb5,k,d,bb5kd,203,NA,Brachyscome.iberidifolia,1
2014,October ,-32.39770398,118.386957,bb5,k,w,bb5kw,284,NA,Podotheca.gnaphalioides,6
2014,October ,-32.39770398,118.386957,bb5,k,w,bb5kw,284,NA,Rhodanthe.laevis,3
2014,October ,-32.39770398,118.386957,bb5,k,w,bb5kw,284,NA,Rhodanthe.manglesii,5
2014,October ,-32.39770398,118.386957,bb5,k,w,bb5kw,284,NA,Waitzia.acuminata,20
2014,October ,-32.39770398,118.386957,bb5,k,w,bb5kw,284,NA,Gonocarpus.nodulosus,100
2014,October ,-32.39770398,118.386957,bb5,k,w,bb5kw,284,NA,Hypochaeris.glabra,4
2014,October ,-32.39770398,118.386957,bb5,k,w,bb5kw,284,NA,Ceratogyne.obionoides,1
2014,October ,-32.39770398,118.386957,bb5,k,w,bb5kw,284,NA,Lawrencella.rosea,3
2014,October ,-32.39770398,118.386957,bb5,k,w,bb5kw,284,NA,Trachymene.ornata,5
2014,October ,-32.39770398,118.386957,bb5,o,d,bb5od,397,0.22002,Waitzia.acuminata,27
2014,October ,-32.39770398,118.386957,bb5,o,d,bb5od,397,0.22002,Podotheca.gnaphalioides,2
2014,October ,-32.39770398,118.386957,bb5,o,d,bb5od,397,0.22002,Podolepis.lessonii,20
2014,October ,-32.39770398,118.386957,bb5,o,d,bb5od,397,0.22002,Rhodanthe.manglesii,31
2014,October ,-32.39770398,118.386957,bb5,o,d,bb5od,397,0.22002,Trachymene.ornata,1
2014,October ,-32.39770398,118.386957,bb5,o,d,bb5od,397,0.22002,Lawrencella.rosea,4
2014,October ,-32.39770398,118.386957,bb5,o,d,bb5od,397,0.22002,Hypochaeris.glabra,3
2014,October ,-32.39770398,118.386957,bb5,o,d,bb5od,397,0.22002,Gonocarpus.nodulosus,240
2014,October ,-32.39770398,118.386957,bb5,o,d,bb5od,397,0.22002,sedge,400
2014,October ,-32.39770398,118.386957,bb5,o,d,bb5od,397,0.22002,Hydrocotyle.pilifera,1
2014,October ,-32.39770398,118.386957,bb5,o,d,bb5od,397,0.22002,Rhodanthe.laevis,1
2014,October ,-32.39770398,118.386957,bb5,o,d,bb5od,397,0.22002,Parentucellia.latifolia,1
2014,October ,-32.39770398,118.386957,bb5,o,d,bb5od,397,0.22002,Velleia.cycnopotamica,2
2014,October ,-32.39770398,118.386957,bb5,o,d,bb5od,397,0.22002,Ceratogyne.obionoides,3
2014,October ,-32.39770398,118.386957,bb5,o,w,bb5ow,366,0.15275,Waitzia.acuminata,47
2014,October ,-32.39770398,118.386957,bb5,o,w,bb5ow,366,0.15275,Trachymene.ornata,30
2014,October ,-32.39770398,118.386957,bb5,o,w,bb5ow,366,0.15275,Brachyscome.iberidifolia,23
2014,October ,-32.39770398,118.386957,bb5,o,w,bb5ow,366,0.15275,Podotheca.gnaphalioides,3
2014,October ,-32.39770398,118.386957,bb5,o,w,bb5ow,366,0.15275,Gonocarpus.nodulosus,57
2014,October ,-32.39770398,118.386957,bb5,o,w,bb5ow,366,0.15275,Rhodanthe.laevis,2
2014,October ,-32.39770398,118.386957,bb5,o,w,bb5ow,366,0.15275,Rhodanthe.manglesii,11
2014,October ,-32.39770398,118.386957,bb5,o,w,bb5ow,366,0.15275,Rhodanthe.citrina,4
2014,October ,-32.39770398,118.386957,bb5,o,w,bb5ow,366,0.15275,Blennospora.drummondii,3
2014,October ,-32.39770398,118.386957,bb5,o,w,bb5ow,366,0.15275,Ceratogyne.obionoides,1
2014,October ,-32.39770398,118.386957,bb5,o,w,bb5ow,366,0.15275,sedge,55
2014,October ,-32.39655398,118.387843,bb6,c,d,bb6cd,453,0.24704,Waitzia.acuminata,27
2014,October ,-32.39655398,118.387843,bb6,c,d,bb6cd,453,0.24704,Rhodanthe.manglesii,20
2014,October ,-32.39655398,118.387843,bb6,c,d,bb6cd,453,0.24704,Podolepis.lessonii,7
2014,October ,-32.39655398,118.387843,bb6,c,d,bb6cd,453,0.24704,Erodium.sp,3
2014,October ,-32.39655398,118.387843,bb6,c,d,bb6cd,453,0.24704,Rhodanthe.citrina,17
2014,October ,-32.39655398,118.387843,bb6,c,d,bb6cd,453,0.24704,Brachyscome.iberidifolia,26
2014,October ,-32.39655398,118.387843,bb6,c,d,bb6cd,453,0.24704,Velleia.cycnopotamica,12
2014,October ,-32.39655398,118.387843,bb6,c,d,bb6cd,453,0.24704,Goodenia.berardiana,2
2014,October ,-32.39655398,118.387843,bb6,c,d,bb6cd,453,0.24704,Trachymene.cyanopetala,23
2014,October ,-32.39655398,118.387843,bb6,c,d,bb6cd,453,0.24704,Gonocarpus.nodulosus,7
2014,October ,-32.39655398,118.387843,bb6,c,d,bb6cd,453,0.24704,Hydrocotyle.pilifera,5
2014,October ,-32.39655398,118.387843,bb6,c,d,bb6cd,453,0.24704,Lobelia.sp,3
2014,October ,-32.39655398,118.387843,bb6,c,d,bb6cd,453,0.24704,Parentucellia.latifolia,3
2014,October ,-32.39655398,118.387843,bb6,c,d,bb6cd,453,0.24704,Hypochaeris.glabra,2
2014,October ,-32.39655398,118.387843,bb6,c,w,bb6cw,427,0.10927,Lawrencella.rosea,10
2014,October ,-32.39655398,118.387843,bb6,c,w,bb6cw,427,0.10927,Rhodanthe.manglesii,2
2014,October ,-32.39655398,118.387843,bb6,c,w,bb6cw,427,0.10927,Waitzia.acuminata,81
2014,October ,-32.39655398,118.387843,bb6,c,w,bb6cw,427,0.10927,Trachymene.cyanopetala,34
2014,October ,-32.39655398,118.387843,bb6,c,w,bb6cw,427,0.10927,Goodenia.berardiana,9
2014,October ,-32.39655398,118.387843,bb6,c,w,bb6cw,427,0.10927,Hydrocotyle.pilifera,9
2014,October ,-32.39655398,118.387843,bb6,c,w,bb6cw,427,0.10927,Velleia.cycnopotamica,26
2014,October ,-32.39655398,118.387843,bb6,c,w,bb6cw,427,0.10927,Gonocarpus.nodulosus,18
2014,October ,-32.39655398,118.387843,bb6,c,w,bb6cw,427,0.10927,sedge,20
2014,October ,-32.39655398,118.387843,bb6,c,w,bb6cw,427,0.10927,Brachyscome.iberidifolia,4
2014,October ,-32.39655398,118.387843,bb6,c,w,bb6cw,427,0.10927,Lobelia.sp,3
2014,October ,-32.39655398,118.387843,bb6,k,d,bb6kd,214,NA,Podotheca.gnaphalioides,7
2014,October ,-32.39655398,118.387843,bb6,k,d,bb6kd,214,NA,Waitzia.acuminata,20
2014,October ,-32.39655398,118.387843,bb6,k,d,bb6kd,214,NA,Hyalosperma.glutinosum.subsp.glutinosum,7
2014,October ,-32.39655398,118.387843,bb6,k,w,bb6kw,208,NA,Waitzia.acuminata,15
2014,October ,-32.39655398,118.387843,bb6,k,w,bb6kw,208,NA,Rhodanthe.laevis,20
2014,October ,-32.39655398,118.387843,bb6,k,w,bb6kw,208,NA,Lawrencella.rosea,10
2014,October ,-32.39655398,118.387843,bb6,k,w,bb6kw,208,NA,Trachymene.cyanopetala,15
2014,October ,-32.39655398,118.387843,bb6,k,w,bb6kw,208,NA,Velleia.cycnopotamica,5
2014,October ,-32.39655398,118.387843,bb6,k,w,bb6kw,208,NA,Hydrocotyle.pilifera,10
2014,October ,-32.39655398,118.387843,bb6,o,d,bb6od,475,0.16518,Rhodanthe.manglesii,15
2014,October ,-32.39655398,118.387843,bb6,o,d,bb6od,475,0.16518,Waitzia.acuminata,39
2014,October ,-32.39655398,118.387843,bb6,o,d,bb6od,475,0.16518,Podolepis.lessonii,10
2014,October ,-32.39655398,118.387843,bb6,o,d,bb6od,475,0.16518,Trachymene.cyanopetala,19
2014,October ,-32.39655398,118.387843,bb6,o,d,bb6od,475,0.16518,Brachyscome.iberidifolia,6
2014,October ,-32.39655398,118.387843,bb6,o,d,bb6od,475,0.16518,Hypochaeris.glabra,3
2014,October ,-32.39655398,118.387843,bb6,o,d,bb6od,475,0.16518,Parentucellia.latifolia,4
2014,October ,-32.39655398,118.387843,bb6,o,d,bb6od,475,0.16518,Gonocarpus.nodulosus,4
2014,October ,-32.39655398,118.387843,bb6,o,d,bb6od,475,0.16518,Phyllangium.sulcatum,61
2014,October ,-32.39655398,118.387843,bb6,o,d,bb6od,475,0.16518,Levenhookia.dubia,12
2014,October ,-32.39655398,118.387843,bb6,o,d,bb6od,475,0.16518,Ceratogyne.obionoides,4
2014,October ,-32.39655398,118.387843,bb6,o,d,bb6od,475,0.16518,Velleia.cycnopotamica,6
2014,October ,-32.39655398,118.387843,bb6,o,d,bb6od,475,0.16518,Goodenia.berardiana,8
2014,October ,-32.39655398,118.387843,bb6,o,d,bb6od,475,0.16518,Lobelia.sp,2
2014,October ,-32.39655398,118.387843,bb6,o,d,bb6od,475,0.16518,Rhodanthe.citrina,2
2014,October ,-32.39655398,118.387843,bb6,o,d,bb6od,475,0.16518,Hydrocotyle.pilifera,6
2014,October ,-32.39655398,118.387843,bb6,o,w,bb6ow,387,0.50175,Lawrencella.rosea,5
2014,October ,-32.39655398,118.387843,bb6,o,w,bb6ow,387,0.50175,Rhodanthe.manglesii,21
2014,October ,-32.39655398,118.387843,bb6,o,w,bb6ow,387,0.50175,Waitzia.acuminata,63
2014,October ,-32.39655398,118.387843,bb6,o,w,bb6ow,387,0.50175,Erodium.sp,1
2014,October ,-32.39655398,118.387843,bb6,o,w,bb6ow,387,0.50175,Podotheca.gnaphalioides,2
2014,October ,-32.39655398,118.387843,bb6,o,w,bb6ow,387,0.50175,Gonocarpus.nodulosus,18
2014,October ,-32.39655398,118.387843,bb6,o,w,bb6ow,387,0.50175,Brachyscome.iberidifolia,9
2014,October ,-32.39655398,118.387843,bb6,o,w,bb6ow,387,0.50175,Hypochaeris.glabra,1
2014,October ,-32.39655398,118.387843,bb6,o,w,bb6ow,387,0.50175,Trachymene.cyanopetala,13
2014,October ,-32.39655398,118.387843,bb6,o,w,bb6ow,387,0.50175,Velleia.cycnopotamica,7
2014,October ,-32.39655398,118.387843,bb6,o,w,bb6ow,387,0.50175,Hydrocotyle.pilifera,4
2014,October ,-32.39655398,118.387843,bb6,o,w,bb6ow,387,0.50175,sedge,50
2014,October ,-32.39655398,118.387843,bb6,o,w,bb6ow,387,0.50175,Lobelia.sp,6
2014,October ,-32.39655398,118.387843,bb6,o,w,bb6ow,387,0.50175,Ursinia.anthemoides,1
2014,October ,-32.39655398,118.387843,bb6,o,w,bb6ow,387,0.50175,Podolepis.canescens,3
2014,October ,-32.39625701,118.388056,bb7,c,d,bb7cd,432,0.67643,Hypochaeris.glabra,18
2014,October ,-32.39625701,118.388056,bb7,c,d,bb7cd,432,0.67643,Waitzia.acuminata,87
2014,October ,-32.39625701,118.388056,bb7,c,d,bb7cd,432,0.67643,Goodenia.berardiana,2
2014,October ,-32.39625701,118.388056,bb7,c,d,bb7cd,432,0.67643,Podotheca.gnaphalioides,11
2014,October ,-32.39625701,118.388056,bb7,c,d,bb7cd,432,0.67643,Lawrencella.rosea,4
2014,October ,-32.39625701,118.388056,bb7,c,d,bb7cd,432,0.67643,Gonocarpus.nodulosus,145
2014,October ,-32.39625701,118.388056,bb7,c,d,bb7cd,432,0.67643,Rhodanthe.manglesii,8
2014,October ,-32.39625701,118.388056,bb7,c,d,bb7cd,432,0.67643,Ursinia.anthemoides,3
2014,October ,-32.39625701,118.388056,bb7,c,d,bb7cd,432,0.67643,sedge,350
2014,October ,-32.39625701,118.388056,bb7,c,d,bb7cd,432,0.67643,Phyllangium.sulcatum,50
2014,October ,-32.39625701,118.388056,bb7,c,d,bb7cd,432,0.67643,Lobelia.sp,2
2014,October ,-32.39625701,118.388056,bb7,c,d,bb7cd,432,0.67643,Ceratogyne.obionoides,2
2014,October ,-32.39625701,118.388056,bb7,c,d,bb7cd,432,0.67643,Rhodanthe.citrina,5
2014,October ,-32.39625701,118.388056,bb7,c,d,bb7cd,432,0.67643,Nicotiana.rotundifolia,2
2014,October ,-32.39625701,118.388056,bb7,c,w,bb7cw,278,0.46848,Podotheca.gnaphalioides,10
2014,October ,-32.39625701,118.388056,bb7,c,w,bb7cw,278,0.46848,Rhodanthe.manglesii,34
2014,October ,-32.39625701,118.388056,bb7,c,w,bb7cw,278,0.46848,Gonocarpus.nodulosus,150
2014,October ,-32.39625701,118.388056,bb7,c,w,bb7cw,278,0.46848,Trachymene.cyanopetala,12
2014,October ,-32.39625701,118.388056,bb7,c,w,bb7cw,278,0.46848,Hydrocotyle.pilifera,4
2014,October ,-32.39625701,118.388056,bb7,c,w,bb7cw,278,0.46848,Lobelia.sp,3
2014,October ,-32.39625701,118.388056,bb7,c,w,bb7cw,278,0.46848,Hypochaeris.glabra,6
2014,October ,-32.39625701,118.388056,bb7,c,w,bb7cw,278,0.46848,sedge,100
2014,October ,-32.39625701,118.388056,bb7,c,w,bb7cw,278,0.46848,Waitzia.acuminata,29
2014,October ,-32.39625701,118.388056,bb7,c,w,bb7cw,278,0.46848,Rhodanthe.citrina,1
2014,October ,-32.39625701,118.388056,bb7,c,w,bb7cw,278,0.46848,Brachyscome.iberidifolia,3
2014,October ,-32.39625701,118.388056,bb7,c,w,bb7cw,278,0.46848,Ceratogyne.obionoides,2
2014,October ,-32.39625701,118.388056,bb7,k,d,bb7kd,312,NA,Pentaschistis.airoides,100
2014,October ,-32.39625701,118.388056,bb7,k,d,bb7kd,312,NA,Waitzia.acuminata,40
2014,October ,-32.39625701,118.388056,bb7,k,d,bb7kd,312,NA,Hypochaeris.glabra,6
2014,October ,-32.39625701,118.388056,bb7,k,d,bb7kd,312,NA,Podotheca.gnaphalioides,3
2014,October ,-32.39625701,118.388056,bb7,k,d,bb7kd,312,NA,Rhodanthe.manglesii,10
2014,October ,-32.39625701,118.388056,bb7,k,d,bb7kd,312,NA,Gonocarpus.nodulosus,20
2014,October ,-32.39625701,118.388056,bb7,k,w,bb7kw,345,NA,Hypochaeris.glabra,7
2014,October ,-32.39625701,118.388056,bb7,k,w,bb7kw,345,NA,Rhodanthe.manglesii,1
2014,October ,-32.39625701,118.388056,bb7,k,w,bb7kw,345,NA,Lawrencella.rosea,40
2014,October ,-32.39625701,118.388056,bb7,k,w,bb7kw,345,NA,Waitzia.acuminata,40
2014,October ,-32.39625701,118.388056,bb7,k,w,bb7kw,345,NA,Pentaschistis.airoides,100
2014,October ,-32.39625701,118.388056,bb7,k,w,bb7kw,345,NA,Rhodanthe.laevis,50
2014,October ,-32.39625701,118.388056,bb7,k,w,bb7kw,345,NA,Podotheca.gnaphalioides,2
2014,October ,-32.39625701,118.388056,bb7,k,w,bb7kw,345,NA,Ursinia.anthemoides,1
2014,October ,-32.39625701,118.388056,bb7,o,d,bb7od,300,0.40864,Waitzia.acuminata,120
2014,October ,-32.39625701,118.388056,bb7,o,d,bb7od,300,0.40864,Hypochaeris.glabra,21
2014,October ,-32.39625701,118.388056,bb7,o,d,bb7od,300,0.40864,Arctotheca.calendula,3
2014,October ,-32.39625701,118.388056,bb7,o,d,bb7od,300,0.40864,Gonocarpus.nodulosus,27
2014,October ,-32.39625701,118.388056,bb7,o,d,bb7od,300,0.40864,Lawrencella.rosea,9
2014,October ,-32.39625701,118.388056,bb7,o,d,bb7od,300,0.40864,Avena.barbata,2
2014,October ,-32.39625701,118.388056,bb7,o,d,bb7od,300,0.40864,Ceratogyne.obionoides,5
2014,October ,-32.39625701,118.388056,bb7,o,d,bb7od,300,0.40864,sedge,450
2014,October ,-32.39625701,118.388056,bb7,o,d,bb7od,300,0.40864,Ursinia.anthemoides,2
2014,October ,-32.39625701,118.388056,bb7,o,d,bb7od,300,0.40864,Rhodanthe.manglesii,25
2014,October ,-32.39625701,118.388056,bb7,o,d,bb7od,300,0.40864,Podotheca.gnaphalioides,1
2014,October ,-32.39625701,118.388056,bb7,o,d,bb7od,300,0.40864,Levenhookia.dubia,4
2014,October ,-32.39625701,118.388056,bb7,o,w,bb7ow,316,0.68862,Arctotheca.calendula,6
2014,October ,-32.39625701,118.388056,bb7,o,w,bb7ow,316,0.68862,Rhodanthe.manglesii,32
2014,October ,-32.39625701,118.388056,bb7,o,w,bb7ow,316,0.68862,Waitzia.acuminata,42
2014,October ,-32.39625701,118.388056,bb7,o,w,bb7ow,316,0.68862,Podotheca.gnaphalioides,10
2014,October ,-32.39625701,118.388056,bb7,o,w,bb7ow,316,0.68862,Gonocarpus.nodulosus,58
2014,October ,-32.39625701,118.388056,bb7,o,w,bb7ow,316,0.68862,Hypochaeris.glabra,25
2014,October ,-32.39625701,118.388056,bb7,o,w,bb7ow,316,0.68862,Velleia.cycnopotamica,2
2014,October ,-32.39625701,118.388056,bb7,o,w,bb7ow,316,0.68862,Trachymene.cyanopetala,11
2014,October ,-32.39625701,118.388056,bb7,o,w,bb7ow,316,0.68862,Hydrocotyle.pilifera,7
2014,October ,-32.39625701,118.388056,bb7,o,w,bb7ow,316,0.68862,sedge,20
2014,October ,-32.39625701,118.388056,bb7,o,w,bb7ow,316,0.68862,Phyllangium.sulcatum,5
2014,October ,-32.39625701,118.388056,bb7,o,w,bb7ow,316,0.68862,Brachyscome.iberidifolia,6
2014,October ,-32.39625701,118.388056,bb7,o,w,bb7ow,316,0.68862,Lawrencella.rosea,5
2014,October ,-32.39625701,118.388056,bb7,o,w,bb7ow,316,0.68862,Calandrinia.eremaea,1
2014,October ,-32.39620504,118.389072,bb8,c,d,bb8cd,259,0.76062,Podotheca.gnaphalioides,18
2014,October ,-32.39620504,118.389072,bb8,c,d,bb8cd,259,0.76062,Waitzia.acuminata,35
2014,October ,-32.39620504,118.389072,bb8,c,d,bb8cd,259,0.76062,Trachymene.ornata,14
2014,October ,-32.39620504,118.389072,bb8,c,d,bb8cd,259,0.76062,Hypochaeris.glabra,28
2014,October ,-32.39620504,118.389072,bb8,c,d,bb8cd,259,0.76062,Gonocarpus.nodulosus,21
2014,October ,-32.39620504,118.389072,bb8,c,d,bb8cd,259,0.76062,Phyllangium.sulcatum,35
2014,October ,-32.39620504,118.389072,bb8,c,d,bb8cd,259,0.76062,Ceratogyne.obionoides,3
2014,October ,-32.39620504,118.389072,bb8,c,d,bb8cd,259,0.76062,lance waac,2
2014,October ,-32.39620504,118.389072,bb8,c,d,bb8cd,259,0.76062,Rhodanthe.citrina,15
2014,October ,-32.39620504,118.389072,bb8,c,d,bb8cd,259,0.76062,Lobelia.sp,6
2014,October ,-32.39620504,118.389072,bb8,c,w,bb8cw,489,0.22524,Waitzia.acuminata,40
2014,October ,-32.39620504,118.389072,bb8,c,w,bb8cw,489,0.22524,Rhodanthe.manglesii,107
2014,October ,-32.39620504,118.389072,bb8,c,w,bb8cw,489,0.22524,Trachymene.ornata,17
2014,October ,-32.39620504,118.389072,bb8,c,w,bb8cw,489,0.22524,Lawrencella.rosea,2
2014,October ,-32.39620504,118.389072,bb8,c,w,bb8cw,489,0.22524,Podotheca.gnaphalioides,6
2014,October ,-32.39620504,118.389072,bb8,c,w,bb8cw,489,0.22524,Lobelia.sp,3
2014,October ,-32.39620504,118.389072,bb8,c,w,bb8cw,489,0.22524,Hypochaeris.glabra,20
2014,October ,-32.39620504,118.389072,bb8,c,w,bb8cw,489,0.22524,Brachyscome.iberidifolia,6
2014,October ,-32.39620504,118.389072,bb8,c,w,bb8cw,489,0.22524,Rhodanthe.citrina,13
2014,October ,-32.39620504,118.389072,bb8,c,w,bb8cw,489,0.22524,Rhodanthe.laevis,20
2014,October ,-32.39620504,118.389072,bb8,c,w,bb8cw,489,0.22524,Arctotheca.calendula,1
2014,October ,-32.39620504,118.389072,bb8,c,w,bb8cw,489,0.22524,Daucus.glochidiatus,1
2014,October ,-32.39620504,118.389072,bb8,c,w,bb8cw,489,0.22524,lance waac,3
2014,October ,-32.39620504,118.389072,bb8,c,w,bb8cw,489,0.22524,Ceratogyne.obionoides,22
2014,October ,-32.39620504,118.389072,bb8,c,w,bb8cw,489,0.22524,sedge,80
2014,October ,-32.39620504,118.389072,bb8,c,w,bb8cw,489,0.22524,Erodium.sp,1
2014,October ,-32.39620504,118.389072,bb8,c,w,bb8cw,489,0.22524,Hydrocotyle.pilifera,3
2014,October ,-32.39620504,118.389072,bb8,c,w,bb8cw,489,0.22524,Gonocarpus.nodulosus,25
2014,October ,-32.39620504,118.389072,bb8,k,d,bb8kd,319,NA,Waitzia.acuminata,20
2014,October ,-32.39620504,118.389072,bb8,k,d,bb8kd,319,NA,Podotheca.gnaphalioides,7
2014,October ,-32.39620504,118.389072,bb8,k,d,bb8kd,319,NA,Hypochaeris.glabra,2
2014,October ,-32.39620504,118.389072,bb8,k,d,bb8kd,319,NA,Brachyscome.iberidifolia,8
2014,October ,-32.39620504,118.389072,bb8,k,d,bb8kd,319,NA,Hyalosperma.glutinosum.subsp.glutinosum,2
2014,October ,-32.39620504,118.389072,bb8,k,d,bb8kd,319,NA,Phyllangium.sulcatum,10
2014,October ,-32.39620504,118.389072,bb8,k,d,bb8kd,319,NA,Gonocarpus.nodulosus,10
2014,October ,-32.39620504,118.389072,bb8,k,d,bb8kd,319,NA,Pentaschistis.airoides,5
2014,October ,-32.39620504,118.389072,bb8,k,w,bb8kw,248,NA,Trachymene.ornata,12
2014,October ,-32.39620504,118.389072,bb8,k,w,bb8kw,248,NA,Rhodanthe.laevis,50
2014,October ,-32.39620504,118.389072,bb8,k,w,bb8kw,248,NA,Podotheca.gnaphalioides,4
2014,October ,-32.39620504,118.389072,bb8,k,w,bb8kw,248,NA,Lawrencella.rosea,3
2014,October ,-32.39620504,118.389072,bb8,k,w,bb8kw,248,NA,Waitzia.acuminata,50
2014,October ,-32.39620504,118.389072,bb8,k,w,bb8kw,248,NA,Gonocarpus.nodulosus,100
2014,October ,-32.39620504,118.389072,bb8,k,w,bb8kw,248,NA,Hypochaeris.glabra,5
2014,October ,-32.39620504,118.389072,bb8,o,d,bb8od,431,0.57498,Podotheca.gnaphalioides,27
2014,October ,-32.39620504,118.389072,bb8,o,d,bb8od,431,0.57498,Waitzia.acuminata,45
2014,October ,-32.39620504,118.389072,bb8,o,d,bb8od,431,0.57498,Hypochaeris.glabra,5
2014,October ,-32.39620504,118.389072,bb8,o,d,bb8od,431,0.57498,Lobelia.sp,3
2014,October ,-32.39620504,118.389072,bb8,o,d,bb8od,431,0.57498,Hydrocotyle.pilifera,2
2014,October ,-32.39620504,118.389072,bb8,o,d,bb8od,431,0.57498,Gonocarpus.nodulosus,40
2014,October ,-32.39620504,118.389072,bb8,o,d,bb8od,431,0.57498,Nicotiana.rotundifolia,4
2014,October ,-32.39620504,118.389072,bb8,o,d,bb8od,431,0.57498,Phyllangium.sulcatum,4
2014,October ,-32.39620504,118.389072,bb8,o,d,bb8od,431,0.57498,lance waac,4
2014,October ,-32.39620504,118.389072,bb8,o,d,bb8od,431,0.57498,Rhodanthe.citrina,13
2014,October ,-32.39620504,118.389072,bb8,o,d,bb8od,431,0.57498,Rhodanthe.laevis,2
2014,October ,-32.39620504,118.389072,bb8,o,d,bb8od,431,0.57498,Trachymene.ornata,2
2014,October ,-32.39620504,118.389072,bb8,o,d,bb8od,431,0.57498,Rhodanthe.manglesii,13
2014,October ,-32.39620504,118.389072,bb8,o,d,bb8od,431,0.57498,Arctotheca.calendula,1
2014,October ,-32.39620504,118.389072,bb8,o,d,bb8od,431,0.57498,Ursinia.anthemoides,1
2014,October ,-32.39620504,118.389072,bb8,o,w,bb8ow,437,0.3478,Podotheca.gnaphalioides,18
2014,October ,-32.39620504,118.389072,bb8,o,w,bb8ow,437,0.3478,Waitzia.acuminata,60
2014,October ,-32.39620504,118.389072,bb8,o,w,bb8ow,437,0.3478,Trachymene.ornata,6
2014,October ,-32.39620504,118.389072,bb8,o,w,bb8ow,437,0.3478,Brachyscome.iberidifolia,4
2014,October ,-32.39620504,118.389072,bb8,o,w,bb8ow,437,0.3478,Lawrencella.rosea,7
2014,October ,-32.39620504,118.389072,bb8,o,w,bb8ow,437,0.3478,Lobelia.sp,7
2014,October ,-32.39620504,118.389072,bb8,o,w,bb8ow,437,0.3478,Rhodanthe.manglesii,22
2014,October ,-32.39620504,118.389072,bb8,o,w,bb8ow,437,0.3478,Nicotiana.rotundifolia,7
2014,October ,-32.39620504,118.389072,bb8,o,w,bb8ow,437,0.3478,Rhodanthe.citrina,10
2014,October ,-32.39620504,118.389072,bb8,o,w,bb8ow,437,0.3478,Phyllangium.sulcatum,15
2014,October ,-32.39620504,118.389072,bb8,o,w,bb8ow,437,0.3478,Hypochaeris.glabra,16
2014,October ,-32.39620504,118.389072,bb8,o,w,bb8ow,437,0.3478,lance waac,3
2014,October ,-32.39620504,118.389072,bb8,o,w,bb8ow,437,0.3478,Rhodanthe.laevis,5
2014,October ,-32.39603799,118.388888,bb9,c,d,bb9cd,474,0.3675,Hypochaeris.glabra,20
2014,October ,-32.39603799,118.388888,bb9,c,d,bb9cd,474,0.3675,Waitzia.acuminata,100
2014,October ,-32.39603799,118.388888,bb9,c,d,bb9cd,474,0.3675,Rhodanthe.manglesii,6
2014,October ,-32.39603799,118.388888,bb9,c,d,bb9cd,474,0.3675,Gonocarpus.nodulosus,35
2014,October ,-32.39603799,118.388888,bb9,c,d,bb9cd,474,0.3675,Rhodanthe.laevis,5
2014,October ,-32.39603799,118.388888,bb9,c,d,bb9cd,474,0.3675,Erodium.sp,7
2014,October ,-32.39603799,118.388888,bb9,c,d,bb9cd,474,0.3675,Trachymene.ornata,5
2014,October ,-32.39603799,118.388888,bb9,c,d,bb9cd,474,0.3675,Ceratogyne.obionoides,6
2014,October ,-32.39603799,118.388888,bb9,c,d,bb9cd,474,0.3675,Hydrocotyle.pilifera,3
2014,October ,-32.39603799,118.388888,bb9,c,d,bb9cd,474,0.3675,Brachyscome.iberidifolia,1
2014,October ,-32.39603799,118.388888,bb9,c,w,bb9cw,331,0.32346,Waitzia.acuminata,40
2014,October ,-32.39603799,118.388888,bb9,c,w,bb9cw,331,0.32346,Hypochaeris.glabra,10
2014,October ,-32.39603799,118.388888,bb9,c,w,bb9cw,331,0.32346,Rhodanthe.manglesii,17
2014,October ,-32.39603799,118.388888,bb9,c,w,bb9cw,331,0.32346,Rhodanthe.laevis,2
2014,October ,-32.39603799,118.388888,bb9,c,w,bb9cw,331,0.32346,Phyllangium.sulcatum,70
2014,October ,-32.39603799,118.388888,bb9,c,w,bb9cw,331,0.32346,Ursinia.anthemoides,1
2014,October ,-32.39603799,118.388888,bb9,c,w,bb9cw,331,0.32346,Goodenia.berardiana,125
2014,October ,-32.39603799,118.388888,bb9,c,w,bb9cw,331,0.32346,Ceratogyne.obionoides,3
2014,October ,-32.39603799,118.388888,bb9,c,w,bb9cw,331,0.32346,Trachymene.cyanopetala,3
2014,October ,-32.39603799,118.388888,bb9,c,w,bb9cw,331,0.32346,Erodium.sp,4
2014,October ,-32.39603799,118.388888,bb9,c,w,bb9cw,331,0.32346,Rhodanthe.citrina,7
2014,October ,-32.39603799,118.388888,bb9,c,w,bb9cw,331,0.32346,Hydrocotyle.pilifera,3
2014,October ,-32.39603799,118.388888,bb9,c,w,bb9cw,331,0.32346,Lobelia.sp,5
2014,October ,-32.39603799,118.388888,bb9,k,d,bb9kd,471,NA,Waitzia.acuminata,20
2014,October ,-32.39603799,118.388888,bb9,k,d,bb9kd,471,NA,Pentaschistis.airoides,1
2014,October ,-32.39603799,118.388888,bb9,k,d,bb9kd,471,NA,Podotheca.gnaphalioides,1
2014,October ,-32.39603799,118.388888,bb9,k,d,bb9kd,471,NA,Vulpia.bromoides,1
2014,October ,-32.39603799,118.388888,bb9,k,d,bb9kd,471,NA,Hypochaeris.glabra,8
2014,October ,-32.39603799,118.388888,bb9,k,d,bb9kd,471,NA,Gonocarpus.nodulosus,20
2014,October ,-32.39603799,118.388888,bb9,k,d,bb9kd,471,NA,Lawrencella.rosea,1
2014,October ,-32.39603799,118.388888,bb9,k,w,bb9kw,245,NA,Hypochaeris.glabra,30
2014,October ,-32.39603799,118.388888,bb9,k,w,bb9kw,245,NA,Rhodanthe.laevis,60
2014,October ,-32.39603799,118.388888,bb9,k,w,bb9kw,245,NA,Gonocarpus.nodulosus,200
2014,October ,-32.39603799,118.388888,bb9,k,w,bb9kw,245,NA,Lawrencella.rosea,40
2014,October ,-32.39603799,118.388888,bb9,k,w,bb9kw,245,NA,Waitzia.acuminata,40
2014,October ,-32.39603799,118.388888,bb9,k,w,bb9kw,245,NA,Ursinia.anthemoides,3
2014,October ,-32.39603799,118.388888,bb9,o,d,bb9od,297,0.46227,Lawrencella.rosea,8
2014,October ,-32.39603799,118.388888,bb9,o,d,bb9od,297,0.46227,Waitzia.acuminata,150
2014,October ,-32.39603799,118.388888,bb9,o,d,bb9od,297,0.46227,Erodium.sp,1
2014,October ,-32.39603799,118.388888,bb9,o,d,bb9od,297,0.46227,Rhodanthe.manglesii,14
2014,October ,-32.39603799,118.388888,bb9,o,d,bb9od,297,0.46227,Rhodanthe.laevis,20
2014,October ,-32.39603799,118.388888,bb9,o,d,bb9od,297,0.46227,Rhodanthe.citrina,4
2014,October ,-32.39603799,118.388888,bb9,o,d,bb9od,297,0.46227,Hypochaeris.glabra,17
2014,October ,-32.39603799,118.388888,bb9,o,d,bb9od,297,0.46227,Ceratogyne.obionoides,3
2014,October ,-32.39603799,118.388888,bb9,o,d,bb9od,297,0.46227,Plantago.debilis,2
2014,October ,-32.39603799,118.388888,bb9,o,d,bb9od,297,0.46227,Hydrocotyle.pilifera,1
2014,October ,-32.39603799,118.388888,bb9,o,d,bb9od,297,0.46227,Gonocarpus.nodulosus,27
2014,October ,-32.39603799,118.388888,bb9,o,d,bb9od,297,0.46227,Lobelia.sp,3
2014,October ,-32.39603799,118.388888,bb9,o,d,bb9od,297,0.46227,Trachymene.cyanopetala,21
2014,October ,-32.39603799,118.388888,bb9,o,d,bb9od,297,0.46227,Phyllangium.sulcatum,30
2014,October ,-32.39603799,118.388888,bb9,o,d,bb9od,297,0.46227,Ursinia.anthemoides,1
2014,October ,-32.39603799,118.388888,bb9,o,w,bb9ow,496,0.32077,Lawrencella.rosea,5
2014,October ,-32.39603799,118.388888,bb9,o,w,bb9ow,496,0.32077,Erodium.sp,2
2014,October ,-32.39603799,118.388888,bb9,o,w,bb9ow,496,0.32077,Rhodanthe.manglesii,3
2014,October ,-32.39603799,118.388888,bb9,o,w,bb9ow,496,0.32077,Waitzia.acuminata,80
2014,October ,-32.39603799,118.388888,bb9,o,w,bb9ow,496,0.32077,Hypochaeris.glabra,15
2014,October ,-32.39603799,118.388888,bb9,o,w,bb9ow,496,0.32077,Ceratogyne.obionoides,1
2014,October ,-32.39603799,118.388888,bb9,o,w,bb9ow,496,0.32077,Trachymene.cyanopetala,150
2014,October ,-32.39603799,118.388888,bb9,o,w,bb9ow,496,0.32077,Gonocarpus.nodulosus,9
2014,October ,-32.39603799,118.388888,bb9,o,w,bb9ow,496,0.32077,Rhodanthe.citrina,4
2014,October ,-32.39603799,118.388888,bb9,o,w,bb9ow,496,0.32077,Hydrocotyle.pilifera,11
2014,October ,-32.39603799,118.388888,bb9,o,w,bb9ow,496,0.32077,sedge,4
2014,October ,-32.39603799,118.388888,bb9,o,w,bb9ow,496,0.32077,Rhodanthe.laevis,1
2014,October ,-32.39612399,118.38838,bb10,c,d,bb10cd,259,0.12068,Lawrencella.rosea,14
2014,October ,-32.39612399,118.38838,bb10,c,d,bb10cd,259,0.12068,Rhodanthe.manglesii,50
2014,October ,-32.39612399,118.38838,bb10,c,d,bb10cd,259,0.12068,Gonocarpus.nodulosus,150
2014,October ,-32.39612399,118.38838,bb10,c,d,bb10cd,259,0.12068,Hypochaeris.glabra,6
2014,October ,-32.39612399,118.38838,bb10,c,d,bb10cd,259,0.12068,Trachymene.ornata,5
2014,October ,-32.39612399,118.38838,bb10,c,d,bb10cd,259,0.12068,Waitzia.acuminata,15
2014,October ,-32.39612399,118.38838,bb10,c,d,bb10cd,259,0.12068,Ursinia.anthemoides,2
2014,October ,-32.39612399,118.38838,bb10,c,d,bb10cd,259,0.12068,Ceratogyne.obionoides,10
2014,October ,-32.39612399,118.38838,bb10,c,d,bb10cd,259,0.12068,Oxalis.sp,1
2014,October ,-32.39612399,118.38838,bb10,c,d,bb10cd,259,0.12068,Hydrocotyle.pilifera,1
2014,October ,-32.39612399,118.38838,bb10,c,d,bb10cd,259,0.12068,Lobelia.sp,8
2014,October ,-32.39612399,118.38838,bb10,c,w,bb10cw,489,0.22459,Trachymene.cyanopetala,5
2014,October ,-32.39612399,118.38838,bb10,c,w,bb10cw,489,0.22459,Trachymene.ornata,3
2014,October ,-32.39612399,118.38838,bb10,c,w,bb10cw,489,0.22459,Gonocarpus.nodulosus,200
2014,October ,-32.39612399,118.38838,bb10,c,w,bb10cw,489,0.22459,Waitzia.acuminata,29
2014,October ,-32.39612399,118.38838,bb10,c,w,bb10cw,489,0.22459,Lawrencella.rosea,5
2014,October ,-32.39612399,118.38838,bb10,c,w,bb10cw,489,0.22459,Rhodanthe.manglesii,8
2014,October ,-32.39612399,118.38838,bb10,c,w,bb10cw,489,0.22459,Rhodanthe.laevis,2
2014,October ,-32.39612399,118.38838,bb10,c,w,bb10cw,489,0.22459,Hypochaeris.glabra,3
2014,October ,-32.39612399,118.38838,bb10,c,w,bb10cw,489,0.22459,Arctotheca.calendula,1
2014,October ,-32.39612399,118.38838,bb10,c,w,bb10cw,489,0.22459,Ceratogyne.obionoides,22
2014,October ,-32.39612399,118.38838,bb10,c,w,bb10cw,489,0.22459,Hydrocotyle.pilifera,1
2014,October ,-32.39612399,118.38838,bb10,k,d,bb10kd,319,NA,Waitzia.acuminata,15
2014,October ,-32.39612399,118.38838,bb10,k,d,bb10kd,319,NA,Rhodanthe.manglesii,15
2014,October ,-32.39612399,118.38838,bb10,k,d,bb10kd,319,NA,Ursinia.anthemoides,1
2014,October ,-32.39612399,118.38838,bb10,k,d,bb10kd,319,NA,Goodenia.berardiana,15
2014,October ,-32.39612399,118.38838,bb10,k,d,bb10kd,319,NA,Gonocarpus.nodulosus,10
2014,October ,-32.39612399,118.38838,bb10,k,d,bb10kd,319,NA,Lawrencella.rosea,1
2014,October ,-32.39612399,118.38838,bb10,k,d,bb10kd,319,NA,Phyllangium.sulcatum,5
2014,October ,-32.39612399,118.38838,bb10,k,w,bb10kw,248,NA,Waitzia.acuminata,20
2014,October ,-32.39612399,118.38838,bb10,k,w,bb10kw,248,NA,Gonocarpus.nodulosus,80
2014,October ,-32.39612399,118.38838,bb10,k,w,bb10kw,248,NA,Lawrencella.rosea,5
2014,October ,-32.39612399,118.38838,bb10,k,w,bb10kw,248,NA,Rhodanthe.manglesii,10
2014,October ,-32.39612399,118.38838,bb10,k,w,bb10kw,248,NA,Ceratogyne.obionoides,10
2014,October ,-32.39612399,118.38838,bb10,k,w,bb10kw,248,NA,Trachymene.ornata,1
2014,October ,-32.39612399,118.38838,bb10,o,d,bb10od,431,0.69925,Ceratogyne.obionoides,4
2014,October ,-32.39612399,118.38838,bb10,o,d,bb10od,431,0.69925,Hydrocotyle.pilifera,1
2014,October ,-32.39612399,118.38838,bb10,o,d,bb10od,431,0.69925,Rhodanthe.manglesii,17
2014,October ,-32.39612399,118.38838,bb10,o,d,bb10od,431,0.69925,Waitzia.acuminata,8
2014,October ,-32.39612399,118.38838,bb10,o,d,bb10od,431,0.69925,Ursinia.anthemoides,7
2014,October ,-32.39612399,118.38838,bb10,o,d,bb10od,431,0.69925,Gonocarpus.nodulosus,60
2014,October ,-32.39612399,118.38838,bb10,o,d,bb10od,431,0.69925,Trachymene.cyanopetala,2
2014,October ,-32.39612399,118.38838,bb10,o,d,bb10od,431,0.69925,Trachymene.ornata,8
2014,October ,-32.39612399,118.38838,bb10,o,w,bb10ow,437,0.26146,Lawrencella.rosea,11
2014,October ,-32.39612399,118.38838,bb10,o,w,bb10ow,437,0.26146,Waitzia.acuminata,46
2014,October ,-32.39612399,118.38838,bb10,o,w,bb10ow,437,0.26146,Gonocarpus.nodulosus,70
2014,October ,-32.39612399,118.38838,bb10,o,w,bb10ow,437,0.26146,Trachymene.cyanopetala,1
2014,October ,-32.39612399,118.38838,bb10,o,w,bb10ow,437,0.26146,Ursinia.anthemoides,2
2014,October ,-32.39612399,118.38838,bb10,o,w,bb10ow,437,0.26146,Goodenia.berardiana,2
2014,October ,-32.39612399,118.38838,bb10,o,w,bb10ow,437,0.26146,Hydrocotyle.pilifera,1
2014,October ,-32.39612399,118.38838,bb10,o,w,bb10ow,437,0.26146,Ceratogyne.obionoides,4
2014,October ,-32.39612399,118.38838,bb10,o,w,bb10ow,437,0.26146,Hypochaeris.glabra,1
