Date.harvested,Plot.ID,Species,Plant.replicate,Plot.plant.rep,Waitzia.density.bin,Density.for.x,Waitzia.starting.density,Treatment,Treatment.col,Height.plant,Biomass.plant,Notes,Seed.mass.total,Total.flowercount.plant,Seedpred,Soilmoisture.2months,Phosphorus.Colwell,Nitrate.Nitrogen,Meancanopy.NWE
3/11/2013,A11,A.cupaniana,A.10,A11.A.10,NA,NA,NA,NA,NA,108,0.003,,NA,NA,NA,NA,NA,NA,NA
3/11/2013,A11,A.cupaniana,A.11,A11.A.11,NA,NA,NA,NA,NA,247,0.0198,,NA,NA,NA,NA,NA,NA,NA
3/11/2013,A11,A.cupaniana,A.12,A11.A.12,NA,NA,NA,NA,NA,168,0.0076,,NA,NA,NA,NA,NA,NA,NA
3/11/2013,A11,A.cupaniana,A.13,A11.A.13,NA,NA,NA,NA,NA,209,0.0139,,NA,NA,NA,NA,NA,NA,NA
3/11/2013,A11,A.cupaniana,A.14,A11.A.14,NA,NA,NA,NA,NA,235,0.0138,,NA,NA,NA,NA,NA,NA,NA
3-Nov-13,A11,A.cupaniana,A.15,A11.A.15,NA,NA,NA,NA,NA,174,0.0106,,NA,NA,NA,NA,NA,NA,NA
3-Nov-13,A11,A.cupaniana,A.1,A11.A.1,NA,NA,NA,NA,NA,115,0.0035,,NA,NA,NA,NA,NA,NA,NA
3-Nov-13,A11,A.cupaniana,A.2,A11.A.2,NA,NA,NA,NA,NA,154,0.0113,,NA,NA,NA,NA,NA,NA,NA
3-Nov-13,A11,A.cupaniana,A.3,A11.A.3,NA,NA,NA,NA,NA,300,0.0371,,NA,NA,NA,NA,NA,NA,NA
3-Nov-13,A11,A.cupaniana,A.4,A11.A.4,NA,NA,NA,NA,NA,205,0.0146,,NA,NA,NA,NA,NA,NA,NA
3-Nov-13,A11,A.cupaniana,A.5,A11.A.5,NA,NA,NA,NA,NA,204,0.0091,,NA,NA,NA,NA,NA,NA,NA
3-Nov-13,A11,A.cupaniana,A.6,A11.A.6,NA,NA,NA,NA,NA,183,0.0118,,NA,NA,NA,NA,NA,NA,NA
3-Nov-13,A11,A.cupaniana,A.7,A11.A.7,NA,NA,NA,NA,NA,232,0.0221,,NA,NA,NA,NA,NA,NA,NA
3-Nov-13,A11,A.cupaniana,A.8,A11.A.8,NA,NA,NA,NA,NA,190,0.0053,,NA,NA,NA,NA,NA,NA,NA
3-Nov-13,A11,A.cupaniana,A.9,A11.A.9,NA,NA,NA,NA,NA,263,0.009,,NA,NA,NA,NA,NA,NA,NA
3-Nov-13,A12,A.cupaniana,A.15,A12.A.15,NA,NA,NA,NA,NA,200,0.0751,,NA,NA,NA,NA,NA,NA,NA
3-Nov-13,A12,A.cupaniana,A.14,A12.A.14,NA,NA,NA,NA,NA,218,0.0407,,NA,NA,NA,NA,NA,NA,NA
3-Nov-13,A12,A.cupaniana,A.13,A12.A.13,NA,NA,NA,NA,NA,109,0.0055,,NA,NA,NA,NA,NA,NA,NA
3-Nov-13,A12,A.cupaniana,A.12,A12.A.12,NA,NA,NA,NA,NA,140,0.0139,,NA,NA,NA,NA,NA,NA,NA
3-Nov-13,A12,A.cupaniana,A.11,A12.A.11,NA,NA,NA,NA,NA,243,0.0283,,NA,NA,NA,NA,NA,NA,NA
3-Nov-13,A12,A.cupaniana,A.10,A12.A.10,NA,NA,NA,NA,NA,180,0.0106,,NA,NA,NA,NA,NA,NA,NA
3-Nov-13,A12,A.cupaniana,A.9,A12.A.9,NA,NA,NA,NA,NA,260,0.0311,,NA,NA,NA,NA,NA,NA,NA
3-Nov-13,A12,A.cupaniana,A.8,A12.A.8,NA,NA,NA,NA,NA,178,0.0405,,NA,NA,NA,NA,NA,NA,NA
3-Nov-13,A12,A.cupaniana,A.7,A12.A.7,NA,NA,NA,NA,NA,247,0.0512,,NA,NA,NA,NA,NA,NA,NA
3-Nov-13,A12,A.cupaniana,A.6,A12.A.6,NA,NA,NA,NA,NA,255,0.0275,,NA,NA,NA,NA,NA,NA,NA
3-Nov-13,A12,A.cupaniana,A.5,A12.A.5,NA,NA,NA,NA,NA,189,0.0108,,NA,NA,NA,NA,NA,NA,NA
3-Nov-13,A12,A.cupaniana,A.1,A12.A.1,NA,NA,NA,NA,NA,182,0.0114,,NA,NA,NA,NA,NA,NA,NA
3-Nov-13,A12,A.cupaniana,A.2,A12.A.2,NA,NA,NA,NA,NA,200,0.0222,,NA,NA,NA,NA,NA,NA,NA
3-Nov-13,A12,A.cupaniana,A.4,A12.A.4,NA,NA,NA,NA,NA,134,0.0192,,NA,NA,NA,NA,NA,NA,NA
3-Nov-13,A12,A.cupaniana,A.3,A12.A.3,NA,NA,NA,NA,NA,197,0.0513,,NA,NA,NA,NA,NA,NA,NA
3-Nov-13,A13,A.cupaniana,A.1,A13.A.1,NA,NA,NA,NA,NA,147,0.008,,NA,NA,NA,NA,NA,NA,NA
3-Nov-13,A13,A.cupaniana,A.2,A13.A.2,NA,NA,NA,NA,NA,115,0.0027,,NA,NA,NA,NA,NA,NA,NA
3-Nov-13,A13,A.cupaniana,A.3,A13.A.3,NA,NA,NA,NA,NA,83,0.0029,,NA,NA,NA,NA,NA,NA,NA
3-Nov-13,A13,A.cupaniana,A.4,A13.A.4,NA,NA,NA,NA,NA,160,0.0088,,NA,NA,NA,NA,NA,NA,NA
3-Nov-13,A13,A.cupaniana,A.5,A13.A.5,NA,NA,NA,NA,NA,55,0.0015,,NA,NA,NA,NA,NA,NA,NA
3-Nov-13,A13,A.cupaniana,A.6,A13.A.6,NA,NA,NA,NA,NA,180,0.015,,NA,NA,NA,NA,NA,NA,NA
3-Nov-13,A13,A.cupaniana,A.7,A13.A.7,NA,NA,NA,NA,NA,110,0.0044,,NA,NA,NA,NA,NA,NA,NA
3-Nov-13,A13,A.cupaniana,A.8,A13.A.8,NA,NA,NA,NA,NA,90,0.0023,,NA,NA,NA,NA,NA,NA,NA
3-Nov-13,A13,A.cupaniana,A.9,A13.A.9,NA,NA,NA,NA,NA,100,0.0032,,NA,NA,NA,NA,NA,NA,NA
3-Nov-13,A13,A.cupaniana,A.10,A13.A.10,NA,NA,NA,NA,NA,85,0.0032,,NA,NA,NA,NA,NA,NA,NA
3-Nov-13,A13,A.cupaniana,A.11,A13.A.11,NA,NA,NA,NA,NA,125,0.0095,,NA,NA,NA,NA,NA,NA,NA
3-Nov-13,A13,A.cupaniana,A.12,A13.A.12,NA,NA,NA,NA,NA,77,0.0028,,NA,NA,NA,NA,NA,NA,NA
3-Nov-13,A13,A.cupaniana,A.13,A13.A.13,NA,NA,NA,NA,NA,180,0.0115,,NA,NA,NA,NA,NA,NA,NA
3-Nov-13,A13,A.cupaniana,A.14,A13.A.14,NA,NA,NA,NA,NA,127,0.0059,,NA,NA,NA,NA,NA,NA,NA
3-Nov-13,A13,A.cupaniana,A.15,A13.A.15,NA,NA,NA,NA,NA,60,0.0013,,NA,NA,NA,NA,NA,NA,NA
3/11/2013,A14,A.cupaniana,A.2,A14.A.2,NA,NA,NA,NA,NA,108,0.0029,,NA,NA,NA,NA,NA,NA,NA
3-Nov-13,A14,A.cupaniana,A.1,A14.A.1,NA,NA,NA,NA,NA,135,0.0106,,NA,NA,NA,NA,NA,NA,NA
3-Nov-13,A14,A.cupaniana,A.15,A14.A.15,NA,NA,NA,NA,NA,200,0.011,,NA,NA,NA,NA,NA,NA,NA
3-Nov-13,A14,A.cupaniana,A.14,A14.A.14,NA,NA,NA,NA,NA,178,0.0222,,NA,NA,NA,NA,NA,NA,NA
3-Nov-13,A14,A.cupaniana,A.13,A14.A.13,NA,NA,NA,NA,NA,139,0.0048,,NA,NA,NA,NA,NA,NA,NA
3-Nov-13,A14,A.cupaniana,A.12,A14.A.12,NA,NA,NA,NA,NA,195,0.0096,,NA,NA,NA,NA,NA,NA,NA
3-Nov-13,A14,A.cupaniana,A.11,A14.A.11,NA,NA,NA,NA,NA,148,0.0066,,NA,NA,NA,NA,NA,NA,NA
3-Nov-13,A14,A.cupaniana,A.10,A14.A.10,NA,NA,NA,NA,NA,125,0.0039,,NA,NA,NA,NA,NA,NA,NA
3-Nov-13,A14,A.cupaniana,A.9,A14.A.9,NA,NA,NA,NA,NA,95,0.0022,,NA,NA,NA,NA,NA,NA,NA
3-Nov-13,A14,A.cupaniana,A.8,A14.A.8,NA,NA,NA,NA,NA,106,0.0016,,NA,NA,NA,NA,NA,NA,NA
3-Nov-13,A14,A.cupaniana,A.7,A14.A.7,NA,NA,NA,NA,NA,175,0.0082,,NA,NA,NA,NA,NA,NA,NA
3-Nov-13,A14,A.cupaniana,A.6,A14.A.6,NA,NA,NA,NA,NA,90,0.0027,,NA,NA,NA,NA,NA,NA,NA
3-Nov-13,A14,A.cupaniana,A.5,A14.A.5,NA,NA,NA,NA,NA,210,0.0197,,NA,NA,NA,NA,NA,NA,NA
3-Nov-13,A14,A.cupaniana,A.4,A14.A.4,NA,NA,NA,NA,NA,135,0.0045,,NA,NA,NA,NA,NA,NA,NA
3-Nov-13,A14,A.cupaniana,A.3,A14.A.3,NA,NA,NA,NA,NA,127,0.0052,,NA,NA,NA,NA,NA,NA,NA
26/10/2013,A15,A.cupaniana,A.15,A15.A.15,NA,NA,NA,NA,NA,140,0.0102,,NA,NA,NA,NA,NA,NA,NA
26/10/2013,A15,A.cupaniana,A.14,A15.A.14,NA,NA,NA,NA,NA,170,0.0128,,NA,NA,NA,NA,NA,NA,NA
26/10/2013,A15,A.cupaniana,A.13,A15.A.13,NA,NA,NA,NA,NA,180,0.0128,,NA,NA,NA,NA,NA,NA,NA
26/10/2013,A15,A.cupaniana,A.12,A15.A.12,NA,NA,NA,NA,NA,105,0.0098,,NA,NA,NA,NA,NA,NA,NA
26/10/2013,A15,A.cupaniana,A.11,A15.A.11,NA,NA,NA,NA,NA,110,0.0044,,NA,NA,NA,NA,NA,NA,NA
26/10/2013,A15,A.cupaniana,A.10,A15.A.10,NA,NA,NA,NA,NA,90,0.0031,,NA,NA,NA,NA,NA,NA,NA
26/10/2013,A15,A.cupaniana,A.9,A15.A.9,NA,NA,NA,NA,NA,110,0.0035,,NA,NA,NA,NA,NA,NA,NA
26/10/2013,A15,A.cupaniana,A.8,A15.A.8,NA,NA,NA,NA,NA,80,0.0018,,NA,NA,NA,NA,NA,NA,NA
26/10/2013,A15,A.cupaniana,A.7,A15.A.7,NA,NA,NA,NA,NA,35,8.00E-04,,NA,NA,NA,NA,NA,NA,NA
26-Oct-13,A15,A.cupaniana,A.4,A15.A.4,NA,NA,NA,NA,NA,73,0.0021,,NA,NA,NA,NA,NA,NA,NA
26-Oct-13,A15,A.cupaniana,A.5,A15.A.5,NA,NA,NA,NA,NA,70,0.0019,,NA,NA,NA,NA,NA,NA,NA
26-Oct-13,A15,A.cupaniana,A.3,A15.A.3,NA,NA,NA,NA,NA,75,0.0014,,NA,NA,NA,NA,NA,NA,NA
26-Oct-13,A15,A.cupaniana,A.6,A15.A.6,NA,NA,NA,NA,NA,70,0.001,,NA,NA,NA,NA,NA,NA,NA
26-Oct-13,A15,A.cupaniana,A.2,A15.A.2,NA,NA,NA,NA,NA,95,0.005,,NA,NA,NA,NA,NA,NA,NA
26-Oct-13,A15,A.cupaniana,A.1,A15.A.1,NA,NA,NA,NA,NA,77,0.0022,,NA,NA,NA,NA,NA,NA,NA
3-Nov-13,A16,A.cupaniana,A.6,A16.A.6,NA,NA,NA,NA,NA,89,0.002,,NA,NA,NA,NA,NA,NA,NA
3-Nov-13,A16,A.cupaniana,A.5,A16.A.5,NA,NA,NA,NA,NA,90,0.0022,,NA,NA,NA,NA,NA,NA,NA
3-Nov-13,A16,A.cupaniana,A.7,A16.A.7,NA,NA,NA,NA,NA,132,0.005,,NA,NA,NA,NA,NA,NA,NA
3-Nov-13,A16,A.cupaniana,A.1,A16.A.1,NA,NA,NA,NA,NA,128,0.0075,,NA,NA,NA,NA,NA,NA,NA
3-Nov-13,A16,A.cupaniana,A.2,A16.A.2,NA,NA,NA,NA,NA,88,0.0022,,NA,NA,NA,NA,NA,NA,NA
3-Nov-13,A16,A.cupaniana,A.3,A16.A.3,NA,NA,NA,NA,NA,70,0.0019,,NA,NA,NA,NA,NA,NA,NA
3-Nov-13,A16,A.cupaniana,A.4,A16.A.4,NA,NA,NA,NA,NA,55,0.001,,NA,NA,NA,NA,NA,NA,NA
3-Nov-13,A16,A.cupaniana,A.8,A16.A.8,NA,NA,NA,NA,NA,115,0.0029,,NA,NA,NA,NA,NA,NA,NA
3-Nov-13,A16,A.cupaniana,A.9,A16.A.9,NA,NA,NA,NA,NA,90,0.003,,NA,NA,NA,NA,NA,NA,NA
3-Nov-13,A16,A.cupaniana,A.10,A16.A.10,NA,NA,NA,NA,NA,160,0.0069,,NA,NA,NA,NA,NA,NA,NA
3-Nov-13,A16,A.cupaniana,A.11,A16.A.11,NA,NA,NA,NA,NA,57,0.0021,,NA,NA,NA,NA,NA,NA,NA
3-Nov-13,A16,A.cupaniana,A.12,A16.A.12,NA,NA,NA,NA,NA,89,0.0016,,NA,NA,NA,NA,NA,NA,NA
3-Nov-13,A16,A.cupaniana,A.13,A16.A.13,NA,NA,NA,NA,NA,95,0.0018,,NA,NA,NA,NA,NA,NA,NA
3-Nov-13,A16,A.cupaniana,A.14,A16.A.14,NA,NA,NA,NA,NA,108,0.003,,NA,NA,NA,NA,NA,NA,NA
3-Nov-13,A16,A.cupaniana,A.15,A16.A.15,NA,NA,NA,NA,NA,105,0.0031,,NA,NA,NA,NA,NA,NA,NA
3/11/2013,A17,A.cupaniana,A.1,A17.A.1,NA,NA,NA,NA,NA,120,0.0053,,NA,NA,NA,NA,NA,NA,NA
3/11/2013,A17,A.cupaniana,A.2,A17.A.2,NA,NA,NA,NA,NA,165,0.01,,NA,NA,NA,NA,NA,NA,NA
3/11/2013,A17,A.cupaniana,A.3,A17.A.3,NA,NA,NA,NA,NA,97,0.0035,,NA,NA,NA,NA,NA,NA,NA
3/11/2013,A17,A.cupaniana,A.4,A17.A.4,NA,NA,NA,NA,NA,106,0.0094,,NA,NA,NA,NA,NA,NA,NA
3/11/2013,A17,A.cupaniana,A.5,A17.A.5,NA,NA,NA,NA,NA,123,0.0066,,NA,NA,NA,NA,NA,NA,NA
3/11/2013,A17,A.cupaniana,A.6,A17.A.6,NA,NA,NA,NA,NA,135,0.0056,,NA,NA,NA,NA,NA,NA,NA
3/11/2013,A17,A.cupaniana,A.7,A17.A.7,NA,NA,NA,NA,NA,77,0.004,,NA,NA,NA,NA,NA,NA,NA
3/11/2013,A17,A.cupaniana,A.8,A17.A.8,NA,NA,NA,NA,NA,54,0.0011,,NA,NA,NA,NA,NA,NA,NA
3/11/2013,A17,A.cupaniana,A.9,A17.A.9,NA,NA,NA,NA,NA,56,0.0011,,NA,NA,NA,NA,NA,NA,NA
3/11/2013,A17,A.cupaniana,A.10,A17.A.10,NA,NA,NA,NA,NA,115,0.0034,,NA,NA,NA,NA,NA,NA,NA
3/11/2013,A17,A.cupaniana,A.11,A17.A.11,NA,NA,NA,NA,NA,85,0.0019,,NA,NA,NA,NA,NA,NA,NA
3/11/2013,A17,A.cupaniana,A.12,A17.A.12,NA,NA,NA,NA,NA,60,0.0015,,NA,NA,NA,NA,NA,NA,NA
3/11/2013,A17,A.cupaniana,A.13,A17.A.13,NA,NA,NA,NA,NA,180,0.0096,,NA,NA,NA,NA,NA,NA,NA
3/11/2013,A17,A.cupaniana,A.14,A17.A.14,NA,NA,NA,NA,NA,160,0.0142,,NA,NA,NA,NA,NA,NA,NA
3/11/2013,A17,A.cupaniana,A.15,A17.A.15,NA,NA,NA,NA,NA,93,0.0026,,NA,NA,NA,NA,NA,NA,NA
3/11/2013,A18,A.cupaniana,A.1,A18.A.1,NA,NA,NA,NA,NA,140,0.0128,,NA,NA,NA,NA,NA,NA,NA
3/11/2013,A18,A.cupaniana,A.2,A18.A.2,NA,NA,NA,NA,NA,100,0.0035,,NA,NA,NA,NA,NA,NA,NA
3/11/2013,A18,A.cupaniana,A.3,A18.A.3,NA,NA,NA,NA,NA,140,0.0073,,NA,NA,NA,NA,NA,NA,NA
3/11/2013,A18,A.cupaniana,A.4,A18.A.4,NA,NA,NA,NA,NA,95,0.0045,,NA,NA,NA,NA,NA,NA,NA
3/11/2013,A18,A.cupaniana,A.5,A18.A.5,NA,NA,NA,NA,NA,83,0.0028,,NA,NA,NA,NA,NA,NA,NA
3/11/2013,A18,A.cupaniana,A.6,A18.A.6,NA,NA,NA,NA,NA,105,0.004,,NA,NA,NA,NA,NA,NA,NA
3/11/2013,A18,A.cupaniana,A.7,A18.A.7,NA,NA,NA,NA,NA,85,0.0035,,NA,NA,NA,NA,NA,NA,NA
3/11/2013,A18,A.cupaniana,A.8,A18.A.8,NA,NA,NA,NA,NA,148,0.009,,NA,NA,NA,NA,NA,NA,NA
3/11/2013,A18,A.cupaniana,A.9,A18.A.9,NA,NA,NA,NA,NA,58,0.001,,NA,NA,NA,NA,NA,NA,NA
3/11/2013,A18,A.cupaniana,A.10,A18.A.10,NA,NA,NA,NA,NA,60,0.0015,,NA,NA,NA,NA,NA,NA,NA
3/11/2013,A18,A.cupaniana,A.11,A18.A.11,NA,NA,NA,NA,NA,90,0.0089,,NA,NA,NA,NA,NA,NA,NA
3/11/2013,A18,A.cupaniana,A.12,A18.A.12,NA,NA,NA,NA,NA,107,0.0061,,NA,NA,NA,NA,NA,NA,NA
3/11/2013,A18,A.cupaniana,A.13,A18.A.13,NA,NA,NA,NA,NA,67,0.0014,,NA,NA,NA,NA,NA,NA,NA
3/11/2013,A18,A.cupaniana,A.14,A18.A.14,NA,NA,NA,NA,NA,95,0.0047,,NA,NA,NA,NA,NA,NA,NA
3/11/2013,A18,A.cupaniana,A.15,A18.A.15,NA,NA,NA,NA,NA,NA,NA,,NA,NA,NA,NA,NA,NA,NA
26-Oct-13,A7,A.cupaniana,A.1,A7.A.1,NA,NA,NA,NA,NA,167,0.009,,NA,NA,NA,NA,NA,NA,NA
26-Oct-13,A7,A.cupaniana,A.2,A7.A.2,NA,NA,NA,NA,NA,145,0.0113,,NA,NA,NA,NA,NA,NA,NA
26-Oct-13,A7,A.cupaniana,A.3,A7.A.3,NA,NA,NA,NA,NA,130,0.007,,NA,NA,NA,NA,NA,NA,NA
26-Oct-13,A7,A.cupaniana,A.4,A7.A.4,NA,NA,NA,NA,NA,182,0.0128,,NA,NA,NA,NA,NA,NA,NA
26-Oct-13,A7,A.cupaniana,A.5,A7.A.5,NA,NA,NA,NA,NA,135,0.0064,,NA,NA,NA,NA,NA,NA,NA
26-Oct-13,A7,A.cupaniana,A.6,A7.A.6,NA,NA,NA,NA,NA,136,0.0127,,NA,NA,NA,NA,NA,NA,NA
26-Oct-13,A7,A.cupaniana,A.7,A7.A.7,NA,NA,NA,NA,NA,77,0.0043,,NA,NA,NA,NA,NA,NA,NA
26-Oct-13,A7,A.cupaniana,A.8,A7.A.8,NA,NA,NA,NA,NA,80,0.005,,NA,NA,NA,NA,NA,NA,NA
26-Oct-13,A7,A.cupaniana,A.9,A7.A.9,NA,NA,NA,NA,NA,240,0.0275,,NA,NA,NA,NA,NA,NA,NA
26-Oct-13,A7,A.cupaniana,A.10,A7.A.10,NA,NA,NA,NA,NA,176,0.0084,,NA,NA,NA,NA,NA,NA,NA
26-Oct-13,A7,A.cupaniana,A.11,A7.A.11,NA,NA,NA,NA,NA,138,0.0062,,NA,NA,NA,NA,NA,NA,NA
26-Oct-13,A7,A.cupaniana,A.12,A7.A.12,NA,NA,NA,NA,NA,103,0.0048,,NA,NA,NA,NA,NA,NA,NA
26-Oct-13,A7,A.cupaniana,A.13,A7.A.13,NA,NA,NA,NA,NA,105,0.0047,,NA,NA,NA,NA,NA,NA,NA
26-Oct-13,A7,A.cupaniana,A.14,A7.A.14,NA,NA,NA,NA,NA,210,0.0113,,NA,NA,NA,NA,NA,NA,NA
26-Oct-13,A7,A.cupaniana,A.15,A7.A.15,NA,NA,NA,NA,NA,210,0.0096,,NA,NA,NA,NA,NA,NA,NA
29-Oct-13,A8,A.cupaniana,A.1,A8.A.1,NA,NA,NA,NA,NA,93,0.007,,NA,NA,NA,NA,NA,NA,NA
29-Oct-13,A8,A.cupaniana,A.2,A8.A.2,NA,NA,NA,NA,NA,60,0.0017,,NA,NA,NA,NA,NA,NA,NA
29-Oct-13,A8,A.cupaniana,A.3,A8.A.3,NA,NA,NA,NA,NA,137,0.0092,,NA,NA,NA,NA,NA,NA,NA
29-Oct-13,A8,A.cupaniana,A.4,A8.A.4,NA,NA,NA,NA,NA,80,0.0025,,NA,NA,NA,NA,NA,NA,NA
29-Oct-13,A8,A.cupaniana,A.5,A8.A.5,NA,NA,NA,NA,NA,172,0.0143,,NA,NA,NA,NA,NA,NA,NA
29-Oct-13,A8,A.cupaniana,A.6,A8.A.6,NA,NA,NA,NA,NA,195,0.0161,,NA,NA,NA,NA,NA,NA,NA
29-Oct-13,A8,A.cupaniana,A.7,A8.A.7,NA,NA,NA,NA,NA,120,0.0043,,NA,NA,NA,NA,NA,NA,NA
29-Oct-13,A8,A.cupaniana,A.8,A8.A.8,NA,NA,NA,NA,NA,110,0.0038,,NA,NA,NA,NA,NA,NA,NA
29-Oct-13,A8,A.cupaniana,A.9,A8.A.9,NA,NA,NA,NA,NA,137,0.0059,,NA,NA,NA,NA,NA,NA,NA
29-Oct-13,A8,A.cupaniana,A.10,A8.A.10,NA,NA,NA,NA,NA,120,0.0036,,NA,NA,NA,NA,NA,NA,NA
29-Oct-13,A8,A.cupaniana,A.11,A8.A.11,NA,NA,NA,NA,NA,70,0.0012,,NA,NA,NA,NA,NA,NA,NA
29-Oct-13,A8,A.cupaniana,A.12,A8.A.12,NA,NA,NA,NA,NA,72,0.0019,,NA,NA,NA,NA,NA,NA,NA
29-Oct-13,A8,A.cupaniana,A.13,A8.A.13,NA,NA,NA,NA,NA,167,0.0114,,NA,NA,NA,NA,NA,NA,NA
29-Oct-13,A8,A.cupaniana,A.14,A8.A.14,NA,NA,NA,NA,NA,190,0.0105,,NA,NA,NA,NA,NA,NA,NA
29-Oct-13,A8,A.cupaniana,A.15,A8.A.15,NA,NA,NA,NA,NA,165,0.0164,,NA,NA,NA,NA,NA,NA,NA
19/12/2013,W11,W.acuminata,W.1,W11.W.1,high,2,16,monoculture,1,203,0.4935,GREEN,NA,14,1,3,4,6,33.44
19/12/2013,W11,W.acuminata,W.2,W11.W.2,high,2,16,monoculture,1,172,0.182,orange,NA,4,0,3,4,6,33.44
19/12/2013,W11,W.acuminata,W.10,W11.W.10,high,2,16,monoculture,1,175,0.3183,,NA,6,0,3,4,6,33.44
19/12/2013,W11,W.acuminata,W.10B,W11.W.10B,high,2,16,monoculture,1,105,0.0524,prev W.10,NA,2,0,3,4,6,33.44
19/12/2013,W11,W.acuminata,W.11,W11.W.11,high,2,16,monoculture,1,200,0.6939,,NA,17,0,3,4,6,33.44
19/12/2013,W11,W.acuminata,W.12,W11.W.12,high,2,16,monoculture,1,135,0.1124,,NA,3,0,3,4,6,33.44
19/12/2013,W11,W.acuminata,W.3,W11.W.3,high,2,16,monoculture,1,198,1.2644,red,NA,NA,NA,3,4,6,33.44
19/12/2013,W11,W.acuminata,W.5,W11.W.5,high,2,16,monoculture,1,173,0.5913,,NA,24,0,3,4,6,33.44
19/12/2013,W11,W.acuminata,W.6,W11.W.6,high,2,16,monoculture,1,175,0.3127,,NA,12,0,3,4,6,33.44
19/12/2013,W11,W.acuminata,W.7,W11.W.7,high,2,16,monoculture,1,173,0.1795,,NA,5,0,3,4,6,33.44
19/12/2013,W11,W.acuminata,W.8,W11.W.8,high,2,16,monoculture,1,225,0.3565,,NA,12,0,3,4,6,33.44
19/12/2013,W11,W.acuminata,W.9,W11.W.9,high,2,16,monoculture,1,100,0.0659,,NA,2,0,3,4,6,33.44
7-Dec-13,W11,W.acuminata,W.4,W11.W.4,high,2,16,monoculture,1,150,0.129,,NA,5,0,3,4,6,33.44
7/12/2013,W12,W.acuminata,W.1,W12.W.1,low,1,8,monoculture,1,145,0.3029,,NA,16,0,6,5,5,42.10666667
19/12/2013,W12,W.acuminata,W.3,W12.W.3,low,1,8,monoculture,1,202,0.6723,,NA,33,1,6,5,5,42.10666667
19/12/2013,W12,W.acuminata,W.4,W12.W.4,low,1,8,monoculture,1,180,0.5265,,NA,17,1,6,5,5,42.10666667
19/12/2013,W12,W.acuminata,W.5,W12.W.5,low,1,8,monoculture,1,195,1.0677,,NA,40,1,6,5,5,42.10666667
19/12/2013,W12,W.acuminata,W.6,W12.W.6,low,1,8,monoculture,1,132,0.2947,,NA,16,0,6,5,5,42.10666667
19/12/2013,W12,W.acuminata,W.7,W12.W.7,low,1,8,monoculture,1,174,0.5524,,NA,28,1,6,5,5,42.10666667
19/12/2013,W12,W.acuminata,W.8,W12.W.8,low,1,8,monoculture,1,177,0.4219,,NA,19,1,6,5,5,42.10666667
7-Dec-13,W12,W.acuminata,W.2,W12.W.2,low,1,8,monoculture,1,156,0.3702,,NA,13,1,6,5,5,42.10666667
7/12/2013,W13,W.acuminata,W.1,W13.W.1,low,1,8,monoculture,1,250,1.3793,,NA,29,0,7.333333333,3,1,46.96
7/12/2013,W13,W.acuminata,W.2,W13.W.2,low,1,8,monoculture,1,225,1.3623,,NA,34,1,7.333333333,3,1,46.96
18/12/2013,W13,W.acuminata,W.5,W13.W.5,low,1,8,monoculture,1,210,1.9907,,NA,56,1,7.333333333,3,1,46.96
18/12/2013,W13,W.acuminata,W.6,W13.W.6,low,1,8,monoculture,1,183,0.3795,,NA,18,1,7.333333333,3,1,46.96
18/12/2013,W13,W.acuminata,W.7,W13.W.7,low,1,8,monoculture,1,165,0.6845,,NA,23,1,7.333333333,3,1,46.96
7-Dec-13,W13,W.acuminata,W.4,W13.W.4,low,1,8,monoculture,1,120,0.1143,,NA,8,1,7.333333333,3,1,46.96
7-Dec-13,W13,W.acuminata,W.3,W13.W.3,low,1,8,monoculture,1,155,0.2577,,NA,6,0,7.333333333,3,1,46.96
7/12/2013,W14,W.acuminata,W.1,W14.W.1,low,1,5,monoculture,1,210,3.3397,,NA,79,1,6.666666667,7,1,74.69333333
18/12/2013,W14,W.acuminata,W.5,W14.W.5,low,1,5,monoculture,1,182,1.5494,,NA,49,1,6.666666667,7,1,74.69333333
7/12/2013,W14,W.acuminata,W.4,W14.W.4,low,1,5,monoculture,1,265,1.3907,,NA,22,1,6.666666667,7,1,74.69333333
7-Dec-13,W14,W.acuminata,W.2,W14.W.2,low,1,5,monoculture,1,102,0.3723,,NA,15,1,6.666666667,7,1,74.69333333
7-Dec-13,W14,W.acuminata,W.3,W14.W.3,low,1,5,monoculture,1,170,0.2498,,NA,7,1,6.666666667,7,1,74.69333333
18/12/2013,W15,W.acuminata,W.1,W15.W.1,high,2,15,monoculture,1,218,1.0555,GREEN,NA,43,1,6.333333333,2,1,20.26666667
18/12/2013,W15,W.acuminata,W.10,W15.W.10,high,2,15,monoculture,1,200,0.7539,,NA,26,0,6.333333333,2,1,20.26666667
18/12/2013,W15,W.acuminata,W.2,W15.W.2,high,2,15,monoculture,1,285,2.0763,ORANGE,NA,52,1,6.333333333,2,1,20.26666667
18/12/2013,W15,W.acuminata,W.3,W15.W.3,high,2,15,monoculture,1,242,0.7661,PINK,NA,25,1,6.333333333,2,1,20.26666667
18/12/2013,W15,W.acuminata,W.4,W15.W.4,high,2,15,monoculture,1,200,0.7848,,NA,25,1,6.333333333,2,1,20.26666667
18/12/2013,W15,W.acuminata,W.5,W15.W.5,high,2,15,monoculture,1,212,1.1253,,NA,39,1,6.333333333,2,1,20.26666667
18/12/2013,W15,W.acuminata,W.6,W15.W.6,high,2,15,monoculture,1,250,0.5213,,NA,18,1,6.333333333,2,1,20.26666667
18/12/2013,W15,W.acuminata,W.7,W15.W.7,high,2,15,monoculture,1,220,0.9491,,NA,33,1,6.333333333,2,1,20.26666667
18/12/2013,W15,W.acuminata,W.8,W15.W.8,high,2,15,monoculture,1,260,0.7835,,NA,27,1,6.333333333,2,1,20.26666667
18/12/2013,W15,W.acuminata,W.9,W15.W.9,high,2,15,monoculture,1,190,0.3645,,NA,18,0,6.333333333,2,1,20.26666667
19/12/2013,W16,W.acuminata,W.10,W16.W.10,high,2,18,monoculture,1,152,0.2562,,NA,11,0,5.666666667,2,1,51.81333333
19/12/2013,W16,W.acuminata,W.11,W16.W.11,high,2,18,monoculture,1,206,0.5238,,NA,20,0,5.666666667,2,1,51.81333333
19/12/2013,W16,W.acuminata,W.12,W16.W.12,high,2,18,monoculture,1,170,0.2545,,NA,8,0,5.666666667,2,1,51.81333333
19/12/2013,W16,W.acuminata,W.13,W16.W.13,high,2,18,monoculture,1,140,0.0952,,NA,3,0,5.666666667,2,1,51.81333333
19/12/2013,W16,W.acuminata,W.14,W16.W.14,high,2,18,monoculture,1,145,0.0658,,NA,4,0,5.666666667,2,1,51.81333333
19/12/2013,W16,W.acuminata,W.15,W16.W.15,high,2,18,monoculture,1,148,0.1185,,NA,6,0,5.666666667,2,1,51.81333333
19/12/2013,W16,W.acuminata,W.16,W16.W.16,high,2,18,monoculture,1,160,0.1116,,NA,3,0,5.666666667,2,1,51.81333333
19/12/2013,W16,W.acuminata,W.3,W16.W.3,high,2,18,monoculture,1,157,0.3644,RED,NA,15,0,5.666666667,2,1,51.81333333
19/12/2013,W16,W.acuminata,W.4,W16.W.4,high,2,18,monoculture,1,151,0.3243,ORANGE,NA,12,0,5.666666667,2,1,51.81333333
19/12/2013,W16,W.acuminata,W.5,W16.W.5,high,2,18,monoculture,1,195,0.2672,,NA,11,0,5.666666667,2,1,51.81333333
19/12/2013,W16,W.acuminata,W.6,W16.W.6,high,2,18,monoculture,1,145,0.3169,,NA,16,0,5.666666667,2,1,51.81333333
19/12/2013,W16,W.acuminata,W.7,W16.W.7,high,2,18,monoculture,1,129,0.3705,,NA,15,1,5.666666667,2,1,51.81333333
,W16,W.acuminata,W.8,W16.W.8,high,2,18,monoculture,1,147,0.2188,,NA,11,1,5.666666667,2,1,51.81333333
19/12/2013,W16,W.acuminata,W.9,W16.W.9,high,2,18,monoculture,1,203,1.8795,,NA,13,0,5.666666667,2,1,51.81333333
19/12/2013,W17,W.acuminata,W.14,W17.W.14,NA,NA,NA,monoculture,1,142,0.0417,,NA,5,0,NA,NA,NA,NA
19/12/2013,W17,W.acuminata,W.10,W17.W.10,NA,NA,NA,monoculture,1,145,0.0889,,NA,5,0,NA,NA,NA,NA
19/12/2013,W17,W.acuminata,W.11,W17.W.11,NA,NA,NA,monoculture,1,163,0.2545,,NA,7,1,NA,NA,NA,NA
19/12/2013,W17,W.acuminata,W.12,W17.W.12,NA,NA,NA,monoculture,1,125,0.0847,,NA,6,0,NA,NA,NA,NA
19/12/2013,W17,W.acuminata,W.13,W17.W.13,NA,NA,NA,monoculture,1,115,0.0953,,NA,5,0,NA,NA,NA,NA
19/12/2013,W17,W.acuminata,W.15,W17.W.15,NA,NA,NA,monoculture,1,113,0.035,,NA,3,0,NA,NA,NA,NA
19/12/2013,W17,W.acuminata,W.16,W17.W.16,NA,NA,NA,monoculture,1,140,0.0306,,NA,1,0,NA,NA,NA,NA
19/12/2013,W17,W.acuminata,W.17,W17.W.17,NA,NA,NA,monoculture,1,136,0.0464,,NA,3,0,NA,NA,NA,NA
19/12/2013,W17,W.acuminata,W.18,W17.W.18,NA,NA,NA,monoculture,1,118,0.0282,,NA,1,0,NA,NA,NA,NA
19/12/2013,W17,W.acuminata,W.19,W17.W.19,NA,NA,NA,monoculture,1,87,0.0168,,NA,1,0,NA,NA,NA,NA
19/12/2013,W17,W.acuminata,W.20,W17.W.20,NA,NA,NA,monoculture,1,95,0.0221,,NA,2,0,NA,NA,NA,NA
19/12/2013,W17,W.acuminata,W.21,W17.W.21,NA,NA,NA,monoculture,1,115,0.0247,,NA,2,0,NA,NA,NA,NA
19/12/2013,W17,W.acuminata,W.22,W17.W.22,NA,NA,NA,monoculture,1,192,0.1784,,NA,11,1,NA,NA,NA,NA
19/12/2013,W17,W.acuminata,W.5,W17.W.5,NA,NA,NA,monoculture,1,155,0.0779,,NA,5,0,NA,NA,NA,NA
19/12/2013,W17,W.acuminata,W.6,W17.W.6,NA,NA,NA,monoculture,1,166,0.1484,,NA,6,0,NA,NA,NA,NA
19/12/2013,W17,W.acuminata,W.7,W17.W.7,NA,NA,NA,monoculture,1,180,0.228,,NA,11,0,NA,NA,NA,NA
19/12/2013,W17,W.acuminata,W.8,W17.W.8,NA,NA,NA,monoculture,1,152,0.1082,,NA,4,0,NA,NA,NA,NA
19/12/2013,W17,W.acuminata,W.9,W17.W.9,NA,NA,NA,monoculture,1,185,0.1182,,NA,5,0,NA,NA,NA,NA
7-Dec-13,W17,W.acuminata,W.2,W17.W.2,NA,NA,NA,monoculture,1,145,0.1756,,NA,9,0,NA,NA,NA,NA
7-Dec-13,W17,W.acuminata,W.4,W17.W.4,NA,NA,NA,monoculture,1,117,0.053,,NA,2,0,NA,NA,NA,NA
7-Dec-13,W17,W.acuminata,W.1,W17.W.1,NA,NA,NA,monoculture,1,145,0.0655,,NA,NA,NA,NA,NA,NA,NA
7-Dec-13,W17,W.acuminata,W.3,W17.W.3,NA,NA,NA,monoculture,1,135,0.073,,NA,2,0,NA,NA,NA,NA
19/12/2013,W18,W.acuminata,W.10,W18.W.10,NA,NA,NA,monoculture,1,217,0.2247,,NA,10,0,NA,NA,NA,NA
19/12/2013,W18,W.acuminata,W.11,W18.W.11,NA,NA,NA,monoculture,1,206,0.2517,,NA,12,1,NA,NA,NA,NA
19/12/2013,W18,W.acuminata,W.12,W18.W.12,NA,NA,NA,monoculture,1,230,0.3477,,NA,10,0,NA,NA,NA,NA
19/12/2013,W18,W.acuminata,W.13,W18.W.13,NA,NA,NA,monoculture,1,181,0.1686,,NA,6,1,NA,NA,NA,NA
19/12/2013,W18,W.acuminata,W.14,W18.W.14,NA,NA,NA,monoculture,1,178,0.02267,,NA,NA,NA,NA,NA,NA,NA
19/12/2013,W18,W.acuminata,W.15,W18.W.15,NA,NA,NA,monoculture,1,146,0.1671,,NA,7,0,NA,NA,NA,NA
19/12/2013,W18,W.acuminata,W.16,W18.W.16,NA,NA,NA,monoculture,1,186,0.1523,,NA,9,1,NA,NA,NA,NA
19/12/2013,W18,W.acuminata,W.17,W18.W.17,NA,NA,NA,monoculture,1,186,0.0962,,NA,4,0,NA,NA,NA,NA
19/12/2013,W18,W.acuminata,W.18,W18.W.18,NA,NA,NA,monoculture,1,160,0.1215,,NA,5,1,NA,NA,NA,NA
19/12/2013,W18,W.acuminata,W.19,W18.W.19,NA,NA,NA,monoculture,1,152,0.1123,,NA,8,1,NA,NA,NA,NA
19/12/2013,W18,W.acuminata,W.20,W18.W.20,NA,NA,NA,monoculture,1,156,0.0544,,NA,4,0,NA,NA,NA,NA
19/12/2013,W18,W.acuminata,W.21,W18.W.21,NA,NA,NA,monoculture,1,145,0.0509,,NA,4,0,NA,NA,NA,NA
19/12/2013,W18,W.acuminata,W.22,W18.W.22,NA,NA,NA,monoculture,1,185,0.4894,,NA,20,1,NA,NA,NA,NA
19/12/2013,W18,W.acuminata,W.4,W18.W.4,NA,NA,NA,monoculture,1,139,0.1224,,NA,11,1,NA,NA,NA,NA
19/12/2013,W18,W.acuminata,W.5,W18.W.5,NA,NA,NA,monoculture,1,100,0.0475,,NA,4,1,NA,NA,NA,NA
19/12/2013,W18,W.acuminata,W.6,W18.W.6,NA,NA,NA,monoculture,1,150,0.1132,,NA,8,1,NA,NA,NA,NA
19/12/2013,W18,W.acuminata,W.7,W18.W.7,NA,NA,NA,monoculture,1,90,0.0265,,NA,2,0,NA,NA,NA,NA
19/12/2013,W18,W.acuminata,W.8,W18.W.8,NA,NA,NA,monoculture,1,180,0.2752,,NA,12,1,NA,NA,NA,NA
19/12/2013,W18,W.acuminata,W.9,W18.W.9,NA,NA,NA,monoculture,1,216,0.4511,,NA,22,1,NA,NA,NA,NA
7-Dec-13,W18,W.acuminata,W.2,W18.W.2,NA,NA,NA,monoculture,1,163,0.2157,,NA,8,1,NA,NA,NA,NA
7-Dec-13,W18,W.acuminata,W.3,W18.W.3,NA,NA,NA,monoculture,1,130,0.2828,,NA,10,1,NA,NA,NA,NA
19/12/2013,W19,W.acuminata,W.1,W19.W.1,low,1,5,monoculture,1,223,1.85708,PINK,NA,37,1,4.333333333,2,1,39.68
19/12/2013,W19,W.acuminata,W.2,W19.W.2,low,1,5,monoculture,1,244,1.9194,,NA,39,1,4.333333333,2,1,39.68
19/12/2013,W19,W.acuminata,W.3,W19.W.3,low,1,5,monoculture,1,232,0.5631,,NA,14,1,4.333333333,2,1,39.68
19/12/2013,W19,W.acuminata,W.4,W19.W.4,low,1,5,monoculture,1,193,0.819,,NA,21,0,4.333333333,2,1,39.68
19/12/2013,W19,W.acuminata,W.5,W19.W.5,low,1,5,monoculture,1,212,0.6106,,NA,17,0,4.333333333,2,1,39.68
19/12/2013,W21,W.acuminata,W.1,W21.W.1,high,2,23,monoculture,1,207,0.5218,,NA,17,0,6,4,2,62.90666667
19/12/2013,W21,W.acuminata,W.10,W21.W.10,high,2,23,monoculture,1,147,0.1922,,NA,9,1,6,4,2,62.90666667
19/12/2013,W21,W.acuminata,W.11,W21.W.11,high,2,23,monoculture,1,165,0.1371,,NA,6,0,6,4,2,62.90666667
19/12/2013,W21,W.acuminata,W.12,W21.W.12,high,2,23,monoculture,1,172,0.4348,,NA,18,1,6,4,2,62.90666667
19/12/2013,W21,W.acuminata,W.13,W21.W.13,high,2,23,monoculture,1,147,0.1212,,NA,8,1,6,4,2,62.90666667
19/12/2013,W21,W.acuminata,W.14,W21.W.14,high,2,23,monoculture,1,136,0.1136,,NA,5,0,6,4,2,62.90666667
19/12/2013,W21,W.acuminata,W.15,W21.W.15,high,2,23,monoculture,1,128,0.0898,,NA,5,0,6,4,2,62.90666667
19/12/2013,W21,W.acuminata,W.16,W21.W.16,high,2,23,monoculture,1,123,0.088,,NA,4,0,6,4,2,62.90666667
19/12/2013,W21,W.acuminata,W.2,W21.W.2,high,2,23,monoculture,1,176,0.9812,,NA,33,1,6,4,2,62.90666667
19/12/2013,W21,W.acuminata,W.3,W21.W.3,high,2,23,monoculture,1,205,0.6955,,NA,34,1,6,4,2,62.90666667
19/12/2013,W21,W.acuminata,W.4,W21.W.4,high,2,23,monoculture,1,185,0.6278,,NA,22,0,6,4,2,62.90666667
19/12/2013,W21,W.acuminata,W.5,W21.W.5,high,2,23,monoculture,1,195,1.3228,,NA,45,1,6,4,2,62.90666667
19/12/2013,W21,W.acuminata,W.6,W21.W.6,high,2,23,monoculture,1,177,0.5349,,NA,19,0,6,4,2,62.90666667
19/12/2013,W21,W.acuminata,W.7,W21.W.7,high,2,23,monoculture,1,155,0.2321,,NA,7,1,6,4,2,62.90666667
19/12/2013,W21,W.acuminata,W.8,W21.W.8,high,2,23,monoculture,1,145,0.2075,,NA,7,0,6,4,2,62.90666667
19/12/2013,W21,W.acuminata,W.9,W21.W.9,high,2,23,monoculture,1,152,0.2749,,NA,12,1,6,4,2,62.90666667
7/12/2013,WA1,W.acuminata,W.1,WA1.W.1,low,1,9,mixture,152,280,1.0807,"GREEN, SEEDS",0.0807,35,1,6,2,1,33.09333333
7/12/2013,WA1,W.acuminata,W.2,WA1.W.2,low,1,9,mixture,152,210,1.063,,NA,34,0,6,2,1,33.09333333
7/12/2013,WA1,W.acuminata,W.3,WA1.W.3,low,1,9,mixture,152,245,1.6332,,NA,40,1,6,2,1,33.09333333
8/12/2013,WA1,W.acuminata,W.4,WA1.W.4,low,1,9,mixture,152,202,0.6818,,NA,22,0,6,2,1,33.09333333
7/12/2013,WA1,W.acuminata,W.5,WA1.W.5,low,1,9,mixture,152,226,0.4493,,NA,18,1,6,2,1,33.09333333
7/12/2013,WA1,W.acuminata,W.6,WA1.W.6,low,1,9,mixture,152,230,0.83,,NA,28,1,6,2,1,33.09333333
7/12/2013,WA1,W.acuminata,W.7,WA1.W.7,low,1,9,mixture,152,218,1.1249,,NA,31,1,6,2,1,33.09333333
8/12/2013,WA1,W.acuminata,W.8,WA1.W.8,low,1,9,mixture,152,207,0.566,,NA,24,1,6,2,1,33.09333333
7/12/2013,WA1,W.acuminata,W.9,WA1.W.9,low,1,9,mixture,152,210,0.6382,,NA,27,1,6,2,1,33.09333333
7/12/2013,WA1,W.acuminata,W.10,WA1.W.10,low,1,9,mixture,152,218,0.4291,,NA,19,0,6,2,1,33.09333333
3/11/2013,WA1,A.cupaniana,A.1,WA1.A.1,low,1,9,NA,NA,142,0.0086,,NA,NA,NA,6,2,1,33.09333333
3/11/2013,WA1,A.cupaniana,A.2,WA1.A.2,low,1,9,NA,NA,115,0.0041,,NA,NA,NA,6,2,1,33.09333333
3/11/2013,WA1,A.cupaniana,A.3,WA1.A.3,low,1,9,NA,NA,152,0.0066,,NA,NA,NA,6,2,1,33.09333333
3/11/2013,WA1,A.cupaniana,A.4,WA1.A.4,low,1,9,NA,NA,NA,NA,,NA,NA,NA,6,2,1,33.09333333
3/11/2013,WA1,A.cupaniana,A.5,WA1.A.5,low,1,9,NA,NA,NA,NA,,NA,NA,NA,6,2,1,33.09333333
3/11/2013,WA1,A.cupaniana,A.6,WA1.A.6,low,1,9,NA,NA,132,0.0056,,NA,NA,NA,6,2,1,33.09333333
3/11/2013,WA1,A.cupaniana,A.7,WA1.A.7,low,1,9,NA,NA,173,0.0084,,NA,NA,NA,6,2,1,33.09333333
3/11/2013,WA1,A.cupaniana,A.8,WA1.A.8,low,1,9,NA,NA,116,0.0037,,NA,NA,NA,6,2,1,33.09333333
3/11/2013,WA1,A.cupaniana,A.9,WA1.A.9,low,1,9,NA,NA,97,0.0019,,NA,NA,NA,6,2,1,33.09333333
3/11/2013,WA1,A.cupaniana,A.10,WA1.A.10,low,1,9,NA,NA,173,0.0122,,NA,NA,NA,6,2,1,33.09333333
3/11/2013,WA1,A.cupaniana,A.11,WA1.A.11,low,1,9,NA,NA,95,0.0021,,NA,NA,NA,6,2,1,33.09333333
3/11/2013,WA1,A.cupaniana,A.12,WA1.A.12,low,1,9,NA,NA,148,0.0123,,NA,NA,NA,6,2,1,33.09333333
3/11/2013,WA1,A.cupaniana,A.13,WA1.A.13,low,1,9,NA,NA,183,0.0088,,NA,NA,NA,6,2,1,33.09333333
3/11/2013,WA1,A.cupaniana,A.14,WA1.A.14,low,1,9,NA,NA,183,0.0107,,NA,NA,NA,6,2,1,33.09333333
3/11/2013,WA1,A.cupaniana,A.15,WA1.A.15,low,1,9,NA,NA,200,0.0183,,NA,NA,NA,6,2,1,33.09333333
19/12/2013,WA10,W.acuminata,W.1,WA10.W.1,high,2,19,mixture,152,225,2.2044,"RED, SEEDS",0.0108,67,1,5,2,1,17.14666667
19/12/2013,WA10,W.acuminata,W.10,WA10.W.10,high,2,19,mixture,152,218,0.6495,,NA,22,1,5,2,1,17.14666667
19/12/2013,WA10,W.acuminata,W.11,WA10.W.11,high,2,19,mixture,152,242,1.647,,NA,40,0,5,2,1,17.14666667
19/12/2013,WA10,W.acuminata,W.12,WA10.W.12,high,2,19,mixture,152,193,0.313,,NA,15,1,5,2,1,17.14666667
19/12/2013,WA10,W.acuminata,W.13,WA10.W.13,high,2,19,mixture,152,150,0.0714,,NA,6,0,5,2,1,17.14666667
19/12/2013,WA10,W.acuminata,W.13B,WA10.W.13B,high,2,19,mixture,152,205,0.5775,,NA,19,0,5,2,1,17.14666667
19/12/2013,WA10,W.acuminata,W.14,WA10.W.14,high,2,19,mixture,152,206,0.4732,,NA,15,0,5,2,1,17.14666667
19/12/2013,WA10,W.acuminata,W.15,WA10.W.15,high,2,19,mixture,152,170,0.1714,,NA,11,0,5,2,1,17.14666667
19/12/2013,WA10,W.acuminata,W.2,WA10.W.2,high,2,19,mixture,152,227,0.8535,ORANGE,0.038,32,0,5,2,1,17.14666667
7/12/2013,WA10,W.acuminata,W.3B,WA10.W.3B,high,2,19,mixture,152,155,0.1159,ENTIRE,NA,8,0,5,2,1,17.14666667
19/12/2013,WA10,W.acuminata,W.3,WA10.W.3,high,2,19,mixture,152,247,0.9829,GREEN,0.0091,35,0,5,2,1,17.14666667
19/12/2013,WA10,W.acuminata,W.4,WA10.W.4,high,2,19,mixture,152,205,2.075,PURPLE,0.0375,79,1,5,2,1,17.14666667
19/12/2013,WA10,W.acuminata,W.5,WA10.W.5,high,2,19,mixture,152,237,0.836,,NA,27,1,5,2,1,17.14666667
14/12/2013,WA10,W.acuminata,W.6,WA10.W.6,high,2,19,mixture,152,260,0.6016,,NA,19,1,5,2,1,17.14666667
19/12/2013,WA10,W.acuminata,W.7,WA10.W.7,high,2,19,mixture,152,167,0.273,,NA,12,0,5,2,1,17.14666667
19/12/2013,WA10,W.acuminata,W.8,WA10.W.8,high,2,19,mixture,152,297,0.9084,,NA,22,0,5,2,1,17.14666667
19/12/2013,WA10,W.acuminata,W.9,WA10.W.9,high,2,19,mixture,152,213,0.4867,,NA,18,0,5,2,1,17.14666667
3/11/2013,WA10,A.cupaniana,A.1,WA10.A.1,high,2,19,NA,NA,200,0.0193,,NA,NA,NA,5,2,1,17.14666667
3/11/2013,WA10,A.cupaniana,A.10,WA10.A.10,high,2,19,NA,NA,55,0.0011,,NA,NA,NA,5,2,1,17.14666667
3/11/2013,WA10,A.cupaniana,A.11,WA10.A.11,high,2,19,NA,NA,80,0.0033,,NA,NA,NA,5,2,1,17.14666667
3/11/2013,WA10,A.cupaniana,A.12,WA10.A.12,high,2,19,NA,NA,45,0.001,,NA,NA,NA,5,2,1,17.14666667
3/11/2013,WA10,A.cupaniana,A.13,WA10.A.13,high,2,19,NA,NA,45,4.00E-04,,NA,NA,NA,5,2,1,17.14666667
3/11/2013,WA10,A.cupaniana,A.14,WA10.A.14,high,2,19,NA,NA,70,0.0016,,NA,NA,NA,5,2,1,17.14666667
3/11/2013,WA10,A.cupaniana,A.15,WA10.A.15,high,2,19,NA,NA,70,0.0015,,NA,NA,NA,5,2,1,17.14666667
3/11/2013,WA10,A.cupaniana,A.2,WA10.A.2,high,2,19,NA,NA,64,0.001,,NA,NA,NA,5,2,1,17.14666667
3/11/2013,WA10,A.cupaniana,A.3,WA10.A.3,high,2,19,NA,NA,70,9.00E-04,,NA,NA,NA,5,2,1,17.14666667
3/11/2013,WA10,A.cupaniana,A.4,WA10.A.4,high,2,19,NA,NA,100,0.014,,NA,NA,NA,5,2,1,17.14666667
3/11/2013,WA10,A.cupaniana,A.5,WA10.A.5,high,2,19,NA,NA,44,9.00E-04,,NA,NA,NA,5,2,1,17.14666667
3/11/2013,WA10,A.cupaniana,A.6,WA10.A.6,high,2,19,NA,NA,125,0.0053,,NA,NA,NA,5,2,1,17.14666667
3/11/2013,WA10,A.cupaniana,A.7,WA10.A.7,high,2,19,NA,NA,140,0.0059,,NA,NA,NA,5,2,1,17.14666667
3/11/2013,WA10,A.cupaniana,A.8,WA10.A.8,high,2,19,NA,NA,110,0.0032,,NA,NA,NA,5,2,1,17.14666667
3/11/2013,WA10,A.cupaniana,A.9,WA10.A.9,high,2,19,NA,NA,105,0.0054,,NA,NA,NA,5,2,1,17.14666667
19/12/2013,WA2,W.acuminata,W.1,WA2.W.1,low,1,12,mixture,152,150,0.1127,ORANGE,0.0031,4,0,6.333333333,2,1,53.54666667
19/12/2013,WA2,W.acuminata,W.10,WA2.W.10,low,1,12,mixture,152,240,0.6058,,NA,24,0,6.333333333,2,1,53.54666667
19/12/2013,WA2,W.acuminata,W.11,WA2.W.11,low,1,12,mixture,152,165,0.2635,,NA,12,0,6.333333333,2,1,53.54666667
19/12/2013,WA2,W.acuminata,W.2,WA2.W.2,low,1,12,mixture,152,NA,0.1675,"NO HEIGHT, pink seeds",0.0044,8,0,6.333333333,2,1,53.54666667
19/12/2013,WA2,W.acuminata,W.3,WA2.W.3,low,1,12,mixture,152,217,0.5769,"BLUE, SEEDS",0.0128,24,0,6.333333333,2,1,53.54666667
19/12/2013,WA2,W.acuminata,W.4,WA2.W.4,low,1,12,mixture,152,266,0.7548,,NA,26,0,6.333333333,2,1,53.54666667
19/12/2013,WA2,W.acuminata,W.5,WA2.W.5,low,1,12,mixture,152,233,0.4393,,NA,14,0,6.333333333,2,1,53.54666667
19/12/2013,WA2,W.acuminata,W.7,WA2.W.7,low,1,12,mixture,152,NA,0.1406,NO HEIGHT,NA,6,0,6.333333333,2,1,53.54666667
19/12/2013,WA2,W.acuminata,W.8,WA2.W.8,low,1,12,mixture,152,175,0.2586,,NA,15,0,6.333333333,2,1,53.54666667
19/12/2013,WA2,W.acuminata,W.9,WA2.W.9,low,1,12,mixture,152,167,0.1852,,NA,10,0,6.333333333,2,1,53.54666667
19/12/2013,WA2,W.acuminata,W.6,WA2.W.6,low,1,12,mixture,152,165,0.3593,,NA,10,0,6.333333333,2,1,53.54666667
3-Nov-13,WA2,A.cupaniana,A.14,WA2.A.14,low,1,12,NA,NA,152,0.0077,,NA,NA,NA,6.333333333,2,1,53.54666667
3-Nov-13,WA2,A.cupaniana,A.13,WA2.A.13,low,1,12,NA,NA,220,0.0128,,NA,NA,NA,6.333333333,2,1,53.54666667
3-Nov-13,WA2,A.cupaniana,A.15,WA2.A.15,low,1,12,NA,NA,255,0.017,,NA,NA,NA,6.333333333,2,1,53.54666667
3-Nov-13,WA2,A.cupaniana,A.12,WA2.A.12,low,1,12,NA,NA,210,0.0111,,NA,NA,NA,6.333333333,2,1,53.54666667
3-Nov-13,WA2,A.cupaniana,A.11,WA2.A.11,low,1,12,NA,NA,220,0.0122,,NA,NA,NA,6.333333333,2,1,53.54666667
3-Nov-13,WA2,A.cupaniana,A.10,WA2.A.10,low,1,12,NA,NA,114,0.0028,,NA,NA,NA,6.333333333,2,1,53.54666667
3-Nov-13,WA2,A.cupaniana,A.9,WA2.A.9,low,1,12,NA,NA,163,0.0072,,NA,NA,NA,6.333333333,2,1,53.54666667
3-Nov-13,WA2,A.cupaniana,A.8,WA2.A.8,low,1,12,NA,NA,118,0.0035,,NA,NA,NA,6.333333333,2,1,53.54666667
3-Nov-13,WA2,A.cupaniana,A.7,WA2.A.7,low,1,12,NA,NA,84,0.0016,,NA,NA,NA,6.333333333,2,1,53.54666667
3-Nov-13,WA2,A.cupaniana,A.6,WA2.A.6,low,1,12,NA,NA,95,0.0023,,NA,NA,NA,6.333333333,2,1,53.54666667
3-Nov-13,WA2,A.cupaniana,A.5,WA2.A.5,low,1,12,NA,NA,147,0.0033,,NA,NA,NA,6.333333333,2,1,53.54666667
3-Nov-13,WA2,A.cupaniana,A.4,WA2.A.4,low,1,12,NA,NA,125,0.0038,,NA,NA,NA,6.333333333,2,1,53.54666667
3-Nov-13,WA2,A.cupaniana,A.3,WA2.A.3,low,1,12,NA,NA,180,0.0103,,NA,NA,NA,6.333333333,2,1,53.54666667
3-Nov-13,WA2,A.cupaniana,A.2,WA2.A.2,low,1,12,NA,NA,173,0.0102,,NA,NA,NA,6.333333333,2,1,53.54666667
3-Nov-13,WA2,A.cupaniana,A.1,WA2.A.1,low,1,12,NA,NA,152,0.0057,,NA,NA,NA,6.333333333,2,1,53.54666667
29/11/2013,WA3,W.acuminata,W.1,WA3.W.1,low,1,4,mixture,152,240,1.81908,,0.0116,23,1,4.666666667,4,7,25.12
7/12/2013,WA3,W.acuminata,W.2,WA3.W.2,low,1,4,mixture,152,128,0.1719,,0.0025,11,1,4.666666667,4,7,25.12
19/12/2013,WA3,W.acuminata,W.3,WA3.W.3,low,1,4,mixture,152,305,0.8021,,NA,35,1,4.666666667,4,7,25.12
19/12/2013,WA3,W.acuminata,W.4,WA3.W.4,low,1,4,mixture,152,225,1.181,,NA,45,1,4.666666667,4,7,25.12
3-Nov-13,WA3,A.cupaniana,A.14,WA3.A.14,low,1,4,NA,NA,240,0.0672,,NA,NA,NA,4.666666667,4,7,25.12
3-Nov-13,WA3,A.cupaniana,A.13,WA3.A.13,low,1,4,NA,NA,197,0.0204,,NA,NA,NA,4.666666667,4,7,25.12
3-Nov-13,WA3,A.cupaniana,A.12,WA3.A.12,low,1,4,NA,NA,205,0.014,,NA,NA,NA,4.666666667,4,7,25.12
3-Nov-13,WA3,A.cupaniana,A.11,WA3.A.11,low,1,4,NA,NA,163,0.0084,,NA,NA,NA,4.666666667,4,7,25.12
3-Nov-13,WA3,A.cupaniana,A.10,WA3.A.10,low,1,4,NA,NA,143,0.0076,,NA,NA,NA,4.666666667,4,7,25.12
3-Nov-13,WA3,A.cupaniana,A.1,WA3.A.1,low,1,4,NA,NA,140,0.0112,,NA,NA,NA,4.666666667,4,7,25.12
3-Nov-13,WA3,A.cupaniana,A.9,WA3.A.9,low,1,4,NA,NA,117,0.0122,,NA,NA,NA,4.666666667,4,7,25.12
3-Nov-13,WA3,A.cupaniana,A.8,WA3.A.8,low,1,4,NA,NA,187,0.0113,,NA,NA,NA,4.666666667,4,7,25.12
3-Nov-13,WA3,A.cupaniana,A.7,WA3.A.7,low,1,4,NA,NA,148,0.0043,,NA,NA,NA,4.666666667,4,7,25.12
3-Nov-13,WA3,A.cupaniana,A.6,WA3.A.6,low,1,4,NA,NA,295,0.0232,,NA,NA,NA,4.666666667,4,7,25.12
3-Nov-13,WA3,A.cupaniana,A.5,WA3.A.5,low,1,4,NA,NA,185,0.0232,,NA,NA,NA,4.666666667,4,7,25.12
3-Nov-13,WA3,A.cupaniana,A.4,WA3.A.4,low,1,4,NA,NA,150,0.0114,,NA,NA,NA,4.666666667,4,7,25.12
3-Nov-13,WA3,A.cupaniana,A.3,WA3.A.3,low,1,4,NA,NA,110,0.0041,,NA,NA,NA,4.666666667,4,7,25.12
3-Nov-13,WA3,A.cupaniana,A.15,WA3.A.15,low,1,4,NA,NA,193,0.0226,,NA,NA,NA,4.666666667,4,7,25.12
3-Nov-13,WA3,A.cupaniana,A.2,WA3.A.2,low,1,4,NA,NA,180,0.0112,,NA,NA,NA,4.666666667,4,7,25.12
7/12/2013,WA4,W.acuminata,W.1,WA4.W.1,low,1,17,mixture,152,118,0.0373,,0.005,2,0,6,2,2,27.2
18/12/2013,WA4,W.acuminata,W.10,WA4.W.10,low,1,17,mixture,152,220,0.7268,,NA,25,0,6,2,2,27.2
18/12/2013,WA4,W.acuminata,W.11,WA4.W.11,low,1,17,mixture,152,272,0.8658,,NA,25,0,6,2,2,27.2
18/12/2013,WA4,W.acuminata,W.12,WA4.W.12,low,1,17,mixture,152,130,0.2605,,NA,10,0,6,2,2,27.2
18/12/2013,WA4,W.acuminata,W.14,WA4.W.14,low,1,17,mixture,152,195,0.1838,,0.004,10,0,6,2,2,27.2
7/12/2013,WA4,W.acuminata,W.2,WA4.W.2,low,1,17,mixture,152,120,0.0387,,NA,2,0,6,2,2,27.2
18/12/2013,WA4,W.acuminata,W.3,WA4.W.3,low,1,17,mixture,152,260,1.0118,"RED, SEEDS",0.0221,34,1,6,2,2,27.2
18/12/2013,WA4,W.acuminata,W.4,WA4.W.4,low,1,17,mixture,152,214,0.3908,,NA,15,1,6,2,2,27.2
18/12/2013,WA4,W.acuminata,W.5,WA4.W.5,low,1,17,mixture,152,260,0.8693,,NA,28,1,6,2,2,27.2
18/12/2013,WA4,W.acuminata,W.7,WA4.W.7,low,1,17,mixture,152,205,0.364,,NA,13,0,6,2,2,27.2
18/12/2013,WA4,W.acuminata,W.8,WA4.W.8,low,1,17,mixture,152,175,0.4114,,NA,16,1,6,2,2,27.2
18/12/2013,WA4,W.acuminata,W.9,WA4.W.9,low,1,17,mixture,152,184,0.4548,,NA,12,0,6,2,2,27.2
18-Dec-13,WA4,W.acuminata,W.13,WA4.W.13,low,1,17,mixture,152,150,0.063,,NA,3,0,6,2,2,27.2
3/11/2013,WA4,A.cupaniana,A.4,WA4.A.4,low,1,17,NA,NA,153,0.0076,,NA,NA,NA,6,2,2,27.2
3/11/2013,WA4,A.cupaniana,A.5,WA4.A.5,low,1,17,NA,NA,132,0.0091,,NA,NA,NA,6,2,2,27.2
3-Nov-13,WA4,A.cupaniana,A.14,WA4.A.14,low,1,17,NA,NA,110,0.0058,,NA,NA,NA,6,2,2,27.2
3-Nov-13,WA4,A.cupaniana,A.13,WA4.A.13,low,1,17,NA,NA,95,0.0028,,NA,NA,NA,6,2,2,27.2
3-Nov-13,WA4,A.cupaniana,A.12,WA4.A.12,low,1,17,NA,NA,152,0.0062,,NA,NA,NA,6,2,2,27.2
3-Nov-13,WA4,A.cupaniana,A.11,WA4.A.11,low,1,17,NA,NA,160,0.006,,NA,NA,NA,6,2,2,27.2
3-Nov-13,WA4,A.cupaniana,A.10,WA4.A.10,low,1,17,NA,NA,163,0.0075,,NA,NA,NA,6,2,2,27.2
3-Nov-13,WA4,A.cupaniana,A.9,WA4.A.9,low,1,17,NA,NA,155,0.0079,,NA,NA,NA,6,2,2,27.2
3-Nov-13,WA4,A.cupaniana,A.8,WA4.A.8,low,1,17,NA,NA,95,0.0039,,NA,NA,NA,6,2,2,27.2
3-Nov-13,WA4,A.cupaniana,A.7,WA4.A.7,low,1,17,NA,NA,125,0.0051,,NA,NA,NA,6,2,2,27.2
3-Nov-13,WA4,A.cupaniana,A.15,WA4.A.15,low,1,17,NA,NA,170,0.0087,,NA,NA,NA,6,2,2,27.2
3-Nov-13,WA4,A.cupaniana,A.6,WA4.A.6,low,1,17,NA,NA,160,0.0065,,NA,NA,NA,6,2,2,27.2
3-Nov-13,WA4,A.cupaniana,A.3,WA4.A.3,low,1,17,NA,NA,110,0.0062,,NA,NA,NA,6,2,2,27.2
3-Nov-13,WA4,A.cupaniana,A.2,WA4.A.2,low,1,17,NA,NA,126,0.0038,,NA,NA,NA,6,2,2,27.2
3-Nov-13,WA4,A.cupaniana,A.1,WA4.A.1,low,1,17,NA,NA,136,0.0051,,NA,NA,NA,6,2,2,27.2
18/12/2013,WA5,W.acuminata,W.1,WA5.W.1,high,2,15,mixture,152,230,0.452,PINK,0.0091,16,1,6.333333333,5,37,25.81333333
19/12/2013,WA5,W.acuminata,W.10,WA5.W.10,high,2,15,mixture,152,160,0.1844,,NA,11,0,6.333333333,5,37,25.81333333
19/12/2013,WA5,W.acuminata,W.11,WA5.W.11,high,2,15,mixture,152,162,0.0634,,NA,3,0,6.333333333,5,37,25.81333333
19/12/2013,WA5,W.acuminata,W.12,WA5.W.12,high,2,15,mixture,152,165,0.1116,,NA,4,0,6.333333333,5,37,25.81333333
19/12/2013,WA5,W.acuminata,W.13,WA5.W.13,high,2,15,mixture,152,168,0.0894,,NA,4,0,6.333333333,5,37,25.81333333
19/12/2013,WA5,W.acuminata,W.14,WA5.W.14,high,2,15,mixture,152,162,0.0656,,NA,3,0,6.333333333,5,37,25.81333333
19/12/2013,WA5,W.acuminata,W.15,WA5.W.15,high,2,15,mixture,152,163,0.0817,,NA,5,0,6.333333333,5,37,25.81333333
18/12/2013,WA5,W.acuminata,W.2,WA5.W.2,high,2,15,mixture,152,225,0.7495,RED seeds,0.0256,30,1,6.333333333,5,37,25.81333333
18/12/2013,WA5,W.acuminata,W.3,WA5.W.3,high,2,15,mixture,152,235,0.3175,,NA,12,0,6.333333333,5,37,25.81333333
18/12/2013,WA5,W.acuminata,W.4,WA5.W.4,high,2,15,mixture,152,196,0.4918,,NA,26,1,6.333333333,5,37,25.81333333
18/12/2013,WA5,W.acuminata,W.5,WA5.W.5,high,2,15,mixture,152,175,0.0872,,NA,11,1,6.333333333,5,37,25.81333333
19/12/2013,WA5,W.acuminata,W.6,WA5.W.6,high,2,15,mixture,152,165,0.2054,,NA,11,1,6.333333333,5,37,25.81333333
14/12/2013,WA5,W.acuminata,W.7,WA5.W.7,high,2,15,mixture,152,105,0.0402,,NA,1,0,6.333333333,5,37,25.81333333
19/12/2013,WA5,W.acuminata,W.9,WA5.W.9,high,2,15,mixture,152,137,0.0627,,NA,3,0,6.333333333,5,37,25.81333333
19/12/2013,WA5,W.acuminata,W.8,WA5.W.8,high,2,15,mixture,152,125,0.0263,,NA,2,1,6.333333333,5,37,25.81333333
3/11/2013,WA5,A.cupaniana,A.15,WA5.A.15,high,2,15,NA,NA,93,0.0023,,NA,NA,NA,6.333333333,5,37,25.81333333
3-Nov-13,WA5,A.cupaniana,A.14,WA5.A.14,high,2,15,NA,NA,102,0.0036,,NA,NA,NA,6.333333333,5,37,25.81333333
3-Nov-13,WA5,A.cupaniana,A.11,WA5.A.11,high,2,15,NA,NA,85,0.001,,NA,NA,NA,6.333333333,5,37,25.81333333
3-Nov-13,WA5,A.cupaniana,A.13,WA5.A.13,high,2,15,NA,NA,96,0.0023,,NA,NA,NA,6.333333333,5,37,25.81333333
3-Nov-13,WA5,A.cupaniana,A.12,WA5.A.12,high,2,15,NA,NA,122,0.006,,NA,NA,NA,6.333333333,5,37,25.81333333
3-Nov-13,WA5,A.cupaniana,A.10,WA5.A.10,high,2,15,NA,NA,90,0.0032,,NA,NA,NA,6.333333333,5,37,25.81333333
3-Nov-13,WA5,A.cupaniana,A.9,WA5.A.9,high,2,15,NA,NA,95,0.0028,,NA,NA,NA,6.333333333,5,37,25.81333333
3-Nov-13,WA5,A.cupaniana,A.8,WA5.A.8,high,2,15,NA,NA,89,0.0023,,NA,NA,NA,6.333333333,5,37,25.81333333
3-Nov-13,WA5,A.cupaniana,A.7,WA5.A.7,high,2,15,NA,NA,90,0.0037,,NA,NA,NA,6.333333333,5,37,25.81333333
3-Nov-13,WA5,A.cupaniana,A.6,WA5.A.6,high,2,15,NA,NA,182,0.0117,,NA,NA,NA,6.333333333,5,37,25.81333333
3-Nov-13,WA5,A.cupaniana,A.5,WA5.A.5,high,2,15,NA,NA,143,0.0046,,NA,NA,NA,6.333333333,5,37,25.81333333
3-Nov-13,WA5,A.cupaniana,A.4,WA5.A.4,high,2,15,NA,NA,75,0.0017,,NA,NA,NA,6.333333333,5,37,25.81333333
3-Nov-13,WA5,A.cupaniana,A.3,WA5.A.3,high,2,15,NA,NA,120,0.0067,,NA,NA,NA,6.333333333,5,37,25.81333333
3-Nov-13,WA5,A.cupaniana,A.2,WA5.A.2,high,2,15,NA,NA,108,0.0039,,NA,NA,NA,6.333333333,5,37,25.81333333
3-Nov-13,WA5,A.cupaniana,A.1,WA5.A.1,high,2,15,NA,NA,70,0.0012,,NA,NA,NA,6.333333333,5,37,25.81333333
29/11/2013,WA6,W.acuminata,W.1,WA6.W.1,high,2,21,mixture,152,168,0.0764,,0.0027,2,0,6,4,2,19.57333333
18/12/2013,WA6,W.acuminata,W.10,WA6.W.10,high,2,21,mixture,152,225,0.3829,,NA,16,0,6,4,2,19.57333333
18/12/2013,WA6,W.acuminata,W.11,WA6.W.11,high,2,21,mixture,152,190,0.1539,"in bag with w.12, mass is avg of total 2 plants",NA,5,1,6,4,2,19.57333333
18/12/2013,WA6,W.acuminata,W.12,WA6.W.12,high,2,21,mixture,152,140,0.1539,"in bag with w.11, mass is avg of total 2 plants",NA,4,1,6,4,2,19.57333333
18/12/2013,WA6,W.acuminata,W.13,WA6.W.13,high,2,21,mixture,152,215,0.1582,,NA,5,0,6,4,2,19.57333333
18/12/2013,WA6,W.acuminata,W.14,WA6.W.14,high,2,21,mixture,152,232,0.264,,NA,9,0,6,4,2,19.57333333
18/12/2013,WA6,W.acuminata,W.15,WA6.W.15,high,2,21,mixture,152,210,0.3349,,NA,10,0,6,4,2,19.57333333
18/12/2013,WA6,W.acuminata,W.16,WA6.W.16,high,2,21,mixture,152,204,0.1404,,NA,3,0,6,4,2,19.57333333
18/12/2013,WA6,W.acuminata,W.17,WA6.W.17,high,2,21,mixture,152,185,0.0774,,NA,3,0,6,4,2,19.57333333
18/12/2013,WA6,W.acuminata,W.18,WA6.W.18,high,2,21,mixture,152,115,0.0232,,NA,2,0,6,4,2,19.57333333
18/12/2013,WA6,W.acuminata,W.19,WA6.W.19,high,2,21,mixture,152,110,0.0337,,NA,2,0,6,4,2,19.57333333
18/12/2013,WA6,W.acuminata,W.20,WA6.W.20,high,2,21,mixture,152,147,0.0743,,NA,3,0,6,4,2,19.57333333
,WA6,W.acuminata,W.21,WA6.W.21,high,2,21,mixture,152,170,0.2247,,NA,10,0,6,4,2,19.57333333
18/12/2013,WA6,W.acuminata,W.22,WA6.W.22,high,2,21,mixture,152,222,0.2249,,NA,10,0,6,4,2,19.57333333
7/12/2013,WA6,W.acuminata,W.3,WA6.W.3,high,2,21,mixture,152,195,0.1118,,0.007,4,0,6,4,2,19.57333333
7/12/2013,WA6,W.acuminata,W.2,WA6.W.2,high,2,21,mixture,152,187,0.094,,NA,3,0,6,4,2,19.57333333
18/12/2013,WA6,W.acuminata,W.4,WA6.W.4,high,2,21,mixture,152,200,0.8024,,NA,26,1,6,4,2,19.57333333
18/12/2013,WA6,W.acuminata,W.5,WA6.W.5,high,2,21,mixture,152,190,0.4602,,NA,19,1,6,4,2,19.57333333
18/12/2013,WA6,W.acuminata,W.6,WA6.W.6,high,2,21,mixture,152,217,0.2204,,NA,7,0,6,4,2,19.57333333
18/12/2013,WA6,W.acuminata,W.7,WA6.W.7,high,2,21,mixture,152,220,0.1847,,NA,6,0,6,4,2,19.57333333
18/12/2013,WA6,W.acuminata,W.8,WA6.W.8,high,2,21,mixture,152,203,0.1184,,NA,NA,NA,6,4,2,19.57333333
18/12/2013,WA6,W.acuminata,W.9,WA6.W.9,high,2,21,mixture,152,160,0.2177,,NA,9,0,6,4,2,19.57333333
3-Nov-13,WA6,A.cupaniana,A.3,WA6.A.3,high,2,21,NA,NA,93,0.002,,NA,NA,NA,6,4,2,19.57333333
3-Nov-13,WA6,A.cupaniana,A.9,WA6.A.9,high,2,21,NA,NA,93,0.0023,,NA,NA,NA,6,4,2,19.57333333
3-Nov-13,WA6,A.cupaniana,A.13,WA6.A.13,high,2,21,NA,NA,120,0.0044,,NA,NA,NA,6,4,2,19.57333333
3-Nov-13,WA6,A.cupaniana,A.14,WA6.A.14,high,2,21,NA,NA,105,0.0025,,NA,NA,NA,6,4,2,19.57333333
3-Nov-13,WA6,A.cupaniana,A.15,WA6.A.15,high,2,21,NA,NA,145,0.0048,,NA,NA,NA,6,4,2,19.57333333
3-Nov-13,WA6,A.cupaniana,A.12,WA6.A.12,high,2,21,NA,NA,119,0.004,,NA,NA,NA,6,4,2,19.57333333
3-Nov-13,WA6,A.cupaniana,A.11,WA6.A.11,high,2,21,NA,NA,100,0.0048,,NA,NA,NA,6,4,2,19.57333333
3-Nov-13,WA6,A.cupaniana,A.10,WA6.A.10,high,2,21,NA,NA,94,0.0034,,NA,NA,NA,6,4,2,19.57333333
3-Nov-13,WA6,A.cupaniana,A.8,WA6.A.8,high,2,21,NA,NA,138,0.0049,,NA,NA,NA,6,4,2,19.57333333
3-Nov-13,WA6,A.cupaniana,A.7,WA6.A.7,high,2,21,NA,NA,83,0.0022,,NA,NA,NA,6,4,2,19.57333333
3-Nov-13,WA6,A.cupaniana,A.6,WA6.A.6,high,2,21,NA,NA,113,0.004,,NA,NA,NA,6,4,2,19.57333333
3-Nov-13,WA6,A.cupaniana,A.5,WA6.A.5,high,2,21,NA,NA,96,0.0025,,NA,NA,NA,6,4,2,19.57333333
3-Nov-13,WA6,A.cupaniana,A.4,WA6.A.4,high,2,21,NA,NA,165,0.079,,NA,NA,NA,6,4,2,19.57333333
3-Nov-13,WA6,A.cupaniana,A.2,WA6.A.2,high,2,21,NA,NA,83,0.003,,NA,NA,NA,6,4,2,19.57333333
3-Nov-13,WA6,A.cupaniana,A.1,WA6.A.1,high,2,21,NA,NA,90,0.0027,,NA,NA,NA,6,4,2,19.57333333
19/12/2013,WA7,W.acuminata,W.10,WA7.W.10,low,1,9,mixture,152,164,0.1217,,NA,4,1,5.666666667,6,3,2.586666667
7/12/2013,WA7,W.acuminata,W.3,WA7.W.3,low,1,9,mixture,152,83,0.0184,,NA,NA,NA,5.666666667,6,3,2.586666667
19/12/2013,WA7,W.acuminata,W.4,WA7.W.4,low,1,9,mixture,152,300,0.6834,,NA,21,1,5.666666667,6,3,2.586666667
19/12/2013,WA7,W.acuminata,W.5,WA7.W.5,low,1,9,mixture,152,255,0.4385,,NA,18,1,5.666666667,6,3,2.586666667
19/12/2013,WA7,W.acuminata,W.6,WA7.W.6,low,1,9,mixture,152,212,0.1723,,NA,5,0,5.666666667,6,3,2.586666667
19/12/2013,WA7,W.acuminata,W.7,WA7.W.7,low,1,9,mixture,152,245,0.4005,,NA,15,0,5.666666667,6,3,2.586666667
19/12/2013,WA7,W.acuminata,W.8,WA7.W.8,low,1,9,mixture,152,195,0.3472,,NA,16,0,5.666666667,6,3,2.586666667
19/12/2013,WA7,W.acuminata,W.9,WA7.W.9,low,1,9,mixture,152,175,0.1768,,NA,6,0,5.666666667,6,3,2.586666667
29/11/2013,WA7,W.acuminata,W.1,WA7.W.1,low,1,9,mixture,152,163,0.0643,,NA,NA,NA,5.666666667,6,3,2.586666667
29-Nov-13,WA7,W.acuminata,W.2,WA7.W.2,low,1,9,mixture,152,145,0.044,,NA,NA,NA,5.666666667,6,3,2.586666667
19-Dec-13,WA7,W.acuminata,W.11,WA7.W.11,low,1,9,mixture,152,150,0.816,,NA,7,0,5.666666667,6,3,2.586666667
3/11/2013,WA7,A.cupaniana,A.1,WA7.A.1,low,2,9,NA,NA,118,0.0054,,NA,NA,NA,5.666666667,6,3,2.586666667
3/11/2013,WA7,A.cupaniana,A.2,WA7.A.2,low,1,9,NA,NA,103,0.0027,,NA,NA,NA,5.666666667,6,3,2.586666667
3/11/2013,WA7,A.cupaniana,A.13,WA7.A.13,low,1,9,NA,NA,106,0.0031,,NA,NA,NA,5.666666667,6,3,2.586666667
3/11/2013,WA7,A.cupaniana,A.14,WA7.A.14,low,1,9,NA,NA,123,0.0039,,NA,NA,NA,5.666666667,6,3,2.586666667
3/11/2013,WA7,A.cupaniana,A.12,WA7.A.12,low,1,9,NA,NA,95,0.0029,,NA,NA,NA,5.666666667,6,3,2.586666667
3/11/2013,WA7,A.cupaniana,A.11,WA7.A.11,low,1,9,NA,NA,58,9.00E-04,,NA,NA,NA,5.666666667,6,3,2.586666667
3/11/2013,WA7,A.cupaniana,A.10,WA7.A.10,low,1,9,NA,NA,153,0.0061,,NA,NA,NA,5.666666667,6,3,2.586666667
3/11/2013,WA7,A.cupaniana,A.9,WA7.A.9,low,1,9,NA,NA,162,0.0053,,NA,NA,NA,5.666666667,6,3,2.586666667
3/11/2013,WA7,A.cupaniana,A.8,WA7.A.8,low,1,9,NA,NA,112,0.0028,,NA,NA,NA,5.666666667,6,3,2.586666667
3/11/2013,WA7,A.cupaniana,A.7,WA7.A.7,low,1,9,NA,NA,134,0.0034,,NA,NA,NA,5.666666667,6,3,2.586666667
3-Nov-13,WA7,A.cupaniana,A.6,WA7.A.6,low,1,9,NA,NA,117,0.0032,,NA,NA,NA,5.666666667,6,3,2.586666667
3-Nov-13,WA7,A.cupaniana,A.5,WA7.A.5,low,1,9,NA,NA,132,0.0039,,NA,NA,NA,5.666666667,6,3,2.586666667
3-Nov-13,WA7,A.cupaniana,A.4,WA7.A.4,low,1,9,NA,NA,102,0.0032,,NA,NA,NA,5.666666667,6,3,2.586666667
3-Nov-13,WA7,A.cupaniana,A.15,WA7.A.15,low,1,9,NA,NA,140,0.0042,,NA,NA,NA,5.666666667,6,3,2.586666667
3-Nov-13,WA7,A.cupaniana,A.3,WA7.A.3,low,1,9,NA,NA,138,0.0038,,NA,NA,NA,5.666666667,6,3,2.586666667
19/12/2013,WA8,W.acuminata,W.10,WA8.W.10,high,2,20,mixture,152,254,0.2887,,NA,8,0,5.333333333,7,4,26.16
19/12/2013,WA8,W.acuminata,W.11,WA8.W.11,high,2,20,mixture,152,203,0.1762,,NA,6,0,5.333333333,7,4,26.16
19/12/2013,WA8,W.acuminata,W.12,WA8.W.12,high,2,20,mixture,152,236,0.3903,,NA,23,1,5.333333333,7,4,26.16
19/12/2013,WA8,W.acuminata,W.13,WA8.W.13,high,2,20,mixture,152,203,0.2115,,NA,5,0,5.333333333,7,4,26.16
19/12/2013,WA8,W.acuminata,W.14,WA8.W.14,high,2,20,mixture,152,192,0.3594,,NA,11,1,5.333333333,7,4,26.16
19/12/2013,WA8,W.acuminata,W.15,WA8.W.15,high,2,20,mixture,152,150,0.2146,,NA,8,0,5.333333333,7,4,26.16
19/12/2013,WA8,W.acuminata,W.16,WA8.W.16,high,2,20,mixture,152,186,0.3129,,NA,14,0,5.333333333,7,4,26.16
19/12/2013,WA8,W.acuminata,W.2,WA8.W.2,high,2,20,mixture,152,227,0.8955,"PURPLE, SEEDS",0.0042,32,1,5.333333333,7,4,26.16
19/12/2013,WA8,W.acuminata,W.3,WA8.W.3,high,2,20,mixture,152,217,0.85,"ORANGE, SEEDS",0.0061,29,1,5.333333333,7,4,26.16
7/12/2013,WA8,W.acuminata,W.4,WA8.W.4,high,2,20,mixture,152,220,0.5825,ENTIRE,NA,NA,NA,5.333333333,7,4,26.16
7/12/2013,WA8,W.acuminata,W.5,WA8.W.5,high,2,20,mixture,152,170,0.1451,entire,NA,NA,NA,5.333333333,7,4,26.16
7/12/2013,WA8,W.acuminata,W.6,WA8.W.6,high,2,20,mixture,152,145,0.1466,entire,NA,NA,NA,5.333333333,7,4,26.16
19/12/2013,WA8,W.acuminata,W.8,WA8.W.8,high,2,20,mixture,152,145,0.0727,,NA,3,0,5.333333333,7,4,26.16
19/12/2013,WA8,W.acuminata,W.9,WA8.W.9,high,2,20,mixture,152,220,1.046,,NA,31,1,5.333333333,7,4,26.16
3-Nov-13,WA8,W.acuminata,W.1,WA8.W.1,high,2,20,mixture,152,115,0.1401,,NA,4,0,5.333333333,7,4,26.16
3/11/2013,WA8,A.cupaniana,A.3,WA8.A.3,high,2,20,NA,NA,192,0.013,,NA,NA,NA,5.333333333,7,4,26.16
2/11/2013,WA8,A.cupaniana,A.4,WA8.A.4,high,2,20,NA,NA,106,0.0044,,NA,NA,NA,5.333333333,7,4,26.16
3/11/2013,WA8,A.cupaniana,A.5,WA8.A.5,high,2,20,NA,NA,105,0.0028,,NA,NA,NA,5.333333333,7,4,26.16
3-Nov-13,WA8,A.cupaniana,A.1,WA8.A.1,high,2,20,NA,NA,167,0.0139,,NA,NA,NA,5.333333333,7,4,26.16
3-Nov-13,WA8,A.cupaniana,A.15,WA8.A.15,high,2,20,NA,NA,155,0.0108,,NA,NA,NA,5.333333333,7,4,26.16
3-Nov-13,WA8,A.cupaniana,A.2,WA8.A.2,high,2,20,NA,NA,105,0.0026,,NA,NA,NA,5.333333333,7,4,26.16
3-Nov-13,WA8,A.cupaniana,A.6,WA8.A.6,high,2,20,NA,NA,80,0.0034,,NA,NA,NA,5.333333333,7,4,26.16
3-Nov-13,WA8,A.cupaniana,A.7,WA8.A.7,high,2,20,NA,NA,143,0.0064,,NA,NA,NA,5.333333333,7,4,26.16
3-Nov-13,WA8,A.cupaniana,A.8,WA8.A.8,high,2,20,NA,NA,150,0.0083,,NA,NA,NA,5.333333333,7,4,26.16
3-Nov-13,WA8,A.cupaniana,A.9,WA8.A.9,high,2,20,NA,NA,125,0.0046,,NA,NA,NA,5.333333333,7,4,26.16
3-Nov-13,WA8,A.cupaniana,A.11,WA8.A.11,high,2,20,NA,NA,120,0.0042,,NA,NA,NA,5.333333333,7,4,26.16
3-Nov-13,WA8,A.cupaniana,A.10,WA8.A.10,high,2,20,NA,NA,78,0.0024,,NA,NA,NA,5.333333333,7,4,26.16
3-Nov-13,WA8,A.cupaniana,A.12,WA8.A.12,high,2,20,NA,NA,95,0.0026,,NA,NA,NA,5.333333333,7,4,26.16
3-Nov-13,WA8,A.cupaniana,A.13,WA8.A.13,high,2,20,NA,NA,183,0.01,,NA,NA,NA,5.333333333,7,4,26.16
3-Nov-13,WA8,A.cupaniana,A.14,WA8.A.14,high,2,20,NA,NA,117,0.0046,,NA,NA,NA,5.333333333,7,4,26.16
19/12/2013,WA9,W.acuminata,W.15,WA9.W.15,high,2,17,mixture,152,183,0.2046,,NA,8,0,4.666666667,2,1,24.77333333
19/12/2013,WA9,W.acuminata,W.1,WA9.W.1,high,2,17,mixture,152,215,0.5356,,NA,15,1,4.666666667,2,1,24.77333333
19/12/2013,WA9,W.acuminata,W.10,WA9.W.10,high,2,17,mixture,152,243,0.5355,,NA,23,1,4.666666667,2,1,24.77333333
19/12/2013,WA9,W.acuminata,W.11,WA9.W.11,high,2,17,mixture,152,137,0.3446,,NA,21,1,4.666666667,2,1,24.77333333
19/12/2013,WA9,W.acuminata,W.12,WA9.W.12,high,2,17,mixture,152,194,0.286,,NA,12,0,4.666666667,2,1,24.77333333
19/12/2013,WA9,W.acuminata,W.13,WA9.W.13,high,2,17,mixture,152,154,0.1319,,NA,4,0,4.666666667,2,1,24.77333333
19/12/2013,WA9,W.acuminata,W.14,WA9.W.14,high,2,17,mixture,152,122,0.0494,,NA,1,0,4.666666667,2,1,24.77333333
19/12/2013,WA9,W.acuminata,W.2,WA9.W.2,high,2,17,mixture,152,212,0.9129,,NA,38,0,4.666666667,2,1,24.77333333
19/12/2013,WA9,W.acuminata,W.3,WA9.W.3,high,2,17,mixture,152,160,0.3031,,NA,7,0,4.666666667,2,1,24.77333333
19/12/2013,WA9,W.acuminata,W.4,WA9.W.4,high,2,17,mixture,152,175,0.4452,,NA,26,0,4.666666667,2,1,24.77333333
19/12/2013,WA9,W.acuminata,W.5,WA9.W.5,high,2,17,mixture,152,204,0.367,,NA,12,0,4.666666667,2,1,24.77333333
19/12/2013,WA9,W.acuminata,W.6,WA9.W.6,high,2,17,mixture,152,220,0.4579,,NA,18,1,4.666666667,2,1,24.77333333
19/12/2013,WA9,W.acuminata,W.17,WA9.W.17,high,2,17,mixture,152,210,0.4976,prev w.6,NA,21,0,4.666666667,2,1,24.77333333
19/12/2013,WA9,W.acuminata,W.7,WA9.W.7,high,2,17,mixture,152,177,0.1935,,NA,11,1,4.666666667,2,1,24.77333333
19/12/2013,WA9,W.acuminata,W.16,WA9.W.16,high,2,17,mixture,152,183,0.1015,prev w.7,NA,2,0,4.666666667,2,1,24.77333333
19/12/2013,WA9,W.acuminata,W.8,WA9.W.8,high,2,17,mixture,152,182,0.071,,NA,2,0,4.666666667,2,1,24.77333333
19/12/2013,WA9,W.acuminata,W.9,WA9.W.9,high,2,17,mixture,152,153,0.214,,NA,5,1,4.666666667,2,1,24.77333333
3-Nov-13,WA9,A.cupaniana,A.14,WA9.A.14,high,2,17,NA,NA,134,0.0061,,NA,NA,NA,4.666666667,2,1,24.77333333
3-Nov-13,WA9,A.cupaniana,A.13,WA9.A.13,high,2,17,NA,NA,130,0.0062,,NA,NA,NA,4.666666667,2,1,24.77333333
3/11/2013,WA9,A.cupaniana,A.12,WA9.A.12,high,2,17,NA,NA,132,0.0042,,NA,NA,NA,4.666666667,2,1,24.77333333
3/11/2013,WA9,A.cupaniana,A.11,WA9.A.11,high,2,17,NA,NA,110,0.0048,,NA,NA,NA,4.666666667,2,1,24.77333333
3/11/2013,WA9,A.cupaniana,A.10,WA9.A.10,high,2,17,NA,NA,130,0.0058,,NA,NA,NA,4.666666667,2,1,24.77333333
3/11/2013,WA9,A.cupaniana,A.9,WA9.A.9,high,2,17,NA,NA,107,0.0034,,NA,NA,NA,4.666666667,2,1,24.77333333
3/11/2013,WA9,A.cupaniana,A.8,WA9.A.8,high,2,17,NA,NA,190,0.0132,,NA,NA,NA,4.666666667,2,1,24.77333333
3/11/2013,WA9,A.cupaniana,A.7,WA9.A.7,high,2,17,NA,NA,157,0.0087,,NA,NA,NA,4.666666667,2,1,24.77333333
3/11/2013,WA9,A.cupaniana,A.6,WA9.A.6,high,2,17,NA,NA,223,0.0218,,NA,NA,NA,4.666666667,2,1,24.77333333
3-Nov-13,WA9,A.cupaniana,A.5,WA9.A.5,high,2,17,NA,NA,80,0.005,,NA,NA,NA,4.666666667,2,1,24.77333333
3/11/2013,WA9,A.cupaniana,A.4,WA9.A.4,high,2,17,NA,NA,140,0.0049,,NA,NA,NA,4.666666667,2,1,24.77333333
3/11/2013,WA9,A.cupaniana,A.3,WA9.A.3,high,2,17,NA,NA,150,0.0079,,NA,NA,NA,4.666666667,2,1,24.77333333
3/11/2013,WA9,A.cupaniana,A.2,WA9.A.2,high,2,17,NA,NA,210,0.011,,NA,NA,NA,4.666666667,2,1,24.77333333
3-Nov-13,WA9,A.cupaniana,A.1,WA9.A.1,high,2,17,NA,NA,130,0.0069,,NA,NA,NA,4.666666667,2,1,24.77333333
3-Nov-13,WA9,A.cupaniana,A.15,WA9.A.15,high,2,17,NA,NA,150,0.0058,,NA,NA,NA,4.666666667,2,1,24.77333333
