"site","plot","treatment","species","index","colour","seed.count","flower.collect","flower.head","flower.herbivory","flower.total","flower.mult","standard.seed","total.seed","total.seed.int"
"Bendering","B.Hygl.E1","E","Hypochaeris.glabra",1,"R",NA,NA,NA,NA,NA,NA,NA,NA,NA
"Bendering","B.Hygl.E1","E","Hypochaeris.glabra",1,"G",NA,NA,NA,NA,NA,NA,NA,NA,NA
"Bendering","B.Hygl.E1","E","Hypochaeris.glabra",1,"B",50,1,15,2,17,17,50,850,850
"Bendering","B.Hygl.E2","E","Hypochaeris.glabra",2,"R",40,3,6,0,6,6,13.3333333333333,80,80
"Bendering","B.Hygl.E2","E","Hypochaeris.glabra",2,"G",39,1,17,0,17,17,39,663,663
"Bendering","B.Hygl.E2","E","Hypochaeris.glabra",2,"B",NA,NA,NA,NA,NA,NA,NA,NA,NA
"Bendering","B.Hygl.E3","E","Hypochaeris.glabra",3,"R",NA,NA,NA,NA,NA,NA,NA,NA,NA
"Bendering","B.Hygl.E3","E","Hypochaeris.glabra",3,"G",51,1,11,0,11,11,51,561,561
"Bendering","B.Hygl.E3","E","Hypochaeris.glabra",3,"B",52,1,9,0,9,9,52,468,468
"Bendering","B.Hygl.E4","E","Hypochaeris.glabra",4,"R",36,1,9,0,9,9,36,324,324
"Bendering","B.Hygl.E4","E","Hypochaeris.glabra",4,"G",41,1,12,1,13,13,41,533,533
"Bendering","B.Hygl.E4","E","Hypochaeris.glabra",4,"B",53,1,21,0,21,21,53,1113,1113
"Bendering","B.Hygl.E5","E","Hypochaeris.glabra",5,"R",67,1,22,2,24,24,67,1608,1608
"Bendering","B.Hygl.E5","E","Hypochaeris.glabra",5,"G",82,1,9,0,9,9,82,738,738
"Bendering","B.Hygl.E5","E","Hypochaeris.glabra",5,"B",34,1,3,0,3,3,34,102,102
"Bendering","B.Hygl.E6","E","Hypochaeris.glabra",6,"R",NA,NA,3,0,3,3,NA,NA,NA
"Bendering","B.Hygl.E6","E","Hypochaeris.glabra",6,"G",36,1,23,0,23,23,36,828,828
"Bendering","B.Hygl.E6","E","Hypochaeris.glabra",6,"B",28,1,12,0,12,12,28,336,336
"Bendering","B.Hygl.E7","E","Hypochaeris.glabra",7,"R",48,1,7,0,7,7,48,336,336
"Bendering","B.Hygl.E7","E","Hypochaeris.glabra",7,"G",NA,NA,NA,NA,NA,NA,NA,NA,NA
"Bendering","B.Hygl.E7","E","Hypochaeris.glabra",7,"B",20,1,4,0,4,4,20,80,80
"Bendering","B.Hygl.E8","E","Hypochaeris.glabra",8,"R",31,1,11,0,11,11,31,341,341
"Bendering","B.Hygl.E8","E","Hypochaeris.glabra",8,"G",17,1,3,0,3,3,17,51,51
"Bendering","B.Hygl.E8","E","Hypochaeris.glabra",8,"B",33,1,8,1,9,9,33,297,297
"Bendering","B.Hygl.E9","E","Hypochaeris.glabra",9,"R",NA,NA,NA,NA,NA,NA,NA,NA,NA
"Bendering","B.Hygl.E9","E","Hypochaeris.glabra",9,"G",NA,NA,NA,NA,NA,NA,NA,NA,NA
"Bendering","B.Hygl.E9","E","Hypochaeris.glabra",9,"B",51,1,9,0,9,9,51,459,459
"Bendering","B.Hygl.E10","E","Hypochaeris.glabra",10,"R",28,1,7,0,7,7,28,196,196
"Bendering","B.Hygl.E10","E","Hypochaeris.glabra",10,"G",15,1,2,0,2,2,15,30,30
"Bendering","B.Hygl.E10","E","Hypochaeris.glabra",10,"B",38,1,10,0,10,10,38,380,380
"Bendering","B.Hygl.E11","E","Hypochaeris.glabra",11,"R",NA,NA,NA,NA,NA,NA,NA,NA,NA
"Bendering","B.Hygl.E11","E","Hypochaeris.glabra",11,"G",41,1,30,2,32,32,41,1312,1312
"Bendering","B.Hygl.E11","E","Hypochaeris.glabra",11,"B",10,1,1,0,1,1,10,10,10
"Bendering","B.Hygl.E12","E","Hypochaeris.glabra",12,"R",27,1,17,0,17,17,27,459,459
"Bendering","B.Hygl.E12","E","Hypochaeris.glabra",12,"G",33,1,5,0,5,5,33,165,165
"Bendering","B.Hygl.E12","E","Hypochaeris.glabra",12,"B",31,1,8,0,8,8,31,248,248
"Bendering","B.Hygl.E13","E","Hypochaeris.glabra",13,"R",31,1,9,0,9,9,31,279,279
"Bendering","B.Hygl.E13","E","Hypochaeris.glabra",13,"G",36,1,7,0,7,7,36,252,252
"Bendering","B.Hygl.E13","E","Hypochaeris.glabra",13,"B",38,1,6,0,6,6,38,228,228
"Bendering","B.Hygl.E14","E","Hypochaeris.glabra",14,"R",39,1,17,0,17,17,39,663,663
"Bendering","B.Hygl.E14","E","Hypochaeris.glabra",14,"G",68,1,24,0,24,24,68,1632,1632
"Bendering","B.Hygl.E14","E","Hypochaeris.glabra",14,"B",23,1,12,0,12,12,23,276,276
"Bendering","B.Hygl.E15","E","Hypochaeris.glabra",15,"R",14,1,11,0,11,11,14,154,154
"Bendering","B.Hygl.E15","E","Hypochaeris.glabra",15,"G",11,1,14,0,14,14,11,154,154
"Bendering","B.Hygl.E15","E","Hypochaeris.glabra",15,"B",35,1,7,0,7,7,35,245,245
"Bendering","B.Hygl.M1","M","Hypochaeris.glabra",1,"R",23,1,3,1,4,4,23,92,92
"Bendering","B.Hygl.M1","M","Hypochaeris.glabra",1,"G",28,1,7,0,7,7,28,196,196
"Bendering","B.Hygl.M1","M","Hypochaeris.glabra",1,"B",52,1,11,0,11,11,52,572,572
"Bendering","B.Hygl.M2","M","Hypochaeris.glabra",2,"R",36,1,11,0,11,11,36,396,396
"Bendering","B.Hygl.M2","M","Hypochaeris.glabra",2,"G",53,1,10,1,11,11,53,583,583
"Bendering","B.Hygl.M2","M","Hypochaeris.glabra",2,"B",11,1,7,0,7,7,11,77,77
"Bendering","B.Hygl.M3","M","Hypochaeris.glabra",3,"R",NA,NA,8,0,8,8,NA,NA,NA
"Bendering","B.Hygl.M3","M","Hypochaeris.glabra",3,"G",33,1,7,0,7,7,33,231,231
"Bendering","B.Hygl.M3","M","Hypochaeris.glabra",3,"B",53,1,10,0,10,10,53,530,530
"Bendering","B.Hygl.M4","M","Hypochaeris.glabra",4,"R",46,1,4,1,5,5,46,230,230
"Bendering","B.Hygl.M4","M","Hypochaeris.glabra",4,"G",40,1,6,0,6,6,40,240,240
"Bendering","B.Hygl.M4","M","Hypochaeris.glabra",4,"B",26,1,7,0,7,7,26,182,182
"Bendering","B.Hygl.M5","M","Hypochaeris.glabra",5,"R",34,1,10,1,11,11,34,374,374
"Bendering","B.Hygl.M5","M","Hypochaeris.glabra",5,"G",28,1,14,0,14,14,28,392,392
"Bendering","B.Hygl.M5","M","Hypochaeris.glabra",5,"B",12,1,4,0,4,4,12,48,48
"Bendering","B.Hygl.N1","N","Hypochaeris.glabra",1,"R",10,1,2,0,2,2,10,20,20
"Bendering","B.Hygl.N1","N","Hypochaeris.glabra",1,"G",7,1,2,0,2,2,7,14,14
"Bendering","B.Hygl.N1","N","Hypochaeris.glabra",1,"B",35,1,2,0,2,2,35,70,70
"Bendering","B.Hygl.N2","N","Hypochaeris.glabra",2,"R",33,1,2,0,2,2,33,66,66
"Bendering","B.Hygl.N2","N","Hypochaeris.glabra",2,"G",41,1,5,1,6,6,41,246,246
"Bendering","B.Hygl.N2","N","Hypochaeris.glabra",2,"B",63,1,2,0,2,2,63,126,126
"Bendering","B.Hygl.N3","N","Hypochaeris.glabra",3,"R",NA,NA,NA,NA,NA,NA,NA,NA,NA
"Bendering","B.Hygl.N3","N","Hypochaeris.glabra",3,"G",39,1,5,0,5,5,39,195,195
"Bendering","B.Hygl.N3","N","Hypochaeris.glabra",3,"B",NA,NA,NA,NA,NA,NA,NA,NA,NA
"Bendering","B.Hygl.N4","N","Hypochaeris.glabra",4,"R",36,1,11,4,15,15,36,540,540
"Bendering","B.Hygl.N4","N","Hypochaeris.glabra",4,"G",40,1,9,1,10,10,40,400,400
"Bendering","B.Hygl.N4","N","Hypochaeris.glabra",4,"B",4,1,6,2,8,8,4,32,32
"Bendering","B.Hygl.N5","N","Hypochaeris.glabra",5,"R",9,1,5,0,5,5,9,45,45
"Bendering","B.Hygl.N5","N","Hypochaeris.glabra",5,"G",NA,NA,NA,NA,NA,NA,NA,NA,NA
"Bendering","B.Hygl.N5","N","Hypochaeris.glabra",5,"B",42,1,2,0,2,2,42,84,84
"Bendering","B.Hygl.N6","N","Hypochaeris.glabra",6,"R",72,1,4,0,4,4,72,288,288
"Bendering","B.Hygl.N6","N","Hypochaeris.glabra",6,"G",34,1,5,2,7,7,34,238,238
"Bendering","B.Hygl.N6","N","Hypochaeris.glabra",6,"B",28,1,4,0,4,4,28,112,112
"Bendering","B.Hygl.N7","N","Hypochaeris.glabra",7,"R",28,1,9,0,9,9,28,252,252
"Bendering","B.Hygl.N7","N","Hypochaeris.glabra",7,"G",34,1,3,0,3,3,34,102,102
"Bendering","B.Hygl.N7","N","Hypochaeris.glabra",7,"B",38,1,10,0,10,10,38,380,380
"Bendering","B.Hygl.N8","N","Hypochaeris.glabra",8,"R",NA,NA,NA,NA,NA,NA,NA,NA,NA
"Bendering","B.Hygl.N8","N","Hypochaeris.glabra",8,"G",36,1,9,0,9,9,36,324,324
"Bendering","B.Hygl.N8","N","Hypochaeris.glabra",8,"B",30,1,9,1,10,10,30,300,300
"Bendering","B.Hygl.N9","N","Hypochaeris.glabra",9,"R",13,1,4,0,4,4,13,52,52
"Bendering","B.Hygl.N9","N","Hypochaeris.glabra",9,"G",15,1,6,1,7,7,15,105,105
"Bendering","B.Hygl.N9","N","Hypochaeris.glabra",9,"B",NA,NA,NA,NA,NA,NA,NA,NA,NA
"Bendering","B.Hygl.N10","N","Hypochaeris.glabra",10,"R",54,1,5,0,5,5,54,270,270
"Bendering","B.Hygl.N10","N","Hypochaeris.glabra",10,"G",NA,NA,NA,NA,NA,NA,NA,NA,NA
"Bendering","B.Hygl.N10","N","Hypochaeris.glabra",10,"B",42,1,8,0,8,8,42,336,336
"Bendering","B.Hygl.N11","N","Hypochaeris.glabra",11,"R",13,1,4,0,4,4,13,52,52
"Bendering","B.Hygl.N11","N","Hypochaeris.glabra",11,"G",NA,NA,NA,NA,NA,NA,NA,NA,NA
"Bendering","B.Hygl.N11","N","Hypochaeris.glabra",11,"B",17,1,3,0,3,3,17,51,51
"Bendering","B.Hygl.N12","N","Hypochaeris.glabra",12,"R",15,1,2,0,2,2,15,30,30
"Bendering","B.Hygl.N12","N","Hypochaeris.glabra",12,"G",NA,NA,NA,NA,NA,NA,NA,NA,NA
"Bendering","B.Hygl.N12","N","Hypochaeris.glabra",12,"B",32,1,2,0,2,2,32,64,64
"Bendering","B.Hygl.N13","N","Hypochaeris.glabra",13,"R",43,1,5,0,5,5,43,215,215
"Bendering","B.Hygl.N13","N","Hypochaeris.glabra",13,"G",45,1,2,0,2,2,45,90,90
"Bendering","B.Hygl.N13","N","Hypochaeris.glabra",13,"B",22,1,5,1,6,6,22,132,132
"Bendering","B.Hygl.N14","N","Hypochaeris.glabra",14,"R",42,1,6,0,6,6,42,252,252
"Bendering","B.Hygl.N14","N","Hypochaeris.glabra",14,"G",NA,NA,NA,NA,NA,NA,NA,NA,NA
"Bendering","B.Hygl.N14","N","Hypochaeris.glabra",14,"B",54,1,4,0,4,4,54,216,216
"Bendering","B.Hygl.N15","N","Hypochaeris.glabra",15,"R",38,1,7,0,7,7,38,266,266
"Bendering","B.Hygl.N15","N","Hypochaeris.glabra",15,"G",NA,NA,1,0,1,1,NA,NA,NA
"Bendering","B.Hygl.N15","N","Hypochaeris.glabra",15,"B",58,1,8,0,8,8,58,464,464
"Bendering","B.Tror.E1","E","Trachymene.ornata",1,"R",74,1,20,0,20,1,74,74,74
"Bendering","B.Tror.E1","E","Trachymene.ornata",1,"G",64,1,5,0,5,1,64,64,64
"Bendering","B.Tror.E1","E","Trachymene.ornata",1,"B",157,1,NA,NA,NA,1,157,157,157
"Bendering","B.Tror.E2","E","Trachymene.ornata",2,"R",63,1,50,0,50,1,63,63,63
"Bendering","B.Tror.E2","E","Trachymene.ornata",2,"G",56,1,15,0,15,1,56,56,56
"Bendering","B.Tror.E2","E","Trachymene.ornata",2,"B",90,1,NA,NA,NA,1,90,90,90
"Bendering","B.Tror.E3","E","Trachymene.ornata",3,"R",63,1,2,0,2,1,63,63,63
"Bendering","B.Tror.E3","E","Trachymene.ornata",3,"G",51,1,10,0,10,1,51,51,51
"Bendering","B.Tror.E3","E","Trachymene.ornata",3,"B",54,1,5,0,5,1,54,54,54
"Bendering","B.Tror.E4","E","Trachymene.ornata",4,"R",34,1,10,0,10,1,34,34,34
"Bendering","B.Tror.E4","E","Trachymene.ornata",4,"G",47,1,10,0,10,1,47,47,47
"Bendering","B.Tror.E4","E","Trachymene.ornata",4,"B",59,1,10,0,10,1,59,59,59
"Bendering","B.Tror.E5","E","Trachymene.cyanopetala",5,"R",100,1,5,0,5,1,100,100,100
"Bendering","B.Tror.E5","E","Trachymene.cyanopetala",5,"G",410,1,5,0,5,1,410,410,410
"Bendering","B.Tror.E5","E","Trachymene.cyanopetala",5,"B",90,1,5,0,5,1,90,90,90
"Bendering","B.Tror.E6","E","Trachymene.ornata",6,"R",241,1,10,0,10,1,241,241,241
"Bendering","B.Tror.E6","E","Trachymene.ornata",6,"G",140,1,15,0,15,1,140,140,140
"Bendering","B.Tror.E6","E","Trachymene.ornata",6,"B",126,1,10,0,10,1,126,126,126
"Bendering","B.Tror.E7","E","Trachymene.ornata",7,"R",20,1,20,0,20,1,20,20,20
"Bendering","B.Tror.E7","E","Trachymene.ornata",7,"G",80,1,10,0,10,1,80,80,80
"Bendering","B.Tror.E7","E","Trachymene.ornata",7,"B",NA,NA,15,0,15,1,NA,NA,NA
"Bendering","B.Tror.E8","E","Trachymene.cyanopetala",8,"R",35,1,25,0,25,1,35,35,35
"Bendering","B.Tror.E8","E","Trachymene.cyanopetala",8,"G",60,1,15,0,15,1,60,60,60
"Bendering","B.Tror.E8","E","Trachymene.cyanopetala",8,"B",35,1,10,0,10,1,35,35,35
"Bendering","B.Tror.E9","E","Trachymene.cyanopetala",9,"R",30,1,15,0,15,1,30,30,30
"Bendering","B.Tror.E9","E","Trachymene.cyanopetala",9,"G",30,1,15,0,15,1,30,30,30
"Bendering","B.Tror.E9","E","Trachymene.cyanopetala",9,"B",60,1,10,0,10,1,60,60,60
"Bendering","B.Tror.E10","E","Trachymene.cyanopetala",10,"R",150,1,10,0,10,1,150,150,150
"Bendering","B.Tror.E10","E","Trachymene.cyanopetala",10,"G",30,1,20,0,20,1,30,30,30
"Bendering","B.Tror.E10","E","Trachymene.cyanopetala",10,"B",120,1,5,0,5,1,120,120,120
"Bendering","B.Tror.E11","E","Trachymene.cyanopetala",11,"R",130,1,20,0,20,1,130,130,130
"Bendering","B.Tror.E11","E","Trachymene.cyanopetala",11,"G",100,1,20,0,20,1,100,100,100
"Bendering","B.Tror.E11","E","Trachymene.cyanopetala",11,"B",90,1,10,0,10,1,90,90,90
"Bendering","B.Tror.E12","E","Trachymene.cyanopetala",12,"R",110,1,30,0,30,1,110,110,110
"Bendering","B.Tror.E12","E","Trachymene.cyanopetala",12,"G",80,1,20,0,20,1,80,80,80
"Bendering","B.Tror.E12","E","Trachymene.cyanopetala",12,"B",40,1,3,0,3,1,40,40,40
"Bendering","B.Tror.E13","E","Trachymene.cyanopetala",13,"R",120,1,20,0,20,1,120,120,120
"Bendering","B.Tror.E13","E","Trachymene.cyanopetala",13,"G",30,1,15,0,15,1,30,30,30
"Bendering","B.Tror.E13","E","Trachymene.cyanopetala",13,"B",45,1,20,0,20,1,45,45,45
"Bendering","B.Tror.E14","E","Trachymene.cyanopetala",14,"R",150,1,30,0,30,1,150,150,150
"Bendering","B.Tror.E14","E","Trachymene.cyanopetala",14,"G",70,1,NA,NA,NA,1,70,70,70
"Bendering","B.Tror.E14","E","Trachymene.cyanopetala",14,"B",80,1,NA,NA,NA,1,80,80,80
"Bendering","B.Tror.E15","E","Trachymene.cyanopetala",15,"R",170,1,20,0,20,1,170,170,170
"Bendering","B.Tror.E15","E","Trachymene.cyanopetala",15,"G",50,1,30,0,30,1,50,50,50
"Bendering","B.Tror.E15","E","Trachymene.cyanopetala",15,"B",100,1,NA,NA,NA,1,100,100,100
"Bendering","B.Tror.M1","M","Trachymene.cyanopetala",1,"R",80,1,NA,0,NA,1,80,80,80
"Bendering","B.Tror.M1","M","Trachymene.cyanopetala",1,"G",80,1,NA,0,NA,1,80,80,80
"Bendering","B.Tror.M1","M","Trachymene.cyanopetala",1,"B",240,1,NA,0,NA,1,240,240,240
"Bendering","B.Tror.M2","M","Trachymene.cyanopetala",2,"R",100,1,NA,0,NA,1,100,100,100
"Bendering","B.Tror.M2","M","Trachymene.cyanopetala",2,"G",25,1,NA,0,NA,1,25,25,25
"Bendering","B.Tror.M2","M","Trachymene.cyanopetala",2,"B",130,1,NA,0,NA,1,130,130,130
"Bendering","B.Tror.M3","M","Trachymene.cyanopetala",3,"R",73,1,NA,0,NA,1,73,73,73
"Bendering","B.Tror.M3","M","Trachymene.cyanopetala",3,"G",80,1,NA,0,NA,1,80,80,80
"Bendering","B.Tror.M3","M","Trachymene.cyanopetala",3,"B",40,1,NA,0,NA,1,40,40,40
"Bendering","B.Tror.M4","M","Trachymene.ornata",4,"R",19,1,NA,0,NA,1,19,19,19
"Bendering","B.Tror.M4","M","Trachymene.ornata",4,"G",95,1,NA,0,NA,1,95,95,95
"Bendering","B.Tror.M4","M","Trachymene.ornata",4,"B",40,1,NA,0,NA,1,40,40,40
"Bendering","B.Tror.M5","M","Trachymene.cyanopetala",5,"R",50,1,NA,0,NA,1,50,50,50
"Bendering","B.Tror.M5","M","Trachymene.cyanopetala",5,"G",30,1,NA,0,NA,1,30,30,30
"Bendering","B.Tror.M5","M","Trachymene.cyanopetala",5,"B",70,1,NA,0,NA,1,70,70,70
"Bendering","B.Tror.N1","N","Trachymene.cyanopetala",1,"R",80,1,10,0,10,1,80,80,80
"Bendering","B.Tror.N1","N","Trachymene.cyanopetala",1,"G",35,1,10,0,10,1,35,35,35
"Bendering","B.Tror.N1","N","Trachymene.cyanopetala",1,"B",120,1,20,0,20,1,120,120,120
"Bendering","B.Tror.N2","N","Trachymene.ornata",2,"R",230,1,5,0,5,1,230,230,230
"Bendering","B.Tror.N2","N","Trachymene.ornata",2,"G",50,1,5,0,5,1,50,50,50
"Bendering","B.Tror.N2","N","Trachymene.ornata",2,"B",NA,NA,10,0,10,1,NA,NA,NA
"Bendering","B.Tror.N3","N","Trachymene.cyanopetala",3,"R",10,1,5,0,5,1,10,10,10
"Bendering","B.Tror.N3","N","Trachymene.cyanopetala",3,"G",120,1,5,0,5,1,120,120,120
"Bendering","B.Tror.N3","N","Trachymene.cyanopetala",3,"B",50,1,3,0,3,1,50,50,50
"Bendering","B.Tror.N4","N","Trachymene.cyanopetala",4,"R",30,1,5,0,5,1,30,30,30
"Bendering","B.Tror.N4","N","Trachymene.cyanopetala",4,"G",30,1,15,0,15,1,30,30,30
"Bendering","B.Tror.N4","N","Trachymene.cyanopetala",4,"B",20,1,5,0,5,1,20,20,20
"Bendering","B.Tror.N5","N","Trachymene.cyanopetala",5,"R",15,1,5,0,5,1,15,15,15
"Bendering","B.Tror.N5","N","Trachymene.cyanopetala",5,"G",10,1,5,0,5,1,10,10,10
"Bendering","B.Tror.N5","N","Trachymene.cyanopetala",5,"B",11,1,40,0,40,1,11,11,11
"Bendering","B.Tror.N6","N","Trachymene.cyanopetala",6,"R",90,1,50,0,50,1,90,90,90
"Bendering","B.Tror.N6","N","Trachymene.cyanopetala",6,"G",70,1,20,0,20,1,70,70,70
"Bendering","B.Tror.N6","N","Trachymene.cyanopetala",6,"B",NA,NA,40,0,40,1,NA,NA,NA
"Bendering","B.Tror.N7","N","Trachymene.cyanopetala",7,"R",65,1,10,0,10,1,65,65,65
"Bendering","B.Tror.N7","N","Trachymene.cyanopetala",7,"G",90,1,20,0,20,1,90,90,90
"Bendering","B.Tror.N7","N","Trachymene.cyanopetala",7,"B",30,1,NA,NA,NA,1,30,30,30
"Bendering","B.Tror.N8","N","Trachymene.cyanopetala",8,"R",90,1,10,0,10,1,90,90,90
"Bendering","B.Tror.N8","N","Trachymene.cyanopetala",8,"G",30,1,10,0,10,1,30,30,30
"Bendering","B.Tror.N8","N","Trachymene.cyanopetala",8,"B",160,1,10,0,10,1,160,160,160
"Bendering","B.Tror.N9","N","Trachymene.cyanopetala",9,"R",55,1,10,0,10,1,55,55,55
"Bendering","B.Tror.N9","N","Trachymene.cyanopetala",9,"G",30,1,10,0,10,1,30,30,30
"Bendering","B.Tror.N9","N","Trachymene.cyanopetala",9,"B",60,1,15,0,15,1,60,60,60
"Bendering","B.Tror.N10","N","Trachymene.cyanopetala",10,"R",25,1,15,0,15,1,25,25,25
"Bendering","B.Tror.N10","N","Trachymene.cyanopetala",10,"G",25,1,15,0,15,1,25,25,25
"Bendering","B.Tror.N10","N","Trachymene.cyanopetala",10,"B",15,1,20,0,20,1,15,15,15
"Bendering","B.Tror.N11","N","Trachymene.cyanopetala",11,"R",40,1,30,0,30,1,40,40,40
"Bendering","B.Tror.N11","N","Trachymene.cyanopetala",11,"G",11,1,20,0,20,1,11,11,11
"Bendering","B.Tror.N11","N","Trachymene.cyanopetala",11,"B",30,1,20,0,20,1,30,30,30
"Bendering","B.Tror.N12","N","Trachymene.cyanopetala",12,"R",90,1,10,0,10,1,90,90,90
"Bendering","B.Tror.N12","N","Trachymene.cyanopetala",12,"G",80,1,20,0,20,1,80,80,80
"Bendering","B.Tror.N12","N","Trachymene.cyanopetala",12,"B",15,1,15,0,15,1,15,15,15
"Bendering","B.Tror.N13","N","Trachymene.cyanopetala",13,"R",70,1,10,0,10,1,70,70,70
"Bendering","B.Tror.N13","N","Trachymene.cyanopetala",13,"G",40,1,20,0,20,1,40,40,40
"Bendering","B.Tror.N13","N","Trachymene.cyanopetala",13,"B",80,1,10,0,10,1,80,80,80
"Bendering","B.Tror.N14","N","Trachymene.ornata",14,"R",60,1,15,0,15,1,60,60,60
"Bendering","B.Tror.N14","N","Trachymene.ornata",14,"G",25,1,20,0,20,1,25,25,25
"Bendering","B.Tror.N14","N","Trachymene.ornata",14,"B",NA,NA,20,0,20,1,NA,NA,NA
"Bendering","B.Tror.N15","N","Trachymene.ornata",15,"R",30,1,40,0,40,1,30,30,30
"Bendering","B.Tror.N15","N","Trachymene.ornata",15,"G",60,1,10,0,10,1,60,60,60
"Bendering","B.Tror.N15","N","Trachymene.ornata",15,"B",NA,NA,20,0,20,1,NA,NA,NA
"Bendering","B.Waac.E1","E","Waitzia.acuminata",1,"R",NA,NA,60,0,60,60,NA,NA,NA
"Bendering","B.Waac.E1","E","Waitzia.acuminata",1,"G",40,1,10,0,10,10,40,400,400
"Bendering","B.Waac.E1","E","Waitzia.acuminata",1,"B",NA,NA,NA,NA,NA,NA,NA,NA,NA
"Bendering","B.Waac.E2","E","Waitzia.acuminata",2,"R",59,1,30,0,30,30,59,1770,1770
"Bendering","B.Waac.E2","E","Waitzia.acuminata",2,"G",41,1,30,0,30,30,41,1230,1230
"Bendering","B.Waac.E2","E","Waitzia.acuminata",2,"B",46,1,5,0,5,5,46,230,230
"Bendering","B.Waac.E3","E","Waitzia.acuminata",3,"R",27,1,50,0,50,50,27,1350,1350
"Bendering","B.Waac.E3","E","Waitzia.acuminata",3,"G",26,1,20,0,20,20,26,520,520
"Bendering","B.Waac.E3","E","Waitzia.acuminata",3,"B",41,1,40,0,40,40,41,1640,1640
"Bendering","B.Waac.E4","E","Waitzia.acuminata",4,"R",37,1,15,0,15,15,37,555,555
"Bendering","B.Waac.E4","E","Waitzia.acuminata",4,"G",57,1,20,0,20,20,57,1140,1140
"Bendering","B.Waac.E4","E","Waitzia.acuminata",4,"B",62,1,5,0,5,5,62,310,310
"Bendering","B.Waac.E5","E","Waitzia.acuminata",5,"R",42,1,10,0,10,10,42,420,420
"Bendering","B.Waac.E5","E","Waitzia.acuminata",5,"G",41,1,20,0,20,20,41,820,820
"Bendering","B.Waac.E5","E","Waitzia.acuminata",5,"B",NA,NA,30,0,30,30,NA,NA,NA
"Bendering","B.Waac.E6","E","Waitzia.acuminata",6,"R",30,1,20,0,20,20,30,600,600
"Bendering","B.Waac.E6","E","Waitzia.acuminata",6,"G",40,1,5,0,5,5,40,200,200
"Bendering","B.Waac.E6","E","Waitzia.acuminata",6,"B",21,1,10,0,10,10,21,210,210
"Bendering","B.Waac.E7","E","Waitzia.acuminata",7,"R",36,1,30,0,30,30,36,1080,1080
"Bendering","B.Waac.E7","E","Waitzia.acuminata",7,"G",25,1,8,0,8,8,25,200,200
"Bendering","B.Waac.E7","E","Waitzia.acuminata",7,"B",43,1,5,0,5,5,43,215,215
"Bendering","B.Waac.E8","E","Waitzia.acuminata",8,"R",40,1,30,0,30,30,40,1200,1200
"Bendering","B.Waac.E8","E","Waitzia.acuminata",8,"G",42,1,15,0,15,15,42,630,630
"Bendering","B.Waac.E8","E","Waitzia.acuminata",8,"B",36,1,20,0,20,20,36,720,720
"Bendering","B.Waac.E9","E","Waitzia.acuminata",9,"R",37,1,20,0,20,20,37,740,740
"Bendering","B.Waac.E9","E","Waitzia.acuminata",9,"G",34,1,15,0,15,15,34,510,510
"Bendering","B.Waac.E9","E","Waitzia.acuminata",9,"B",NA,NA,15,0,15,15,NA,NA,NA
"Bendering","B.Waac.E10","E","Waitzia.acuminata",10,"R",52,1,10,0,10,10,52,520,520
"Bendering","B.Waac.E10","E","Waitzia.acuminata",10,"G",30,1,10,0,10,10,30,300,300
"Bendering","B.Waac.E10","E","Waitzia.acuminata",10,"B",43,1,20,0,20,20,43,860,860
"Bendering","B.Waac.E11","E","Waitzia.acuminata",11,"R",34,1,30,0,30,30,34,1020,1020
"Bendering","B.Waac.E11","E","Waitzia.acuminata",11,"G",NA,NA,0,0,0,0,NA,NA,NA
"Bendering","B.Waac.E11","E","Waitzia.acuminata",11,"B",51,1,10,0,10,10,51,510,510
"Bendering","B.Waac.E12","E","Waitzia.acuminata",12,"R",39,1,15,0,15,15,39,585,585
"Bendering","B.Waac.E12","E","Waitzia.acuminata",12,"G",37,1,30,0,30,30,37,1110,1110
"Bendering","B.Waac.E12","E","Waitzia.acuminata",12,"B",19,1,5,0,5,5,19,95,95
"Bendering","B.Waac.E13","E","Waitzia.acuminata",13,"R",47,1,10,0,10,10,47,470,470
"Bendering","B.Waac.E13","E","Waitzia.acuminata",13,"G",30,1,20,0,20,20,30,600,600
"Bendering","B.Waac.E13","E","Waitzia.acuminata",13,"B",41,1,20,0,20,20,41,820,820
"Bendering","B.Waac.E14","E","Waitzia.acuminata",14,"R",48,1,15,0,15,15,48,720,720
"Bendering","B.Waac.E14","E","Waitzia.acuminata",14,"G",36,1,10,0,10,10,36,360,360
"Bendering","B.Waac.E14","E","Waitzia.acuminata",14,"B",29,1,5,0,5,5,29,145,145
"Bendering","B.Waac.E15","E","Waitzia.acuminata",15,"R",NA,NA,15,0,15,15,NA,NA,NA
"Bendering","B.Waac.E15","E","Waitzia.acuminata",15,"G",NA,NA,30,0,30,30,NA,NA,NA
"Bendering","B.Waac.E15","E","Waitzia.acuminata",15,"B",NA,NA,NA,NA,NA,NA,NA,NA,NA
"Bendering","B.Waac.M1","M","Waitzia.acuminata",1,"R",42,1,22,0,22,22,42,924,924
"Bendering","B.Waac.M1","M","Waitzia.acuminata",1,"G",23,1,9,0,9,9,23,207,207
"Bendering","B.Waac.M1","M","Waitzia.acuminata",1,"B",40,1,77,0,77,77,40,3080,3080
"Bendering","B.Waac.M2","M","Waitzia.acuminata",2,"R",39,1,41,0,41,41,39,1599,1599
"Bendering","B.Waac.M2","M","Waitzia.acuminata",2,"G",NA,NA,NA,0,NA,NA,NA,NA,NA
"Bendering","B.Waac.M2","M","Waitzia.acuminata",2,"B",20,1,31,0,31,31,20,620,620
"Bendering","B.Waac.M3","M","Waitzia.acuminata",3,"R",39,1,89,0,89,89,39,3471,3471
"Bendering","B.Waac.M3","M","Waitzia.acuminata",3,"G",40,1,15,0,15,15,40,600,600
"Bendering","B.Waac.M3","M","Waitzia.acuminata",3,"B",26,1,196,0,196,196,26,5096,5096
"Bendering","B.Waac.M4","M","Waitzia.acuminata",4,"R",25,1,77,0,77,77,25,1925,1925
"Bendering","B.Waac.M4","M","Waitzia.acuminata",4,"G",33,1,31,0,31,31,33,1023,1023
"Bendering","B.Waac.M4","M","Waitzia.acuminata",4,"B",38,1,112,0,112,112,38,4256,4256
"Bendering","B.Waac.M5","M","Waitzia.acuminata",5,"R",36,1,92,0,92,92,36,3312,3312
"Bendering","B.Waac.M5","M","Waitzia.acuminata",5,"G",32,1,88,0,88,88,32,2816,2816
"Bendering","B.Waac.M5","M","Waitzia.acuminata",5,"B",NA,NA,NA,0,NA,NA,NA,NA,NA
"Bendering","B.Waac.N1","N","Waitzia.acuminata",1,"R",NA,NA,6,0,6,6,NA,NA,NA
"Bendering","B.Waac.N1","N","Waitzia.acuminata",1,"G",10,1,8,0,8,8,10,80,80
"Bendering","B.Waac.N1","N","Waitzia.acuminata",1,"B",NA,NA,NA,NA,NA,NA,NA,NA,NA
"Bendering","B.Waac.N2","N","Waitzia.acuminata",2,"R",NA,NA,30,0,30,30,NA,NA,NA
"Bendering","B.Waac.N2","N","Waitzia.acuminata",2,"G",NA,NA,50,0,50,50,NA,NA,NA
"Bendering","B.Waac.N2","N","Waitzia.acuminata",2,"B",30,1,5,0,5,5,30,150,150
"Bendering","B.Waac.N3","N","Waitzia.acuminata",3,"R",39,1,40,0,40,40,39,1560,1560
"Bendering","B.Waac.N3","N","Waitzia.acuminata",3,"G",44,1,61,0,61,61,44,2684,2684
"Bendering","B.Waac.N3","N","Waitzia.acuminata",3,"B",48,1,10,0,10,10,48,480,480
"Bendering","B.Waac.N4","N","Waitzia.acuminata",4,"R",NA,NA,30,0,30,30,NA,NA,NA
"Bendering","B.Waac.N4","N","Waitzia.acuminata",4,"G",30,1,50,0,50,50,30,1500,1500
"Bendering","B.Waac.N4","N","Waitzia.acuminata",4,"B",37,1,30,0,30,30,37,1110,1110
"Bendering","B.Waac.N5","N","Waitzia.acuminata",5,"R",50,1,15,0,15,15,50,750,750
"Bendering","B.Waac.N5","N","Waitzia.acuminata",5,"G",44,1,30,0,30,30,44,1320,1320
"Bendering","B.Waac.N5","N","Waitzia.acuminata",5,"B",29,1,30,0,30,30,29,870,870
"Bendering","B.Waac.N6","N","Waitzia.acuminata",6,"R",32,1,60,0,60,60,32,1920,1920
"Bendering","B.Waac.N6","N","Waitzia.acuminata",6,"G",35,1,10,0,10,10,35,350,350
"Bendering","B.Waac.N6","N","Waitzia.acuminata",6,"B",36,1,30,0,30,30,36,1080,1080
"Bendering","B.Waac.N7","N","Waitzia.acuminata",7,"R",40,1,10,0,10,10,40,400,400
"Bendering","B.Waac.N7","N","Waitzia.acuminata",7,"G",59,1,25,0,25,25,59,1475,1475
"Bendering","B.Waac.N7","N","Waitzia.acuminata",7,"B",NA,NA,NA,NA,NA,NA,NA,NA,NA
"Bendering","B.Waac.N8","N","Waitzia.acuminata",8,"R",29,1,15,0,15,15,29,435,435
"Bendering","B.Waac.N8","N","Waitzia.acuminata",8,"G",35,1,30,0,30,30,35,1050,1050
"Bendering","B.Waac.N8","N","Waitzia.acuminata",8,"B",9,1,3,0,3,3,9,27,27
"Bendering","B.Waac.N9","N","Waitzia.acuminata",9,"R",49,1,100,0,100,100,49,4900,4900
"Bendering","B.Waac.N9","N","Waitzia.acuminata",9,"G",40,1,5,0,5,5,40,200,200
"Bendering","B.Waac.N9","N","Waitzia.acuminata",9,"B",NA,NA,NA,NA,NA,NA,NA,NA,NA
"Bendering","B.Waac.N10","N","Waitzia.acuminata",10,"R",51,1,30,0,30,30,51,1530,1530
"Bendering","B.Waac.N10","N","Waitzia.acuminata",10,"G",46,1,20,0,20,20,46,920,920
"Bendering","B.Waac.N10","N","Waitzia.acuminata",10,"B",35,1,5,0,5,5,35,175,175
"Bendering","B.Waac.N11","N","Waitzia.acuminata",11,"R",37,1,15,0,15,15,37,555,555
"Bendering","B.Waac.N11","N","Waitzia.acuminata",11,"G",54,1,25,0,25,25,54,1350,1350
"Bendering","B.Waac.N11","N","Waitzia.acuminata",11,"B",NA,NA,NA,NA,NA,NA,NA,NA,NA
"Bendering","B.Waac.N12","N","Waitzia.acuminata",12,"R",35,1,20,0,20,20,35,700,700
"Bendering","B.Waac.N12","N","Waitzia.acuminata",12,"G",45,1,30,0,30,30,45,1350,1350
"Bendering","B.Waac.N12","N","Waitzia.acuminata",12,"B",36,1,5,0,5,5,36,180,180
"Bendering","B.Waac.N13","N","Waitzia.acuminata",13,"R",51,1,57,0,57,57,51,2907,2907
"Bendering","B.Waac.N13","N","Waitzia.acuminata",13,"G",46,1,29,0,29,29,46,1334,1334
"Bendering","B.Waac.N13","N","Waitzia.acuminata",13,"B",NA,NA,NA,NA,NA,NA,NA,NA,NA
"Bendering","B.Waac.N14","N","Waitzia.acuminata",14,"R",56,1,10,0,10,10,56,560,560
"Bendering","B.Waac.N14","N","Waitzia.acuminata",14,"G",49,1,20,0,20,20,49,980,980
"Bendering","B.Waac.N14","N","Waitzia.acuminata",14,"B",46,1,20,0,20,20,46,920,920
"Bendering","B.Waac.N15","N","Waitzia.acuminata",15,"R",38,1,62,0,62,62,38,2356,2356
"Bendering","B.Waac.N15","N","Waitzia.acuminata",15,"G",34,1,30,0,30,30,34,1020,1020
"Bendering","B.Waac.N15","N","Waitzia.acuminata",15,"B",21,1,27,0,27,27,21,567,567
"Kunjin","K.Hygl.E1","E","Hypochaeris.glabra",1,"R",40,1,20,1,21,21,40,840,840
"Kunjin","K.Hygl.E1","E","Hypochaeris.glabra",1,"G",30,1,16,0,16,16,30,480,480
"Kunjin","K.Hygl.E1","E","Hypochaeris.glabra",1,"B",51,1,10,0,10,10,51,510,510
"Kunjin","K.Hygl.E2","E","Hypochaeris.glabra",2,"R",33,1,6,0,6,6,33,198,198
"Kunjin","K.Hygl.E2","E","Hypochaeris.glabra",2,"G",31,1,11,1,12,12,31,372,372
"Kunjin","K.Hygl.E2","E","Hypochaeris.glabra",2,"B",70,1,9,0,9,9,70,630,630
"Kunjin","K.Hygl.E3","E","Hypochaeris.glabra",3,"R",87,2,8,0,8,8,43.5,348,348
"Kunjin","K.Hygl.E3","E","Hypochaeris.glabra",3,"G",160,2,12,0,12,12,80,960,960
"Kunjin","K.Hygl.E3","E","Hypochaeris.glabra",3,"B",41,1,4,0,4,4,41,164,164
"Kunjin","K.Hygl.E4","E","Hypochaeris.glabra",4,"R",15,1,4,0,4,4,15,60,60
"Kunjin","K.Hygl.E4","E","Hypochaeris.glabra",4,"G",30,1,2,0,2,2,30,60,60
"Kunjin","K.Hygl.E4","E","Hypochaeris.glabra",4,"B",31,1,3,0,3,3,31,93,93
"Kunjin","K.Hygl.E5","E","Hypochaeris.glabra",5,"R",12,1,3,0,3,3,12,36,36
"Kunjin","K.Hygl.E5","E","Hypochaeris.glabra",5,"G",12,1,2,0,2,2,12,24,24
"Kunjin","K.Hygl.E5","E","Hypochaeris.glabra",5,"B",9,1,1,0,1,1,9,9,9
"Kunjin","K.Hygl.E6","E","Hypochaeris.glabra",6,"R",26,1,4,0,4,4,26,104,104
"Kunjin","K.Hygl.E6","E","Hypochaeris.glabra",6,"G",11,1,2,1,3,3,11,33,33
"Kunjin","K.Hygl.E6","E","Hypochaeris.glabra",6,"B",7,1,5,0,5,5,7,35,35
"Kunjin","K.Hygl.E7","E","Hypochaeris.glabra",7,"R",15,1,2,0,2,2,15,30,30
"Kunjin","K.Hygl.E7","E","Hypochaeris.glabra",7,"G",10,1,2,0,2,2,10,20,20
"Kunjin","K.Hygl.E7","E","Hypochaeris.glabra",7,"B",17,1,3,0,3,3,17,51,51
"Kunjin","K.Hygl.E8","E","Hypochaeris.glabra",8,"R",56,1,18,0,18,18,56,1008,1008
"Kunjin","K.Hygl.E8","E","Hypochaeris.glabra",8,"G",33,1,10,1,11,11,33,363,363
"Kunjin","K.Hygl.E8","E","Hypochaeris.glabra",8,"B",NA,NA,NA,NA,NA,NA,NA,NA,NA
"Kunjin","K.Hygl.E9","E","Hypochaeris.glabra",9,"R",NA,NA,29,2,31,31,NA,NA,NA
"Kunjin","K.Hygl.E9","E","Hypochaeris.glabra",9,"G",40,1,9,2,11,11,40,440,440
"Kunjin","K.Hygl.E9","E","Hypochaeris.glabra",9,"B",85,1,12,2,14,14,85,1190,1190
"Kunjin","K.Hygl.E10","E","Hypochaeris.glabra",10,"R",38,1,8,0,8,8,38,304,304
"Kunjin","K.Hygl.E10","E","Hypochaeris.glabra",10,"G",NA,NA,NA,NA,NA,NA,NA,NA,NA
"Kunjin","K.Hygl.E10","E","Hypochaeris.glabra",10,"B",149,3,4,0,4,4,49.6666666666667,198.666666666667,199
"Kunjin","K.Hygl.E11","E","Hypochaeris.glabra",11,"R",39,1,6,0,6,6,39,234,234
"Kunjin","K.Hygl.E11","E","Hypochaeris.glabra",11,"G",NA,NA,19,1,20,20,NA,NA,NA
"Kunjin","K.Hygl.E11","E","Hypochaeris.glabra",11,"B",124,2,13,1,14,14,62,868,868
"Kunjin","K.Hygl.E12","E","Hypochaeris.glabra",12,"R",40,1,12,1,13,13,40,520,520
"Kunjin","K.Hygl.E12","E","Hypochaeris.glabra",12,"G",23,1,2,0,2,2,23,46,46
"Kunjin","K.Hygl.E12","E","Hypochaeris.glabra",12,"B",21,1,14,2,16,16,21,336,336
"Kunjin","K.Hygl.E13","E","Hypochaeris.glabra",13,"R",29,1,9,1,10,10,29,290,290
"Kunjin","K.Hygl.E13","E","Hypochaeris.glabra",13,"G",62,1,29,1,30,30,62,1860,1860
"Kunjin","K.Hygl.E13","E","Hypochaeris.glabra",13,"B",17,1,33,1,34,34,17,578,578
"Kunjin","K.Hygl.E14","E","Hypochaeris.glabra",14,"R",70,1,24,2,26,26,70,1820,1820
"Kunjin","K.Hygl.E14","E","Hypochaeris.glabra",14,"G",41,1,26,1,27,27,41,1107,1107
"Kunjin","K.Hygl.E14","E","Hypochaeris.glabra",14,"B",62,1,26,2,28,28,62,1736,1736
"Kunjin","K.Hygl.E15","E","Hypochaeris.glabra",15,"R",45,1,19,1,20,20,45,900,900
"Kunjin","K.Hygl.E15","E","Hypochaeris.glabra",15,"G",NA,NA,NA,NA,NA,NA,NA,NA,NA
"Kunjin","K.Hygl.E15","E","Hypochaeris.glabra",15,"B",54,1,22,3,25,25,54,1350,1350
"Kunjin","K.Hygl.M1","M","Hypochaeris.glabra",1,"R",17,1,5,0,5,5,17,85,85
"Kunjin","K.Hygl.M1","M","Hypochaeris.glabra",1,"G",13,1,4,1,5,5,13,65,65
"Kunjin","K.Hygl.M1","M","Hypochaeris.glabra",1,"B",22,1,3,1,4,4,22,88,88
"Kunjin","K.Hygl.M2","M","Hypochaeris.glabra",2,"R",33,1,7,0,7,7,33,231,231
"Kunjin","K.Hygl.M2","M","Hypochaeris.glabra",2,"G",18,1,8,0,8,8,18,144,144
"Kunjin","K.Hygl.M2","M","Hypochaeris.glabra",2,"B",44,2,12,0,12,12,22,264,264
"Kunjin","K.Hygl.M3","M","Hypochaeris.glabra",3,"R",31,1,15,0,15,15,31,465,465
"Kunjin","K.Hygl.M3","M","Hypochaeris.glabra",3,"G",50,1,10,0,10,10,50,500,500
"Kunjin","K.Hygl.M3","M","Hypochaeris.glabra",3,"B",38,1,5,0,5,5,38,190,190
"Kunjin","K.Hygl.M4","M","Hypochaeris.glabra",4,"R",42,1,4,4,8,8,42,336,336
"Kunjin","K.Hygl.M4","M","Hypochaeris.glabra",4,"G",61,2,4,4,8,8,30.5,244,244
"Kunjin","K.Hygl.M4","M","Hypochaeris.glabra",4,"B",NA,NA,NA,NA,NA,NA,NA,NA,NA
"Kunjin","K.Hygl.M5","M","Hypochaeris.glabra",5,"R",29,1,3,3,6,6,29,174,174
"Kunjin","K.Hygl.M5","M","Hypochaeris.glabra",5,"G",21,1,4,4,8,8,21,168,168
"Kunjin","K.Hygl.M5","M","Hypochaeris.glabra",5,"B",19,1,4,4,8,8,19,152,152
"Kunjin","K.Hygl.N1","N","Hypochaeris.glabra",1,"R",NA,NA,NA,NA,NA,NA,NA,NA,NA
"Kunjin","K.Hygl.N1","N","Hypochaeris.glabra",1,"G",NA,NA,NA,NA,NA,NA,NA,NA,NA
"Kunjin","K.Hygl.N1","N","Hypochaeris.glabra",1,"B",16,1,5,0,5,5,16,80,80
"Kunjin","K.Hygl.N2","N","Hypochaeris.glabra",2,"R",31,1,3,0,3,3,31,93,93
"Kunjin","K.Hygl.N2","N","Hypochaeris.glabra",2,"G",17,1,4,1,5,5,17,85,85
"Kunjin","K.Hygl.N2","N","Hypochaeris.glabra",2,"B",41,1,5,0,5,5,41,205,205
"Kunjin","K.Hygl.N3","N","Hypochaeris.glabra",3,"R",24,2,2,0,2,2,12,24,24
"Kunjin","K.Hygl.N3","N","Hypochaeris.glabra",3,"G",62,2,3,0,3,3,31,93,93
"Kunjin","K.Hygl.N3","N","Hypochaeris.glabra",3,"B",57,2,3,0,3,3,28.5,85.5,86
"Kunjin","K.Hygl.N4","N","Hypochaeris.glabra",4,"R",NA,NA,NA,NA,NA,NA,NA,NA,NA
"Kunjin","K.Hygl.N4","N","Hypochaeris.glabra",4,"G",17,1,2,0,2,2,17,34,34
"Kunjin","K.Hygl.N4","N","Hypochaeris.glabra",4,"B",9,1,2,0,2,2,9,18,18
"Kunjin","K.Hygl.N5","N","Hypochaeris.glabra",5,"R",34,1,6,0,6,6,34,204,204
"Kunjin","K.Hygl.N5","N","Hypochaeris.glabra",5,"G",17,1,3,0,3,3,17,51,51
"Kunjin","K.Hygl.N5","N","Hypochaeris.glabra",5,"B",29,1,8,0,8,8,29,232,232
"Kunjin","K.Hygl.N6","N","Hypochaeris.glabra",6,"R",32,1,7,0,7,7,32,224,224
"Kunjin","K.Hygl.N6","N","Hypochaeris.glabra",6,"G",NA,NA,NA,NA,NA,NA,NA,NA,NA
"Kunjin","K.Hygl.N6","N","Hypochaeris.glabra",6,"B",13,2,2,0,2,2,6.5,13,13
"Kunjin","K.Hygl.N7","N","Hypochaeris.glabra",7,"R",68,2,9,0,9,9,34,306,306
"Kunjin","K.Hygl.N7","N","Hypochaeris.glabra",7,"G",42,2,7,0,7,7,21,147,147
"Kunjin","K.Hygl.N7","N","Hypochaeris.glabra",7,"B",4,1,3,0,3,3,4,12,12
"Kunjin","K.Hygl.N8","N","Hypochaeris.glabra",8,"R",13,1,4,1,5,5,13,65,65
"Kunjin","K.Hygl.N8","N","Hypochaeris.glabra",8,"G",NA,NA,7,1,8,8,NA,NA,NA
"Kunjin","K.Hygl.N8","N","Hypochaeris.glabra",8,"B",6,1,6,0,6,6,6,36,36
"Kunjin","K.Hygl.N9","N","Hypochaeris.glabra",9,"R",50,1,7,5,12,12,50,600,600
"Kunjin","K.Hygl.N9","N","Hypochaeris.glabra",9,"G",NA,NA,7,0,7,7,NA,NA,NA
"Kunjin","K.Hygl.N9","N","Hypochaeris.glabra",9,"B",NA,NA,8,1,9,9,NA,NA,NA
"Kunjin","K.Hygl.N10","N","Hypochaeris.glabra",10,"R",20,1,6,0,6,6,20,120,120
"Kunjin","K.Hygl.N10","N","Hypochaeris.glabra",10,"G",NA,NA,0,0,0,0,NA,NA,NA
"Kunjin","K.Hygl.N10","N","Hypochaeris.glabra",10,"B",51,1,5,0,5,5,51,255,255
"Kunjin","K.Hygl.N11","N","Hypochaeris.glabra",11,"R",NA,NA,NA,NA,NA,NA,NA,NA,NA
"Kunjin","K.Hygl.N11","N","Hypochaeris.glabra",11,"G",NA,NA,NA,NA,NA,NA,NA,NA,NA
"Kunjin","K.Hygl.N11","N","Hypochaeris.glabra",11,"B",40,1,8,0,8,8,40,320,320
"Kunjin","K.Hygl.N12","N","Hypochaeris.glabra",12,"R",23,1,3,0,3,3,23,69,69
"Kunjin","K.Hygl.N12","N","Hypochaeris.glabra",12,"G",45,1,9,1,10,10,45,450,450
"Kunjin","K.Hygl.N12","N","Hypochaeris.glabra",12,"B",35,1,4,0,4,4,35,140,140
"Kunjin","K.Hygl.N13","N","Hypochaeris.glabra",13,"R",NA,NA,NA,NA,NA,NA,NA,NA,NA
"Kunjin","K.Hygl.N13","N","Hypochaeris.glabra",13,"G",5,1,3,2,5,5,5,25,25
"Kunjin","K.Hygl.N13","N","Hypochaeris.glabra",13,"B",3,1,4,0,4,4,3,12,12
"Kunjin","K.Hygl.N14","N","Hypochaeris.glabra",14,"R",NA,NA,6,0,6,6,NA,NA,NA
"Kunjin","K.Hygl.N14","N","Hypochaeris.glabra",14,"G",NA,NA,NA,NA,NA,NA,NA,NA,NA
"Kunjin","K.Hygl.N14","N","Hypochaeris.glabra",14,"B",13,1,9,0,9,9,13,117,117
"Kunjin","K.Hygl.N15","N","Hypochaeris.glabra",15,"R",9,1,2,1,3,3,9,27,27
"Kunjin","K.Hygl.N15","N","Hypochaeris.glabra",15,"G",NA,NA,NA,NA,NA,NA,NA,NA,NA
"Kunjin","K.Hygl.N15","N","Hypochaeris.glabra",15,"B",30,1,5,0,5,5,30,150,150
"Kunjin","K.Peai.E1","E","Aira.caryophylla",1,"R",23,1,1,0,1,1,23,23,23
"Kunjin","K.Peai.E1","E","Aira.caryophylla",1,"G",26,1,1,0,1,1,26,26,26
"Kunjin","K.Peai.E1","E","Aira.caryophylla",1,"B",31,1,1,0,1,1,31,31,31
"Kunjin","K.Peai.E2","E","Aira.caryophylla",2,"R",70,1,7,0,7,1,70,70,70
"Kunjin","K.Peai.E2","E","Aira.caryophylla",2,"G",61,1,5,0,5,1,61,61,61
"Kunjin","K.Peai.E2","E","Aira.caryophylla",2,"B",96,1,5,0,5,1,96,96,96
"Kunjin","K.Peai.E3","E","Aira.caryophylla",3,"R",19,1,1,0,1,1,19,19,19
"Kunjin","K.Peai.E3","E","Aira.caryophylla",3,"G",33,1,1,0,1,1,33,33,33
"Kunjin","K.Peai.E3","E","Aira.caryophylla",3,"B",46,1,1,0,1,1,46,46,46
"Kunjin","K.Peai.E4","E","Aira.caryophylla",4,"R",31,1,15,0,15,1,31,31,31
"Kunjin","K.Peai.E4","E","Aira.caryophylla",4,"G",63,1,25,0,25,1,63,63,63
"Kunjin","K.Peai.E4","E","Aira.caryophylla",4,"B",223,1,20,0,20,1,223,223,223
"Kunjin","K.Peai.E5","E","Aira.caryophylla",5,"R",115,1,1,0,1,1,115,115,115
"Kunjin","K.Peai.E5","E","Aira.caryophylla",5,"G",60,1,1,0,1,1,60,60,60
"Kunjin","K.Peai.E5","E","Aira.caryophylla",5,"B",262,1,1,0,1,1,262,262,262
"Kunjin","K.Peai.E6","E","Aira.caryophylla",6,"R",362,1,20,0,20,1,362,362,362
"Kunjin","K.Peai.E6","E","Aira.caryophylla",6,"G",227,1,20,0,20,1,227,227,227
"Kunjin","K.Peai.E6","E","Aira.caryophylla",6,"B",61,1,8,0,8,1,61,61,61
"Kunjin","K.Peai.E7","E","Aira.caryophylla",7,"R",59,1,7,0,7,1,59,59,59
"Kunjin","K.Peai.E7","E","Aira.caryophylla",7,"G",76,1,8,0,8,1,76,76,76
"Kunjin","K.Peai.E7","E","Aira.caryophylla",7,"B",161,1,8,0,8,1,161,161,161
"Kunjin","K.Peai.E8","E","Aira.caryophylla",8,"R",37,1,9,0,9,1,37,37,37
"Kunjin","K.Peai.E8","E","Aira.caryophylla",8,"G",53,1,9,0,9,1,53,53,53
"Kunjin","K.Peai.E8","E","Aira.caryophylla",8,"B",290,1,17,0,17,1,290,290,290
"Kunjin","K.Peai.E9","E","Aira.caryophylla",9,"R",42,1,1,0,1,1,42,42,42
"Kunjin","K.Peai.E9","E","Aira.caryophylla",9,"G",79,1,2,0,2,1,79,79,79
"Kunjin","K.Peai.E9","E","Aira.caryophylla",9,"B",91,1,1,0,1,1,91,91,91
"Kunjin","K.Peai.E10","E","Aira.caryophylla",10,"R",30,1,1,0,1,1,30,30,30
"Kunjin","K.Peai.E10","E","Aira.caryophylla",10,"G",22,1,1,0,1,1,22,22,22
"Kunjin","K.Peai.E10","E","Aira.caryophylla",10,"B",26,1,1,0,1,1,26,26,26
"Kunjin","K.Peai.E11","E","Aira.caryophylla",11,"R",NA,NA,NA,NA,NA,1,NA,NA,NA
"Kunjin","K.Peai.E11","E","Aira.caryophylla",11,"G",117,1,1,0,1,1,117,117,117
"Kunjin","K.Peai.E11","E","Aira.caryophylla",11,"B",55,1,1,0,1,1,55,55,55
"Kunjin","K.Peai.E12","E","Aira.caryophylla",12,"R",35,1,1,0,1,1,35,35,35
"Kunjin","K.Peai.E12","E","Aira.caryophylla",12,"G",23,1,1,0,1,1,23,23,23
"Kunjin","K.Peai.E12","E","Aira.caryophylla",12,"B",NA,NA,1,0,1,1,NA,NA,NA
"Kunjin","K.Peai.E13","E","Aira.caryophylla",13,"R",67,1,1,0,1,1,67,67,67
"Kunjin","K.Peai.E13","E","Aira.caryophylla",13,"G",310,1,1,0,1,1,310,310,310
"Kunjin","K.Peai.E13","E","Aira.caryophylla",13,"B",138,1,2,0,2,1,138,138,138
"Kunjin","K.Peai.E14","E","Aira.caryophylla",14,"R",27,1,8,0,8,1,27,27,27
"Kunjin","K.Peai.E14","E","Aira.caryophylla",14,"G",32,1,8,0,8,1,32,32,32
"Kunjin","K.Peai.E14","E","Aira.caryophylla",14,"B",58,1,NA,NA,NA,1,58,58,58
"Kunjin","K.Peai.E15","E","Aira.caryophylla",15,"R",NA,NA,1,0,1,1,NA,NA,NA
"Kunjin","K.Peai.E15","E","Aira.caryophylla",15,"G",40,1,1,0,1,1,40,40,40
"Kunjin","K.Peai.E15","E","Aira.caryophylla",15,"B",54,1,1,0,1,1,54,54,54
"Kunjin","K.Peai.M1","M","Aira.caryophylla",1,"R",NA,NA,1,0,1,1,NA,NA,NA
"Kunjin","K.Peai.M1","M","Aira.caryophylla",1,"G",NA,NA,1,0,1,1,NA,NA,NA
"Kunjin","K.Peai.M1","M","Aira.caryophylla",1,"B",NA,NA,1,0,1,1,NA,NA,NA
"Kunjin","K.Peai.M2","M","Aira.caryophylla",2,"R",NA,NA,1,0,1,1,NA,NA,NA
"Kunjin","K.Peai.M2","M","Aira.caryophylla",2,"G",NA,NA,1,0,1,1,NA,NA,NA
"Kunjin","K.Peai.M2","M","Aira.caryophylla",2,"B",NA,NA,1,0,1,1,NA,NA,NA
"Kunjin","K.Peai.M3","M","Aira.caryophylla",3,"R",88,1,1,0,1,1,88,88,88
"Kunjin","K.Peai.M3","M","Aira.caryophylla",3,"G",222,1,1,0,1,1,222,222,222
"Kunjin","K.Peai.M3","M","Aira.caryophylla",3,"B",112,1,1,0,1,1,112,112,112
"Kunjin","K.Peai.M4","M","Aira.caryophylla",4,"R",39,1,1,0,1,1,39,39,39
"Kunjin","K.Peai.M4","M","Aira.caryophylla",4,"G",17,1,1,0,1,1,17,17,17
"Kunjin","K.Peai.M4","M","Aira.caryophylla",4,"B",75,1,1,0,1,1,75,75,75
"Kunjin","K.Peai.M5","M","Aira.caryophylla",5,"R",NA,NA,1,0,1,1,NA,NA,NA
"Kunjin","K.Peai.M5","M","Aira.caryophylla",5,"G",NA,NA,1,0,1,1,NA,NA,NA
"Kunjin","K.Peai.M5","M","Aira.caryophylla",5,"B",NA,NA,1,0,1,1,NA,NA,NA
"Kunjin","K.Peai.N1","N","Aira.caryophylla",1,"R",98,1,1,0,1,1,98,98,98
"Kunjin","K.Peai.N1","N","Aira.caryophylla",1,"G",38,1,1,0,1,1,38,38,38
"Kunjin","K.Peai.N1","N","Aira.caryophylla",1,"B",98,1,1,0,1,1,98,98,98
"Kunjin","K.Peai.N2","N","Aira.caryophylla",2,"R",54,1,1,0,1,1,54,54,54
"Kunjin","K.Peai.N2","N","Aira.caryophylla",2,"G",56,1,1,0,1,1,56,56,56
"Kunjin","K.Peai.N2","N","Aira.caryophylla",2,"B",64,1,1,0,1,1,64,64,64
"Kunjin","K.Peai.N3","N","Aira.caryophylla",3,"R",18,1,1,0,1,1,18,18,18
"Kunjin","K.Peai.N3","N","Aira.caryophylla",3,"G",19,1,1,0,1,1,19,19,19
"Kunjin","K.Peai.N3","N","Aira.caryophylla",3,"B",26,1,1,0,1,1,26,26,26
"Kunjin","K.Peai.N4","N","Aira.caryophylla",4,"R",115,1,1,0,1,1,115,115,115
"Kunjin","K.Peai.N4","N","Aira.caryophylla",4,"G",94,1,1,0,1,1,94,94,94
"Kunjin","K.Peai.N4","N","Aira.caryophylla",4,"B",26,1,1,0,1,1,26,26,26
"Kunjin","K.Peai.N5","N","Aira.caryophylla",5,"R",71,1,1,0,1,1,71,71,71
"Kunjin","K.Peai.N5","N","Aira.caryophylla",5,"G",350,1,1,0,1,1,350,350,350
"Kunjin","K.Peai.N5","N","Aira.caryophylla",5,"B",83,1,1,0,1,1,83,83,83
"Kunjin","K.Peai.N6","N","Aira.caryophylla",6,"R",39,1,1,0,1,1,39,39,39
"Kunjin","K.Peai.N6","N","Aira.caryophylla",6,"G",83,1,1,0,1,1,83,83,83
"Kunjin","K.Peai.N6","N","Aira.caryophylla",6,"B",62,1,1,0,1,1,62,62,62
"Kunjin","K.Peai.N7","N","Aira.caryophylla",7,"R",25,1,1,0,1,1,25,25,25
"Kunjin","K.Peai.N7","N","Aira.caryophylla",7,"G",90,1,1,0,1,1,90,90,90
"Kunjin","K.Peai.N7","N","Aira.caryophylla",7,"B",39,1,1,0,1,1,39,39,39
"Kunjin","K.Peai.N8","N","Aira.caryophylla",8,"R",54,1,1,0,1,1,54,54,54
"Kunjin","K.Peai.N8","N","Aira.caryophylla",8,"G",20,1,1,0,1,1,20,20,20
"Kunjin","K.Peai.N8","N","Aira.caryophylla",8,"B",61,1,1,0,1,1,61,61,61
"Kunjin","K.Peai.N9","N","Aira.caryophylla",9,"R",12,1,1,0,1,1,12,12,12
"Kunjin","K.Peai.N9","N","Aira.caryophylla",9,"G",21,1,1,0,1,1,21,21,21
"Kunjin","K.Peai.N9","N","Aira.caryophylla",9,"B",40,1,1,0,1,1,40,40,40
"Kunjin","K.Peai.N10","N","Aira.caryophylla",10,"R",47,1,1,0,1,1,47,47,47
"Kunjin","K.Peai.N10","N","Aira.caryophylla",10,"G",36,1,1,0,1,1,36,36,36
"Kunjin","K.Peai.N10","N","Aira.caryophylla",10,"B",58,1,1,0,1,1,58,58,58
"Kunjin","K.Peai.N11","N","Aira.caryophylla",11,"R",26,1,1,0,1,1,26,26,26
"Kunjin","K.Peai.N11","N","Aira.caryophylla",11,"G",66,1,1,0,1,1,66,66,66
"Kunjin","K.Peai.N11","N","Aira.caryophylla",11,"B",72,1,1,0,1,1,72,72,72
"Kunjin","K.Peai.N12","N","Aira.caryophylla",12,"R",38,1,1,0,1,1,38,38,38
"Kunjin","K.Peai.N12","N","Aira.caryophylla",12,"G",49,1,1,0,1,1,49,49,49
"Kunjin","K.Peai.N12","N","Aira.caryophylla",12,"B",47,1,1,0,1,1,47,47,47
"Kunjin","K.Peai.N13","N","Aira.caryophylla",13,"R",15,1,1,0,1,1,15,15,15
"Kunjin","K.Peai.N13","N","Aira.caryophylla",13,"G",54,1,1,0,1,1,54,54,54
"Kunjin","K.Peai.N13","N","Aira.caryophylla",13,"B",16,1,1,0,1,1,16,16,16
"Kunjin","K.Peai.N14","N","Aira.caryophylla",14,"R",150,1,1,0,1,1,150,150,150
"Kunjin","K.Peai.N14","N","Aira.caryophylla",14,"G",46,1,1,0,1,1,46,46,46
"Kunjin","K.Peai.N14","N","Aira.caryophylla",14,"B",43,1,1,0,1,1,43,43,43
"Kunjin","K.Peai.N15","N","Aira.caryophylla",15,"R",20,1,1,0,1,1,20,20,20
"Kunjin","K.Peai.N15","N","Aira.caryophylla",15,"G",30,1,1,0,1,1,30,30,30
"Kunjin","K.Peai.N15","N","Aira.caryophylla",15,"B",31,1,1,0,1,1,31,31,31
"Kunjin","K.Pogn.E1","E","Podotheca.gnaphalioides",1,"R",37,1,3,0,3,3,37,111,111
"Kunjin","K.Pogn.E1","E","Podotheca.gnaphalioides",1,"G",NA,NA,NA,NA,NA,NA,NA,NA,NA
"Kunjin","K.Pogn.E1","E","Podotheca.gnaphalioides",1,"B",96,2,3,0,3,3,48,144,144
"Kunjin","K.Pogn.E2","E","Podotheca.gnaphalioides",2,"R",53,1,10,0,10,10,53,530,530
"Kunjin","K.Pogn.E2","E","Podotheca.gnaphalioides",2,"G",NA,NA,NA,NA,NA,NA,NA,NA,NA
"Kunjin","K.Pogn.E2","E","Podotheca.gnaphalioides",2,"B",NA,NA,NA,NA,NA,NA,NA,NA,NA
"Kunjin","K.Pogn.E3","E","Podotheca.gnaphalioides",3,"R",NA,NA,NA,0,NA,NA,NA,NA,NA
"Kunjin","K.Pogn.E3","E","Podotheca.gnaphalioides",3,"G",NA,NA,NA,0,NA,NA,NA,NA,NA
"Kunjin","K.Pogn.E3","E","Podotheca.gnaphalioides",3,"B",NA,NA,NA,0,NA,NA,NA,NA,NA
"Kunjin","K.Pogn.E4","E","Podotheca.gnaphalioides",4,"R",NA,NA,NA,NA,NA,NA,NA,NA,NA
"Kunjin","K.Pogn.E4","E","Podotheca.gnaphalioides",4,"G",79,1,1,0,1,1,79,79,79
"Kunjin","K.Pogn.E4","E","Podotheca.gnaphalioides",4,"B",NA,NA,NA,NA,NA,NA,NA,NA,NA
"Kunjin","K.Pogn.E5","E","Podotheca.gnaphalioides",5,"R",NA,NA,NA,NA,NA,NA,NA,NA,NA
"Kunjin","K.Pogn.E5","E","Podotheca.gnaphalioides",5,"G",87,1,10,0,10,10,87,870,870
"Kunjin","K.Pogn.E5","E","Podotheca.gnaphalioides",5,"B",NA,NA,NA,NA,NA,NA,NA,NA,NA
"Kunjin","K.Pogn.E6","E","Podotheca.gnaphalioides",6,"R",25,1,2,0,2,2,25,50,50
"Kunjin","K.Pogn.E6","E","Podotheca.gnaphalioides",6,"G",76,1,1,0,1,1,76,76,76
"Kunjin","K.Pogn.E6","E","Podotheca.gnaphalioides",6,"B",63,1,5,0,5,5,63,315,315
"Kunjin","K.Pogn.E7","E","Podotheca.gnaphalioides",7,"R",NA,NA,NA,NA,NA,NA,NA,NA,NA
"Kunjin","K.Pogn.E7","E","Podotheca.gnaphalioides",7,"G",91,1,5,0,5,5,91,455,455
"Kunjin","K.Pogn.E7","E","Podotheca.gnaphalioides",7,"B",NA,NA,NA,NA,NA,NA,NA,NA,NA
"Kunjin","K.Pogn.E8","E","Podotheca.gnaphalioides",8,"R",55,1,1,0,1,1,55,55,55
"Kunjin","K.Pogn.E8","E","Podotheca.gnaphalioides",8,"G",41,1,2,0,2,2,41,82,82
"Kunjin","K.Pogn.E8","E","Podotheca.gnaphalioides",8,"B",18,1,1,0,1,1,18,18,18
"Kunjin","K.Pogn.E9","E","Podotheca.gnaphalioides",9,"R",NA,NA,NA,NA,NA,NA,NA,NA,NA
"Kunjin","K.Pogn.E9","E","Podotheca.gnaphalioides",9,"G",NA,NA,NA,NA,NA,NA,NA,NA,NA
"Kunjin","K.Pogn.E9","E","Podotheca.gnaphalioides",9,"B",119,1,2,0,2,2,119,238,238
"Kunjin","K.Pogn.E10","E","Podotheca.gnaphalioides",10,"R",NA,NA,NA,NA,NA,NA,NA,NA,NA
"Kunjin","K.Pogn.E10","E","Podotheca.gnaphalioides",10,"G",129,1,1,0,1,1,129,129,129
"Kunjin","K.Pogn.E10","E","Podotheca.gnaphalioides",10,"B",38,1,1,0,1,1,38,38,38
"Kunjin","K.Pogn.E11","E","Podotheca.gnaphalioides",11,"R",NA,NA,NA,NA,NA,NA,NA,NA,NA
"Kunjin","K.Pogn.E11","E","Podotheca.gnaphalioides",11,"G",48,1,4,0,4,4,48,192,192
"Kunjin","K.Pogn.E11","E","Podotheca.gnaphalioides",11,"B",71,1,2,0,2,2,71,142,142
"Kunjin","K.Pogn.E12","E","Podotheca.gnaphalioides",12,"R",28,1,6,0,6,6,28,168,168
"Kunjin","K.Pogn.E12","E","Podotheca.gnaphalioides",12,"G",64,1,1,0,1,1,64,64,64
"Kunjin","K.Pogn.E12","E","Podotheca.gnaphalioides",12,"B",31,1,4,0,4,4,31,124,124
"Kunjin","K.Pogn.E13","E","Podotheca.gnaphalioides",13,"R",38,1,3,0,3,3,38,114,114
"Kunjin","K.Pogn.E13","E","Podotheca.gnaphalioides",13,"G",38,1,1,0,1,1,38,38,38
"Kunjin","K.Pogn.E13","E","Podotheca.gnaphalioides",13,"B",70,1,4,0,4,4,70,280,280
"Kunjin","K.Pogn.E14","E","Podotheca.gnaphalioides",14,"R",75,1,4,0,4,4,75,300,300
"Kunjin","K.Pogn.E14","E","Podotheca.gnaphalioides",14,"G",28,1,1,0,1,1,28,28,28
"Kunjin","K.Pogn.E14","E","Podotheca.gnaphalioides",14,"B",43,1,6,0,6,6,43,258,258
"Kunjin","K.Pogn.E15","E","Podotheca.gnaphalioides",15,"R",106,1,4,0,4,4,106,424,424
"Kunjin","K.Pogn.E15","E","Podotheca.gnaphalioides",15,"G",NA,NA,NA,NA,NA,NA,NA,NA,NA
"Kunjin","K.Pogn.E15","E","Podotheca.gnaphalioides",15,"B",68,1,1,0,1,1,68,68,68
"Kunjin","K.Pogn.M1","M","Podotheca.gnaphalioides",1,"R",NA,NA,NA,0,NA,NA,NA,NA,NA
"Kunjin","K.Pogn.M1","M","Podotheca.gnaphalioides",1,"G",NA,NA,NA,0,NA,NA,NA,NA,NA
"Kunjin","K.Pogn.M1","M","Podotheca.gnaphalioides",1,"B",NA,NA,NA,0,NA,NA,NA,NA,NA
"Kunjin","K.Pogn.M2","M","Podotheca.gnaphalioides",2,"R",43,1,7,0,7,7,43,301,301
"Kunjin","K.Pogn.M2","M","Podotheca.gnaphalioides",2,"G",58,1,12,0,12,12,58,696,696
"Kunjin","K.Pogn.M2","M","Podotheca.gnaphalioides",2,"B",27,1,3,0,3,3,27,81,81
"Kunjin","K.Pogn.M3","M","Podotheca.gnaphalioides",3,"R",59,1,5,0,5,5,59,295,295
"Kunjin","K.Pogn.M3","M","Podotheca.gnaphalioides",3,"G",80,1,6,0,6,6,80,480,480
"Kunjin","K.Pogn.M3","M","Podotheca.gnaphalioides",3,"B",101,1,6,0,6,6,101,606,606
"Kunjin","K.Pogn.M4","M","Podotheca.gnaphalioides",4,"R",NA,NA,NA,0,NA,NA,NA,NA,NA
"Kunjin","K.Pogn.M4","M","Podotheca.gnaphalioides",4,"G",NA,NA,NA,0,NA,NA,NA,NA,NA
"Kunjin","K.Pogn.M4","M","Podotheca.gnaphalioides",4,"B",NA,NA,NA,0,NA,NA,NA,NA,NA
"Kunjin","K.Pogn.M5","M","Podotheca.gnaphalioides",5,"R",80,1,10,0,10,10,80,800,800
"Kunjin","K.Pogn.M5","M","Podotheca.gnaphalioides",5,"G",101,1,9,0,9,9,101,909,909
"Kunjin","K.Pogn.M5","M","Podotheca.gnaphalioides",5,"B",148,1,3,0,3,3,148,444,444
"Kunjin","K.Pogn.N1","N","Podotheca.gnaphalioides",1,"R",NA,NA,NA,NA,NA,NA,NA,NA,NA
"Kunjin","K.Pogn.N1","N","Podotheca.gnaphalioides",1,"G",NA,NA,NA,NA,NA,NA,NA,NA,NA
"Kunjin","K.Pogn.N1","N","Podotheca.gnaphalioides",1,"B",100,1,1,0,1,1,100,100,100
"Kunjin","K.Pogn.N2","N","Podotheca.gnaphalioides",2,"R",68,1,20,0,20,20,68,1360,1360
"Kunjin","K.Pogn.N2","N","Podotheca.gnaphalioides",2,"G",NA,NA,NA,NA,NA,NA,NA,NA,NA
"Kunjin","K.Pogn.N2","N","Podotheca.gnaphalioides",2,"B",NA,NA,NA,NA,NA,NA,NA,NA,NA
"Kunjin","K.Pogn.N3","N","Podotheca.gnaphalioides",3,"R",NA,NA,NA,NA,NA,NA,NA,NA,NA
"Kunjin","K.Pogn.N3","N","Podotheca.gnaphalioides",3,"G",27,1,1,0,1,1,27,27,27
"Kunjin","K.Pogn.N3","N","Podotheca.gnaphalioides",3,"B",NA,NA,NA,NA,NA,NA,NA,NA,NA
"Kunjin","K.Pogn.N4","N","Podotheca.gnaphalioides",4,"R",NA,NA,NA,NA,NA,NA,NA,NA,NA
"Kunjin","K.Pogn.N4","N","Podotheca.gnaphalioides",4,"G",NA,NA,NA,NA,NA,NA,NA,NA,NA
"Kunjin","K.Pogn.N4","N","Podotheca.gnaphalioides",4,"B",145,1,5,0,5,5,145,725,725
"Kunjin","K.Pogn.N5","N","Podotheca.gnaphalioides",5,"R",51,1,1,0,1,1,51,51,51
"Kunjin","K.Pogn.N5","N","Podotheca.gnaphalioides",5,"G",86,1,8,0,8,8,86,688,688
"Kunjin","K.Pogn.N5","N","Podotheca.gnaphalioides",5,"B",73,1,15,0,15,15,73,1095,1095
"Kunjin","K.Pogn.N6","N","Podotheca.gnaphalioides",6,"R",52,1,2,0,2,2,52,104,104
"Kunjin","K.Pogn.N6","N","Podotheca.gnaphalioides",6,"G",41,1,5,0,5,5,41,205,205
"Kunjin","K.Pogn.N6","N","Podotheca.gnaphalioides",6,"B",83,1,1,0,1,1,83,83,83
"Kunjin","K.Pogn.N7","N","Podotheca.gnaphalioides",7,"R",67,1,5,0,5,5,67,335,335
"Kunjin","K.Pogn.N7","N","Podotheca.gnaphalioides",7,"G",134,1,4,0,4,4,134,536,536
"Kunjin","K.Pogn.N7","N","Podotheca.gnaphalioides",7,"B",24,1,1,0,1,1,24,24,24
"Kunjin","K.Pogn.N8","N","Podotheca.gnaphalioides",8,"R",16,1,2,0,2,2,16,32,32
"Kunjin","K.Pogn.N8","N","Podotheca.gnaphalioides",8,"G",NA,NA,NA,NA,NA,NA,NA,NA,NA
"Kunjin","K.Pogn.N8","N","Podotheca.gnaphalioides",8,"B",22,1,2,0,2,2,22,44,44
"Kunjin","K.Pogn.N9","N","Podotheca.gnaphalioides",9,"R",NA,NA,NA,NA,NA,NA,NA,NA,NA
"Kunjin","K.Pogn.N9","N","Podotheca.gnaphalioides",9,"G",NA,NA,NA,NA,NA,NA,NA,NA,NA
"Kunjin","K.Pogn.N9","N","Podotheca.gnaphalioides",9,"B",107,1,4,0,4,4,107,428,428
"Kunjin","K.Pogn.N10","N","Podotheca.gnaphalioides",10,"R",55,1,2,0,2,2,55,110,110
"Kunjin","K.Pogn.N10","N","Podotheca.gnaphalioides",10,"G",NA,NA,NA,NA,NA,NA,NA,NA,NA
"Kunjin","K.Pogn.N10","N","Podotheca.gnaphalioides",10,"B",39,1,2,0,2,2,39,78,78
"Kunjin","K.Pogn.N11","N","Podotheca.gnaphalioides",11,"R",101,1,5,0,5,5,101,505,505
"Kunjin","K.Pogn.N11","N","Podotheca.gnaphalioides",11,"G",NA,NA,NA,NA,NA,NA,NA,NA,NA
"Kunjin","K.Pogn.N11","N","Podotheca.gnaphalioides",11,"B",59,1,4,0,4,4,59,236,236
"Kunjin","K.Pogn.N12","N","Podotheca.gnaphalioides",12,"R",NA,NA,NA,NA,NA,NA,NA,NA,NA
"Kunjin","K.Pogn.N12","N","Podotheca.gnaphalioides",12,"G",NA,NA,NA,NA,NA,NA,NA,NA,NA
"Kunjin","K.Pogn.N12","N","Podotheca.gnaphalioides",12,"B",191,1,3,0,3,3,191,573,573
"Kunjin","K.Pogn.N13","N","Podotheca.gnaphalioides",13,"R",30,1,6,0,6,6,30,180,180
"Kunjin","K.Pogn.N13","N","Podotheca.gnaphalioides",13,"G",23,1,1,0,1,1,23,23,23
"Kunjin","K.Pogn.N13","N","Podotheca.gnaphalioides",13,"B",26,1,4,0,4,4,26,104,104
"Kunjin","K.Pogn.N14","N","Podotheca.gnaphalioides",14,"R",126,1,1,0,1,1,126,126,126
"Kunjin","K.Pogn.N14","N","Podotheca.gnaphalioides",14,"G",NA,NA,NA,NA,NA,NA,NA,NA,NA
"Kunjin","K.Pogn.N14","N","Podotheca.gnaphalioides",14,"B",58,1,3,0,3,3,58,174,174
"Kunjin","K.Pogn.N15","N","Podotheca.gnaphalioides",15,"R",123,1,2,0,2,2,123,246,246
"Kunjin","K.Pogn.N15","N","Podotheca.gnaphalioides",15,"G",NA,NA,NA,NA,NA,NA,NA,NA,NA
"Kunjin","K.Pogn.N15","N","Podotheca.gnaphalioides",15,"B",NA,NA,NA,NA,NA,NA,NA,NA,NA
"Kunjin","K.Tror.E1","E","Trachymene.cyanopetala",1,"R",120,1,15,0,15,1,120,120,120
"Kunjin","K.Tror.E1","E","Trachymene.cyanopetala",1,"G",26,1,5,0,5,1,26,26,26
"Kunjin","K.Tror.E1","E","Trachymene.cyanopetala",1,"B",41,1,5,0,5,1,41,41,41
"Kunjin","K.Tror.E2","E","Trachymene.cyanopetala",2,"R",50,1,3,0,3,1,50,50,50
"Kunjin","K.Tror.E2","E","Trachymene.cyanopetala",2,"G",29,1,5,0,5,1,29,29,29
"Kunjin","K.Tror.E2","E","Trachymene.cyanopetala",2,"B",NA,NA,NA,NA,NA,1,NA,NA,NA
"Kunjin","K.Tror.E3","E","Trachymene.cyanopetala",3,"R",136,1,20,0,20,1,136,136,136
"Kunjin","K.Tror.E3","E","Trachymene.cyanopetala",3,"G",215,1,5,0,5,1,215,215,215
"Kunjin","K.Tror.E3","E","Trachymene.cyanopetala",3,"B",32,1,2,0,2,1,32,32,32
"Kunjin","K.Tror.E4","E","Trachymene.cyanopetala",4,"R",140,1,20,0,20,1,140,140,140
"Kunjin","K.Tror.E4","E","Trachymene.cyanopetala",4,"G",130,1,20,0,20,1,130,130,130
"Kunjin","K.Tror.E4","E","Trachymene.cyanopetala",4,"B",140,1,30,0,30,1,140,140,140
"Kunjin","K.Tror.E5","E","Trachymene.cyanopetala",5,"R",140,1,10,0,10,1,140,140,140
"Kunjin","K.Tror.E5","E","Trachymene.cyanopetala",5,"G",32,1,5,0,5,1,32,32,32
"Kunjin","K.Tror.E5","E","Trachymene.cyanopetala",5,"B",75,1,15,0,15,1,75,75,75
"Kunjin","K.Tror.E6","E","Trachymene.cyanopetala",6,"R",16,1,15,0,15,1,16,16,16
"Kunjin","K.Tror.E6","E","Trachymene.cyanopetala",6,"G",18,1,NA,NA,NA,1,18,18,18
"Kunjin","K.Tror.E6","E","Trachymene.cyanopetala",6,"B",NA,NA,NA,NA,NA,1,NA,NA,NA
"Kunjin","K.Tror.E7","E","Trachymene.cyanopetala",7,"R",14,1,2,0,2,1,14,14,14
"Kunjin","K.Tror.E7","E","Trachymene.cyanopetala",7,"G",NA,NA,4,0,4,1,NA,NA,NA
"Kunjin","K.Tror.E7","E","Trachymene.cyanopetala",7,"B",10,1,4,0,4,1,10,10,10
"Kunjin","K.Tror.E8","E","Trachymene.cyanopetala",8,"R",24,1,6,0,6,1,24,24,24
"Kunjin","K.Tror.E8","E","Trachymene.cyanopetala",8,"G",67,1,12,0,12,1,67,67,67
"Kunjin","K.Tror.E8","E","Trachymene.cyanopetala",8,"B",48,1,9,0,9,1,48,48,48
"Kunjin","K.Tror.E9","E","Trachymene.cyanopetala",9,"R",9,1,3,0,3,1,9,9,9
"Kunjin","K.Tror.E9","E","Trachymene.cyanopetala",9,"G",NA,NA,NA,NA,NA,1,NA,NA,NA
"Kunjin","K.Tror.E9","E","Trachymene.cyanopetala",9,"B",14,1,2,0,2,1,14,14,14
"Kunjin","K.Tror.E10","E","Trachymene.cyanopetala",10,"R",16,1,1,0,1,1,16,16,16
"Kunjin","K.Tror.E10","E","Trachymene.cyanopetala",10,"G",NA,NA,NA,NA,NA,1,NA,NA,NA
"Kunjin","K.Tror.E10","E","Trachymene.cyanopetala",10,"B",NA,NA,NA,NA,NA,1,NA,NA,NA
"Kunjin","K.Tror.E11","E","Trachymene.cyanopetala",11,"R",200,1,20,0,20,1,200,200,200
"Kunjin","K.Tror.E11","E","Trachymene.cyanopetala",11,"G",85,1,30,0,30,1,85,85,85
"Kunjin","K.Tror.E11","E","Trachymene.cyanopetala",11,"B",150,1,20,0,20,1,150,150,150
"Kunjin","K.Tror.E12","E","Trachymene.cyanopetala",12,"R",60,1,20,0,20,1,60,60,60
"Kunjin","K.Tror.E12","E","Trachymene.cyanopetala",12,"G",35,1,5,0,5,1,35,35,35
"Kunjin","K.Tror.E12","E","Trachymene.cyanopetala",12,"B",45,1,15,0,15,1,45,45,45
"Kunjin","K.Tror.E13","E","Trachymene.cyanopetala",13,"R",40,1,10,0,10,1,40,40,40
"Kunjin","K.Tror.E13","E","Trachymene.cyanopetala",13,"G",28,1,25,0,25,1,28,28,28
"Kunjin","K.Tror.E13","E","Trachymene.cyanopetala",13,"B",46,1,15,0,15,1,46,46,46
"Kunjin","K.Tror.E14","E","Trachymene.cyanopetala",14,"R",70,1,10,0,10,1,70,70,70
"Kunjin","K.Tror.E14","E","Trachymene.cyanopetala",14,"G",80,1,15,0,15,1,80,80,80
"Kunjin","K.Tror.E14","E","Trachymene.cyanopetala",14,"B",NA,NA,10,0,10,1,NA,NA,NA
"Kunjin","K.Tror.E15","E","Trachymene.cyanopetala",15,"R",NA,NA,NA,NA,NA,1,NA,NA,NA
"Kunjin","K.Tror.E15","E","Trachymene.cyanopetala",15,"G",NA,NA,NA,NA,NA,1,NA,NA,NA
"Kunjin","K.Tror.E15","E","Trachymene.cyanopetala",15,"B",11,1,3,0,3,1,11,11,11
"Kunjin","K.Tror.M1","M","Trachymene.cyanopetala",1,"R",40,1,NA,0,NA,1,40,40,40
"Kunjin","K.Tror.M1","M","Trachymene.cyanopetala",1,"G",33,1,NA,0,NA,1,33,33,33
"Kunjin","K.Tror.M1","M","Trachymene.cyanopetala",1,"B",65,1,NA,0,NA,1,65,65,65
"Kunjin","K.Tror.M2","M","Trachymene.cyanopetala",2,"R",55,1,NA,0,NA,1,55,55,55
"Kunjin","K.Tror.M2","M","Trachymene.cyanopetala",2,"G",50,1,NA,0,NA,1,50,50,50
"Kunjin","K.Tror.M2","M","Trachymene.cyanopetala",2,"B",50,1,NA,0,NA,1,50,50,50
"Kunjin","K.Tror.M3","M","Trachymene.cyanopetala",3,"R",7,1,NA,0,NA,1,7,7,7
"Kunjin","K.Tror.M3","M","Trachymene.cyanopetala",3,"G",7,1,NA,0,NA,1,7,7,7
"Kunjin","K.Tror.M3","M","Trachymene.cyanopetala",3,"B",70,1,NA,0,NA,1,70,70,70
"Kunjin","K.Tror.M4","M","Trachymene.cyanopetala",4,"R",170,1,NA,0,NA,1,170,170,170
"Kunjin","K.Tror.M4","M","Trachymene.cyanopetala",4,"G",70,1,NA,0,NA,1,70,70,70
"Kunjin","K.Tror.M4","M","Trachymene.cyanopetala",4,"B",50,1,NA,0,NA,1,50,50,50
"Kunjin","K.Tror.M5","M","Trachymene.cyanopetala",5,"R",30,1,NA,0,NA,1,30,30,30
"Kunjin","K.Tror.M5","M","Trachymene.cyanopetala",5,"G",100,1,NA,0,NA,1,100,100,100
"Kunjin","K.Tror.M5","M","Trachymene.cyanopetala",5,"B",70,1,NA,0,NA,1,70,70,70
"Kunjin","K.Tror.N1","N","Trachymene.cyanopetala",1,"R",90,1,5,0,5,1,90,90,90
"Kunjin","K.Tror.N1","N","Trachymene.cyanopetala",1,"G",10,1,10,0,10,1,10,10,10
"Kunjin","K.Tror.N1","N","Trachymene.cyanopetala",1,"B",15,1,10,0,10,1,15,15,15
"Kunjin","K.Tror.N2","N","Trachymene.cyanopetala",2,"R",10,1,5,0,5,1,10,10,10
"Kunjin","K.Tror.N2","N","Trachymene.cyanopetala",2,"G",13,1,5,0,5,1,13,13,13
"Kunjin","K.Tror.N2","N","Trachymene.cyanopetala",2,"B",20,1,5,0,5,1,20,20,20
"Kunjin","K.Tror.N3","N","Trachymene.cyanopetala",3,"R",20,1,15,0,15,1,20,20,20
"Kunjin","K.Tror.N3","N","Trachymene.cyanopetala",3,"G",12,1,5,0,5,1,12,12,12
"Kunjin","K.Tror.N3","N","Trachymene.cyanopetala",3,"B",27,1,5,0,5,1,27,27,27
"Kunjin","K.Tror.N4","N","Trachymene.cyanopetala",4,"R",120,1,NA,0,NA,1,120,120,120
"Kunjin","K.Tror.N4","N","Trachymene.cyanopetala",4,"G",100,1,NA,0,NA,1,100,100,100
"Kunjin","K.Tror.N4","N","Trachymene.cyanopetala",4,"B",48,1,NA,0,NA,1,48,48,48
"Kunjin","K.Tror.N5","N","Trachymene.cyanopetala",5,"R",25,1,10,0,10,1,25,25,25
"Kunjin","K.Tror.N5","N","Trachymene.cyanopetala",5,"G",38,1,20,0,20,1,38,38,38
"Kunjin","K.Tror.N5","N","Trachymene.cyanopetala",5,"B",40,1,20,0,20,1,40,40,40
"Kunjin","K.Tror.N6","N","Trachymene.cyanopetala",6,"R",15,1,20,0,20,1,15,15,15
"Kunjin","K.Tror.N6","N","Trachymene.cyanopetala",6,"G",70,1,20,0,20,1,70,70,70
"Kunjin","K.Tror.N6","N","Trachymene.cyanopetala",6,"B",110,1,20,0,20,1,110,110,110
"Kunjin","K.Tror.N7","N","Trachymene.cyanopetala",7,"R",70,1,5,0,5,1,70,70,70
"Kunjin","K.Tror.N7","N","Trachymene.cyanopetala",7,"G",50,1,4,0,4,1,50,50,50
"Kunjin","K.Tror.N7","N","Trachymene.cyanopetala",7,"B",20,1,4,0,4,1,20,20,20
"Kunjin","K.Tror.N8","N","Trachymene.cyanopetala",8,"R",110,1,10,0,10,1,110,110,110
"Kunjin","K.Tror.N8","N","Trachymene.cyanopetala",8,"G",80,1,5,0,5,1,80,80,80
"Kunjin","K.Tror.N8","N","Trachymene.cyanopetala",8,"B",30,1,15,0,15,1,30,30,30
"Kunjin","K.Tror.N9","N","Trachymene.cyanopetala",9,"R",15,1,3,0,3,1,15,15,15
"Kunjin","K.Tror.N9","N","Trachymene.cyanopetala",9,"G",10,1,3,0,3,1,10,10,10
"Kunjin","K.Tror.N9","N","Trachymene.cyanopetala",9,"B",20,1,3,0,3,1,20,20,20
"Kunjin","K.Tror.N10","N","Trachymene.cyanopetala",10,"R",70,1,NA,0,NA,1,70,70,70
"Kunjin","K.Tror.N10","N","Trachymene.cyanopetala",10,"G",18,1,NA,0,NA,1,18,18,18
"Kunjin","K.Tror.N10","N","Trachymene.cyanopetala",10,"B",23,1,NA,0,NA,1,23,23,23
"Kunjin","K.Tror.N11","N","Trachymene.cyanopetala",11,"R",70,1,10,0,10,1,70,70,70
"Kunjin","K.Tror.N11","N","Trachymene.cyanopetala",11,"G",15,1,5,0,5,1,15,15,15
"Kunjin","K.Tror.N11","N","Trachymene.cyanopetala",11,"B",65,1,20,0,20,1,65,65,65
"Kunjin","K.Tror.N12","N","Trachymene.cyanopetala",12,"R",100,1,8,0,8,1,100,100,100
"Kunjin","K.Tror.N12","N","Trachymene.cyanopetala",12,"G",55,1,5,0,5,1,55,55,55
"Kunjin","K.Tror.N12","N","Trachymene.cyanopetala",12,"B",60,1,10,0,10,1,60,60,60
"Kunjin","K.Tror.N13","N","Trachymene.cyanopetala",13,"R",12,1,3,0,3,1,12,12,12
"Kunjin","K.Tror.N13","N","Trachymene.cyanopetala",13,"G",45,1,15,0,15,1,45,45,45
"Kunjin","K.Tror.N13","N","Trachymene.cyanopetala",13,"B",25,1,25,0,25,1,25,25,25
"Kunjin","K.Tror.N14","N","Trachymene.cyanopetala",14,"R",110,1,20,0,20,1,110,110,110
"Kunjin","K.Tror.N14","N","Trachymene.cyanopetala",14,"G",20,1,30,0,30,1,20,20,20
"Kunjin","K.Tror.N14","N","Trachymene.cyanopetala",14,"B",90,1,15,0,15,1,90,90,90
"Kunjin","K.Tror.N15","N","Trachymene.cyanopetala",15,"R",30,1,8,0,8,1,30,30,30
"Kunjin","K.Tror.N15","N","Trachymene.cyanopetala",15,"G",20,1,5,0,5,1,20,20,20
"Kunjin","K.Tror.N15","N","Trachymene.cyanopetala",15,"B",70,1,10,0,10,1,70,70,70
"Kunjin","K.Uran.E1","E","Ursinia.anthemoides",1,"R",30,1,3,0,3,3,30,90,90
"Kunjin","K.Uran.E1","E","Ursinia.anthemoides",1,"G",NA,NA,3,0,3,3,NA,NA,NA
"Kunjin","K.Uran.E1","E","Ursinia.anthemoides",1,"B",25,1,4,0,4,4,25,100,100
"Kunjin","K.Uran.E2","E","Ursinia.anthemoides",2,"R",37,1,15,0,15,15,37,555,555
"Kunjin","K.Uran.E2","E","Ursinia.anthemoides",2,"G",34,1,4,0,4,4,34,136,136
"Kunjin","K.Uran.E2","E","Ursinia.anthemoides",2,"B",51,1,10,0,10,10,51,510,510
"Kunjin","K.Uran.E3","E","Ursinia.anthemoides",3,"R",42,1,2,0,2,2,42,84,84
"Kunjin","K.Uran.E3","E","Ursinia.anthemoides",3,"G",NA,NA,NA,NA,NA,NA,NA,NA,NA
"Kunjin","K.Uran.E3","E","Ursinia.anthemoides",3,"B",19,1,10,0,10,10,19,190,190
"Kunjin","K.Uran.E4","E","Ursinia.anthemoides",4,"R",19,1,3,0,3,3,19,57,57
"Kunjin","K.Uran.E4","E","Ursinia.anthemoides",4,"G",18,1,5,0,5,5,18,90,90
"Kunjin","K.Uran.E4","E","Ursinia.anthemoides",4,"B",17,1,4,0,4,4,17,68,68
"Kunjin","K.Uran.E5","E","Ursinia.anthemoides",5,"R",49,1,6,0,6,6,49,294,294
"Kunjin","K.Uran.E5","E","Ursinia.anthemoides",5,"G",8,1,3,0,3,3,8,24,24
"Kunjin","K.Uran.E5","E","Ursinia.anthemoides",5,"B",7,1,10,0,10,10,7,70,70
"Kunjin","K.Uran.E6","E","Ursinia.anthemoides",6,"R",11,1,2,0,2,2,11,22,22
"Kunjin","K.Uran.E6","E","Ursinia.anthemoides",6,"G",26,1,2,0,2,2,26,52,52
"Kunjin","K.Uran.E6","E","Ursinia.anthemoides",6,"B",10,1,4,0,4,4,10,40,40
"Kunjin","K.Uran.E7","E","Ursinia.anthemoides",7,"R",22,1,3,0,3,3,22,66,66
"Kunjin","K.Uran.E7","E","Ursinia.anthemoides",7,"G",15,1,1,0,1,1,15,15,15
"Kunjin","K.Uran.E7","E","Ursinia.anthemoides",7,"B",32,1,3,0,3,3,32,96,96
"Kunjin","K.Uran.E8","E","Ursinia.anthemoides",8,"R",14,1,10,0,10,10,14,140,140
"Kunjin","K.Uran.E8","E","Ursinia.anthemoides",8,"G",32,1,2,0,2,2,32,64,64
"Kunjin","K.Uran.E8","E","Ursinia.anthemoides",8,"B",36,1,3,0,3,3,36,108,108
"Kunjin","K.Uran.E9","E","Ursinia.anthemoides",9,"R",NA,NA,5,0,5,5,NA,NA,NA
"Kunjin","K.Uran.E9","E","Ursinia.anthemoides",9,"G",5,1,6,0,6,6,5,30,30
"Kunjin","K.Uran.E9","E","Ursinia.anthemoides",9,"B",73,2,6,0,6,6,36.5,219,219
"Kunjin","K.Uran.E10","E","Ursinia.anthemoides",10,"R",67,1,6,0,6,6,67,402,402
"Kunjin","K.Uran.E10","E","Ursinia.anthemoides",10,"G",26,1,6,0,6,6,26,156,156
"Kunjin","K.Uran.E10","E","Ursinia.anthemoides",10,"B",39,1,7,0,7,7,39,273,273
"Kunjin","K.Uran.E11","E","Ursinia.anthemoides",11,"R",34,1,9,0,9,9,34,306,306
"Kunjin","K.Uran.E11","E","Ursinia.anthemoides",11,"G",34,1,11,0,11,11,34,374,374
"Kunjin","K.Uran.E11","E","Ursinia.anthemoides",11,"B",56,1,2,0,2,2,56,112,112
"Kunjin","K.Uran.E12","E","Ursinia.anthemoides",12,"R",41,1,5,0,5,5,41,205,205
"Kunjin","K.Uran.E12","E","Ursinia.anthemoides",12,"G",24,1,5,0,5,5,24,120,120
"Kunjin","K.Uran.E12","E","Ursinia.anthemoides",12,"B",11,1,4,0,4,4,11,44,44
"Kunjin","K.Uran.E13","E","Ursinia.anthemoides",13,"R",18,1,3,0,3,3,18,54,54
"Kunjin","K.Uran.E13","E","Ursinia.anthemoides",13,"G",46,1,30,0,30,30,46,1380,1380
"Kunjin","K.Uran.E13","E","Ursinia.anthemoides",13,"B",NA,NA,NA,NA,NA,NA,NA,NA,NA
"Kunjin","K.Uran.E14","E","Ursinia.anthemoides",14,"R",9,1,3,0,3,3,9,27,27
"Kunjin","K.Uran.E14","E","Ursinia.anthemoides",14,"G",45,1,30,0,30,30,45,1350,1350
"Kunjin","K.Uran.E14","E","Ursinia.anthemoides",14,"B",4,1,NA,0,NA,NA,4,NA,NA
"Kunjin","K.Uran.E15","E","Ursinia.anthemoides",15,"R",23,1,8,0,8,8,23,184,184
"Kunjin","K.Uran.E15","E","Ursinia.anthemoides",15,"G",23,1,5,0,5,5,23,115,115
"Kunjin","K.Uran.E15","E","Ursinia.anthemoides",15,"B",NA,NA,NA,NA,NA,NA,NA,NA,NA
"Kunjin","K.Uran.M1","M","Ursinia.anthemoides",1,"R",16,1,2,0,2,2,16,32,32
"Kunjin","K.Uran.M1","M","Ursinia.anthemoides",1,"G",20,1,1,0,1,1,20,20,20
"Kunjin","K.Uran.M1","M","Ursinia.anthemoides",1,"B",10,1,4,0,4,4,10,40,40
"Kunjin","K.Uran.M2","M","Ursinia.anthemoides",2,"R",NA,NA,NA,0,NA,NA,NA,NA,NA
"Kunjin","K.Uran.M2","M","Ursinia.anthemoides",2,"G",NA,NA,NA,0,NA,NA,NA,NA,NA
"Kunjin","K.Uran.M2","M","Ursinia.anthemoides",2,"B",44,1,NA,0,NA,NA,44,NA,NA
"Kunjin","K.Uran.M3","M","Ursinia.anthemoides",3,"R",NA,NA,NA,0,NA,NA,NA,NA,NA
"Kunjin","K.Uran.M3","M","Ursinia.anthemoides",3,"G",79,2,NA,0,NA,NA,39.5,NA,NA
"Kunjin","K.Uran.M3","M","Ursinia.anthemoides",3,"B",NA,NA,NA,0,NA,NA,NA,NA,NA
"Kunjin","K.Uran.M4","M","Ursinia.anthemoides",4,"R",NA,NA,NA,0,NA,NA,NA,NA,NA
"Kunjin","K.Uran.M4","M","Ursinia.anthemoides",4,"G",14,1,NA,0,NA,NA,14,NA,NA
"Kunjin","K.Uran.M4","M","Ursinia.anthemoides",4,"B",NA,NA,NA,0,NA,NA,NA,NA,NA
"Kunjin","K.Uran.M5","M","Ursinia.anthemoides",5,"R",17,1,NA,0,NA,NA,17,NA,NA
"Kunjin","K.Uran.M5","M","Ursinia.anthemoides",5,"G",52,1,NA,0,NA,NA,52,NA,NA
"Kunjin","K.Uran.M5","M","Ursinia.anthemoides",5,"B",23,1,NA,0,NA,NA,23,NA,NA
"Kunjin","K.Uran.N1","N","Ursinia.anthemoides",1,"R",NA,NA,NA,NA,NA,NA,NA,NA,NA
"Kunjin","K.Uran.N1","N","Ursinia.anthemoides",1,"G",NA,NA,NA,NA,NA,NA,NA,NA,NA
"Kunjin","K.Uran.N1","N","Ursinia.anthemoides",1,"B",14,1,3,0,3,3,14,42,42
"Kunjin","K.Uran.N2","N","Ursinia.anthemoides",2,"R",21,1,2,0,2,2,21,42,42
"Kunjin","K.Uran.N2","N","Ursinia.anthemoides",2,"G",20,1,1,0,1,1,20,20,20
"Kunjin","K.Uran.N2","N","Ursinia.anthemoides",2,"B",15,1,1,0,1,1,15,15,15
"Kunjin","K.Uran.N3","N","Ursinia.anthemoides",3,"R",10,1,4,0,4,4,10,40,40
"Kunjin","K.Uran.N3","N","Ursinia.anthemoides",3,"G",47,1,4,0,4,4,47,188,188
"Kunjin","K.Uran.N3","N","Ursinia.anthemoides",3,"B",15,1,3,0,3,3,15,45,45
"Kunjin","K.Uran.N4","N","Ursinia.anthemoides",4,"R",44,1,2,0,2,2,44,88,88
"Kunjin","K.Uran.N4","N","Ursinia.anthemoides",4,"G",21,1,3,0,3,3,21,63,63
"Kunjin","K.Uran.N4","N","Ursinia.anthemoides",4,"B",10,1,2,0,2,2,10,20,20
"Kunjin","K.Uran.N5","N","Ursinia.anthemoides",5,"R",31,1,4,0,4,4,31,124,124
"Kunjin","K.Uran.N5","N","Ursinia.anthemoides",5,"G",10,1,5,0,5,5,10,50,50
"Kunjin","K.Uran.N5","N","Ursinia.anthemoides",5,"B",48,1,6,0,6,6,48,288,288
"Kunjin","K.Uran.N6","N","Ursinia.anthemoides",6,"R",18,1,2,0,2,2,18,36,36
"Kunjin","K.Uran.N6","N","Ursinia.anthemoides",6,"G",NA,NA,NA,NA,NA,NA,NA,NA,NA
"Kunjin","K.Uran.N6","N","Ursinia.anthemoides",6,"B",5,1,2,0,2,2,5,10,10
"Kunjin","K.Uran.N7","N","Ursinia.anthemoides",7,"R",48,1,2,0,2,2,48,96,96
"Kunjin","K.Uran.N7","N","Ursinia.anthemoides",7,"G",10,1,2,0,2,2,10,20,20
"Kunjin","K.Uran.N7","N","Ursinia.anthemoides",7,"B",NA,NA,NA,NA,NA,NA,NA,NA,NA
"Kunjin","K.Uran.N8","N","Ursinia.anthemoides",8,"R",20,1,3,0,3,3,20,60,60
"Kunjin","K.Uran.N8","N","Ursinia.anthemoides",8,"G",12,1,2,0,2,2,12,24,24
"Kunjin","K.Uran.N8","N","Ursinia.anthemoides",8,"B",20,1,3,0,3,3,20,60,60
"Kunjin","K.Uran.N9","N","Ursinia.anthemoides",9,"R",26,1,3,0,3,3,26,78,78
"Kunjin","K.Uran.N9","N","Ursinia.anthemoides",9,"G",2,1,2,0,2,2,2,4,4
"Kunjin","K.Uran.N9","N","Ursinia.anthemoides",9,"B",37,1,4,0,4,4,37,148,148
"Kunjin","K.Uran.N10","N","Ursinia.anthemoides",10,"R",NA,NA,NA,NA,NA,NA,NA,NA,NA
"Kunjin","K.Uran.N10","N","Ursinia.anthemoides",10,"G",59,1,3,0,3,3,59,177,177
"Kunjin","K.Uran.N10","N","Ursinia.anthemoides",10,"B",NA,NA,NA,NA,NA,NA,NA,NA,NA
"Kunjin","K.Uran.N11","N","Ursinia.anthemoides",11,"R",NA,NA,NA,NA,NA,NA,NA,NA,NA
"Kunjin","K.Uran.N11","N","Ursinia.anthemoides",11,"G",65,1,9,0,9,9,65,585,585
"Kunjin","K.Uran.N11","N","Ursinia.anthemoides",11,"B",3,1,2,0,2,2,3,6,6
"Kunjin","K.Uran.N12","N","Ursinia.anthemoides",12,"R",33,1,3,0,3,3,33,99,99
"Kunjin","K.Uran.N12","N","Ursinia.anthemoides",12,"G",NA,NA,NA,NA,NA,NA,NA,NA,NA
"Kunjin","K.Uran.N12","N","Ursinia.anthemoides",12,"B",43,1,2,0,2,2,43,86,86
"Kunjin","K.Uran.N13","N","Ursinia.anthemoides",13,"R",24,1,4,0,4,4,24,96,96
"Kunjin","K.Uran.N13","N","Ursinia.anthemoides",13,"G",49,1,10,0,10,10,49,490,490
"Kunjin","K.Uran.N13","N","Ursinia.anthemoides",13,"B",45,1,5,0,5,5,45,225,225
"Kunjin","K.Uran.N14","N","Ursinia.anthemoides",14,"R",NA,NA,NA,NA,NA,NA,NA,NA,NA
"Kunjin","K.Uran.N14","N","Ursinia.anthemoides",14,"G",NA,NA,NA,NA,NA,NA,NA,NA,NA
"Kunjin","K.Uran.N14","N","Ursinia.anthemoides",14,"B",25,1,4,0,4,4,25,100,100
"Kunjin","K.Uran.N15","N","Ursinia.anthemoides",15,"R",NA,NA,NA,NA,NA,NA,NA,NA,NA
"Kunjin","K.Uran.N15","N","Ursinia.anthemoides",15,"G",NA,NA,NA,NA,NA,NA,NA,NA,NA
"Kunjin","K.Uran.N15","N","Ursinia.anthemoides",15,"B",37,1,20,0,20,20,37,740,740
"Kunjin","K.Waac.E1","E","Waitzia.acuminata",1,"R",28,1,10,0,10,10,28,280,280
"Kunjin","K.Waac.E1","E","Waitzia.acuminata",1,"G",47,1,15,0,15,15,47,705,705
"Kunjin","K.Waac.E1","E","Waitzia.acuminata",1,"B",50,1,10,0,10,10,50,500,500
"Kunjin","K.Waac.E2","E","Waitzia.acuminata",2,"R",49,1,20,0,20,20,49,980,980
"Kunjin","K.Waac.E2","E","Waitzia.acuminata",2,"G",42,1,1,0,1,1,42,42,42
"Kunjin","K.Waac.E2","E","Waitzia.acuminata",2,"B",48,1,10,0,10,10,48,480,480
"Kunjin","K.Waac.E3","E","Waitzia.acuminata",3,"R",NA,NA,10,0,10,10,NA,NA,NA
"Kunjin","K.Waac.E3","E","Waitzia.acuminata",3,"G",56,1,5,0,5,5,56,280,280
"Kunjin","K.Waac.E3","E","Waitzia.acuminata",3,"B",69,1,8,0,8,8,69,552,552
"Kunjin","K.Waac.E4","E","Waitzia.acuminata",4,"R",38,1,10,0,10,10,38,380,380
"Kunjin","K.Waac.E4","E","Waitzia.acuminata",4,"G",58,1,20,0,20,20,58,1160,1160
"Kunjin","K.Waac.E4","E","Waitzia.acuminata",4,"B",61,1,15,0,15,15,61,915,915
"Kunjin","K.Waac.E5","E","Waitzia.acuminata",5,"R",25,1,4,0,4,4,25,100,100
"Kunjin","K.Waac.E5","E","Waitzia.acuminata",5,"G",46,1,8,0,8,8,46,368,368
"Kunjin","K.Waac.E5","E","Waitzia.acuminata",5,"B",46,1,12,0,12,12,46,552,552
"Kunjin","K.Waac.E6","E","Waitzia.acuminata",6,"R",40,1,10,0,10,10,40,400,400
"Kunjin","K.Waac.E6","E","Waitzia.acuminata",6,"G",37,1,15,0,15,15,37,555,555
"Kunjin","K.Waac.E6","E","Waitzia.acuminata",6,"B",53,1,6,0,6,6,53,318,318
"Kunjin","K.Waac.E7","E","Waitzia.acuminata",7,"R",59,1,10,0,10,10,59,590,590
"Kunjin","K.Waac.E7","E","Waitzia.acuminata",7,"G",43,1,5,0,5,5,43,215,215
"Kunjin","K.Waac.E7","E","Waitzia.acuminata",7,"B",44,1,10,0,10,10,44,440,440
"Kunjin","K.Waac.E8","E","Waitzia.acuminata",8,"R",23,1,4,0,4,4,23,92,92
"Kunjin","K.Waac.E8","E","Waitzia.acuminata",8,"G",36,1,5,0,5,5,36,180,180
"Kunjin","K.Waac.E8","E","Waitzia.acuminata",8,"B",31,1,8,0,8,8,31,248,248
"Kunjin","K.Waac.E9","E","Waitzia.acuminata",9,"R",60,1,33,0,33,33,60,1980,1980
"Kunjin","K.Waac.E9","E","Waitzia.acuminata",9,"G",51,1,4,0,4,4,51,204,204
"Kunjin","K.Waac.E9","E","Waitzia.acuminata",9,"B",52,1,68,0,68,68,52,3536,3536
"Kunjin","K.Waac.E10","E","Waitzia.acuminata",10,"R",NA,NA,12,0,12,12,NA,NA,NA
"Kunjin","K.Waac.E10","E","Waitzia.acuminata",10,"G",42,1,161,0,161,161,42,6762,6762
"Kunjin","K.Waac.E10","E","Waitzia.acuminata",10,"B",NA,NA,14,0,14,14,NA,NA,NA
"Kunjin","K.Waac.E11","E","Waitzia.acuminata",11,"R",20,1,4,0,4,4,20,80,80
"Kunjin","K.Waac.E11","E","Waitzia.acuminata",11,"G",57,1,42,0,42,42,57,2394,2394
"Kunjin","K.Waac.E11","E","Waitzia.acuminata",11,"B",NA,NA,8,0,8,8,NA,NA,NA
"Kunjin","K.Waac.E12","E","Waitzia.acuminata",12,"R",52,1,13,0,13,13,52,676,676
"Kunjin","K.Waac.E12","E","Waitzia.acuminata",12,"G",55,1,33,0,33,33,55,1815,1815
"Kunjin","K.Waac.E12","E","Waitzia.acuminata",12,"B",45,1,9,0,9,9,45,405,405
"Kunjin","K.Waac.E13","E","Waitzia.acuminata",13,"R",14,1,7,0,7,7,14,98,98
"Kunjin","K.Waac.E13","E","Waitzia.acuminata",13,"G",66,1,13,0,13,13,66,858,858
"Kunjin","K.Waac.E13","E","Waitzia.acuminata",13,"B",51,1,40,0,40,40,51,2040,2040
"Kunjin","K.Waac.E14","E","Waitzia.acuminata",14,"R",NA,NA,NA,NA,NA,NA,NA,NA,NA
"Kunjin","K.Waac.E14","E","Waitzia.acuminata",14,"G",54,1,20,0,20,20,54,1080,1080
"Kunjin","K.Waac.E14","E","Waitzia.acuminata",14,"B",51,1,40,0,40,40,51,2040,2040
"Kunjin","K.Waac.E15","E","Waitzia.acuminata",15,"R",56,1,11,0,11,11,56,616,616
"Kunjin","K.Waac.E15","E","Waitzia.acuminata",15,"G",52,1,73,0,73,73,52,3796,3796
"Kunjin","K.Waac.E15","E","Waitzia.acuminata",15,"B",47,1,34,0,34,34,47,1598,1598
"Kunjin","K.Waac.M1","M","Waitzia.acuminata",1,"R",49,1,12,0,12,12,49,588,588
"Kunjin","K.Waac.M1","M","Waitzia.acuminata",1,"G",42,1,14,0,14,14,42,588,588
"Kunjin","K.Waac.M1","M","Waitzia.acuminata",1,"B",43,1,8,0,8,8,43,344,344
"Kunjin","K.Waac.M2","M","Waitzia.acuminata",2,"R",36,1,16,0,16,16,36,576,576
"Kunjin","K.Waac.M2","M","Waitzia.acuminata",2,"G",53,1,11,0,11,11,53,583,583
"Kunjin","K.Waac.M2","M","Waitzia.acuminata",2,"B",55,1,41,0,41,41,55,2255,2255
"Kunjin","K.Waac.M3","M","Waitzia.acuminata",3,"R",32,1,23,0,23,23,32,736,736
"Kunjin","K.Waac.M3","M","Waitzia.acuminata",3,"G",41,1,17,0,17,17,41,697,697
"Kunjin","K.Waac.M3","M","Waitzia.acuminata",3,"B",61,1,82,0,82,82,61,5002,5002
"Kunjin","K.Waac.M4","M","Waitzia.acuminata",4,"R",51,1,301,0,301,301,51,15351,15351
"Kunjin","K.Waac.M4","M","Waitzia.acuminata",4,"G",42,1,19,0,19,19,42,798,798
"Kunjin","K.Waac.M4","M","Waitzia.acuminata",4,"B",44,1,48,0,48,48,44,2112,2112
"Kunjin","K.Waac.M5","M","Waitzia.acuminata",5,"R",19,1,51,0,51,51,19,969,969
"Kunjin","K.Waac.M5","M","Waitzia.acuminata",5,"G",50,1,28,0,28,28,50,1400,1400
"Kunjin","K.Waac.M5","M","Waitzia.acuminata",5,"B",53,1,15,0,15,15,53,795,795
"Kunjin","K.Waac.N1","N","Waitzia.acuminata",1,"R",45,1,63,0,63,63,45,2835,2835
"Kunjin","K.Waac.N1","N","Waitzia.acuminata",1,"G",24,1,5,0,5,5,24,120,120
"Kunjin","K.Waac.N1","N","Waitzia.acuminata",1,"B",38,1,17,0,17,17,38,646,646
"Kunjin","K.Waac.N2","N","Waitzia.acuminata",2,"R",51,1,25,0,25,25,51,1275,1275
"Kunjin","K.Waac.N2","N","Waitzia.acuminata",2,"G",37,1,10,0,10,10,37,370,370
"Kunjin","K.Waac.N2","N","Waitzia.acuminata",2,"B",39,1,15,0,15,15,39,585,585
"Kunjin","K.Waac.N3","N","Waitzia.acuminata",3,"R",42,1,20,0,20,20,42,840,840
"Kunjin","K.Waac.N3","N","Waitzia.acuminata",3,"G",41,1,15,0,15,15,41,615,615
"Kunjin","K.Waac.N3","N","Waitzia.acuminata",3,"B",54,1,10,0,10,10,54,540,540
"Kunjin","K.Waac.N4","N","Waitzia.acuminata",4,"R",52,1,10,0,10,10,52,520,520
"Kunjin","K.Waac.N4","N","Waitzia.acuminata",4,"G",53,1,20,0,20,20,53,1060,1060
"Kunjin","K.Waac.N4","N","Waitzia.acuminata",4,"B",48,1,15,0,15,15,48,720,720
"Kunjin","K.Waac.N5","N","Waitzia.acuminata",5,"R",43,1,4,0,4,4,43,172,172
"Kunjin","K.Waac.N5","N","Waitzia.acuminata",5,"G",31,1,19,0,19,19,31,589,589
"Kunjin","K.Waac.N5","N","Waitzia.acuminata",5,"B",46,1,8,0,8,8,46,368,368
"Kunjin","K.Waac.N6","N","Waitzia.acuminata",6,"R",44,1,25,0,25,25,44,1100,1100
"Kunjin","K.Waac.N6","N","Waitzia.acuminata",6,"G",34,1,5,0,5,5,34,170,170
"Kunjin","K.Waac.N6","N","Waitzia.acuminata",6,"B",40,1,41,0,41,41,40,1640,1640
"Kunjin","K.Waac.N7","N","Waitzia.acuminata",7,"R",44,1,4,0,4,4,44,176,176
"Kunjin","K.Waac.N7","N","Waitzia.acuminata",7,"G",46,1,5,0,5,5,46,230,230
"Kunjin","K.Waac.N7","N","Waitzia.acuminata",7,"B",45,1,6,0,6,6,45,270,270
"Kunjin","K.Waac.N8","N","Waitzia.acuminata",8,"R",27,1,11,0,11,11,27,297,297
"Kunjin","K.Waac.N8","N","Waitzia.acuminata",8,"G",34,1,30,0,30,30,34,1020,1020
"Kunjin","K.Waac.N8","N","Waitzia.acuminata",8,"B",47,1,28,0,28,28,47,1316,1316
"Kunjin","K.Waac.N9","N","Waitzia.acuminata",9,"R",44,1,11,0,11,11,44,484,484
"Kunjin","K.Waac.N9","N","Waitzia.acuminata",9,"G",50,1,13,0,13,13,50,650,650
"Kunjin","K.Waac.N9","N","Waitzia.acuminata",9,"B",39,1,6,0,6,6,39,234,234
"Kunjin","K.Waac.N10","N","Waitzia.acuminata",10,"R",32,1,4,0,4,4,32,128,128
"Kunjin","K.Waac.N10","N","Waitzia.acuminata",10,"G",35,1,4,0,4,4,35,140,140
"Kunjin","K.Waac.N10","N","Waitzia.acuminata",10,"B",35,1,2,0,2,2,35,70,70
"Kunjin","K.Waac.N11","N","Waitzia.acuminata",11,"R",29,1,3,0,3,3,29,87,87
"Kunjin","K.Waac.N11","N","Waitzia.acuminata",11,"G",35,1,1,0,1,1,35,35,35
"Kunjin","K.Waac.N11","N","Waitzia.acuminata",11,"B",19,1,7,0,7,7,19,133,133
"Kunjin","K.Waac.N12","N","Waitzia.acuminata",12,"R",40,1,17,0,17,17,40,680,680
"Kunjin","K.Waac.N12","N","Waitzia.acuminata",12,"G",46,1,20,0,20,20,46,920,920
"Kunjin","K.Waac.N12","N","Waitzia.acuminata",12,"B",37,1,1,0,1,1,37,37,37
"Kunjin","K.Waac.N13","N","Waitzia.acuminata",13,"R",23,1,9,0,9,9,23,207,207
"Kunjin","K.Waac.N13","N","Waitzia.acuminata",13,"G",51,1,11,0,11,11,51,561,561
"Kunjin","K.Waac.N13","N","Waitzia.acuminata",13,"B",NA,NA,NA,NA,NA,NA,NA,NA,NA
"Kunjin","K.Waac.N14","N","Waitzia.acuminata",14,"R",46,1,23,0,23,23,46,1058,1058
"Kunjin","K.Waac.N14","N","Waitzia.acuminata",14,"G",50,1,16,0,16,16,50,800,800
"Kunjin","K.Waac.N14","N","Waitzia.acuminata",14,"B",17,1,5,0,5,5,17,85,85
"Kunjin","K.Waac.N15","N","Waitzia.acuminata",15,"R",20,1,6,0,6,6,20,120,120
"Kunjin","K.Waac.N15","N","Waitzia.acuminata",15,"G",NA,NA,0,0,0,0,NA,NA,NA
"Kunjin","K.Waac.N15","N","Waitzia.acuminata",15,"B",43,1,35,0,35,35,43,1505,1505
