"site","plot","treatment","species","index","colour","seed.count","flower.collect","flower.head","flower.herbivory","flower.total","flower.mult","standard.seed","total.seed","total.seed.int","pH","canopy"
"Bendering","B.Hygl.E1","E","Hypochaeris.glabra",1,"R",NA,NA,NA,NA,NA,NA,NA,NA,NA,5.32,NA
"Bendering","B.Hygl.E1","E","Hypochaeris.glabra",1,"G",NA,NA,NA,NA,NA,NA,NA,NA,NA,5.32,NA
"Bendering","B.Hygl.E1","E","Hypochaeris.glabra",1,"B",50,1,15,2,17,17,50,850,850,5.32,NA
"Bendering","B.Hygl.E2","E","Hypochaeris.glabra",2,"R",40,3,6,0,6,6,13.3333333333333,80,80,5.29,NA
"Bendering","B.Hygl.E2","E","Hypochaeris.glabra",2,"G",39,1,17,0,17,17,39,663,663,5.29,NA
"Bendering","B.Hygl.E2","E","Hypochaeris.glabra",2,"B",NA,NA,NA,NA,NA,NA,NA,NA,NA,5.29,NA
"Bendering","B.Hygl.E3","E","Hypochaeris.glabra",3,"R",NA,NA,NA,NA,NA,NA,NA,NA,NA,5.12,NA
"Bendering","B.Hygl.E3","E","Hypochaeris.glabra",3,"G",51,1,11,0,11,11,51,561,561,5.12,NA
"Bendering","B.Hygl.E3","E","Hypochaeris.glabra",3,"B",52,1,9,0,9,9,52,468,468,5.12,NA
"Bendering","B.Hygl.E4","E","Hypochaeris.glabra",4,"R",36,1,9,0,9,9,36,324,324,5.44,NA
"Bendering","B.Hygl.E4","E","Hypochaeris.glabra",4,"G",41,1,12,1,13,13,41,533,533,5.44,NA
"Bendering","B.Hygl.E4","E","Hypochaeris.glabra",4,"B",53,1,21,0,21,21,53,1113,1113,5.44,NA
"Bendering","B.Hygl.E5","E","Hypochaeris.glabra",5,"R",67,1,22,2,24,24,67,1608,1608,5.21,NA
"Bendering","B.Hygl.E5","E","Hypochaeris.glabra",5,"G",82,1,9,0,9,9,82,738,738,5.21,NA
"Bendering","B.Hygl.E5","E","Hypochaeris.glabra",5,"B",34,1,3,0,3,3,34,102,102,5.21,NA
"Bendering","B.Hygl.E6","E","Hypochaeris.glabra",6,"R",NA,NA,3,0,3,3,NA,NA,NA,5.29,NA
"Bendering","B.Hygl.E6","E","Hypochaeris.glabra",6,"G",36,1,23,0,23,23,36,828,828,5.29,NA
"Bendering","B.Hygl.E6","E","Hypochaeris.glabra",6,"B",28,1,12,0,12,12,28,336,336,5.29,NA
"Bendering","B.Hygl.E7","E","Hypochaeris.glabra",7,"R",48,1,7,0,7,7,48,336,336,5.41,NA
"Bendering","B.Hygl.E7","E","Hypochaeris.glabra",7,"G",NA,NA,NA,NA,NA,NA,NA,NA,NA,5.41,NA
"Bendering","B.Hygl.E7","E","Hypochaeris.glabra",7,"B",20,1,4,0,4,4,20,80,80,5.41,NA
"Bendering","B.Hygl.E8","E","Hypochaeris.glabra",8,"R",31,1,11,0,11,11,31,341,341,5.35,NA
"Bendering","B.Hygl.E8","E","Hypochaeris.glabra",8,"G",17,1,3,0,3,3,17,51,51,5.35,NA
"Bendering","B.Hygl.E8","E","Hypochaeris.glabra",8,"B",33,1,8,1,9,9,33,297,297,5.35,NA
"Bendering","B.Hygl.E9","E","Hypochaeris.glabra",9,"R",NA,NA,NA,NA,NA,NA,NA,NA,NA,5.1,NA
"Bendering","B.Hygl.E9","E","Hypochaeris.glabra",9,"G",NA,NA,NA,NA,NA,NA,NA,NA,NA,5.1,NA
"Bendering","B.Hygl.E9","E","Hypochaeris.glabra",9,"B",51,1,9,0,9,9,51,459,459,5.1,NA
"Bendering","B.Hygl.E10","E","Hypochaeris.glabra",10,"R",28,1,7,0,7,7,28,196,196,5.59,NA
"Bendering","B.Hygl.E10","E","Hypochaeris.glabra",10,"G",15,1,2,0,2,2,15,30,30,5.59,NA
"Bendering","B.Hygl.E10","E","Hypochaeris.glabra",10,"B",38,1,10,0,10,10,38,380,380,5.59,NA
"Bendering","B.Hygl.E11","E","Hypochaeris.glabra",11,"R",NA,NA,NA,NA,NA,NA,NA,NA,NA,5.38,NA
"Bendering","B.Hygl.E11","E","Hypochaeris.glabra",11,"G",41,1,30,2,32,32,41,1312,1312,5.38,NA
"Bendering","B.Hygl.E11","E","Hypochaeris.glabra",11,"B",10,1,1,0,1,1,10,10,10,5.38,NA
"Bendering","B.Hygl.E12","E","Hypochaeris.glabra",12,"R",27,1,17,0,17,17,27,459,459,5.4,NA
"Bendering","B.Hygl.E12","E","Hypochaeris.glabra",12,"G",33,1,5,0,5,5,33,165,165,5.4,NA
"Bendering","B.Hygl.E12","E","Hypochaeris.glabra",12,"B",31,1,8,0,8,8,31,248,248,5.4,NA
"Bendering","B.Hygl.E13","E","Hypochaeris.glabra",13,"R",31,1,9,0,9,9,31,279,279,5.5,NA
"Bendering","B.Hygl.E13","E","Hypochaeris.glabra",13,"G",36,1,7,0,7,7,36,252,252,5.5,NA
"Bendering","B.Hygl.E13","E","Hypochaeris.glabra",13,"B",38,1,6,0,6,6,38,228,228,5.5,NA
"Bendering","B.Hygl.E14","E","Hypochaeris.glabra",14,"R",39,1,17,0,17,17,39,663,663,5.54,NA
"Bendering","B.Hygl.E14","E","Hypochaeris.glabra",14,"G",68,1,24,0,24,24,68,1632,1632,5.54,NA
"Bendering","B.Hygl.E14","E","Hypochaeris.glabra",14,"B",23,1,12,0,12,12,23,276,276,5.54,NA
"Bendering","B.Hygl.E15","E","Hypochaeris.glabra",15,"R",14,1,11,0,11,11,14,154,154,5.06,NA
"Bendering","B.Hygl.E15","E","Hypochaeris.glabra",15,"G",11,1,14,0,14,14,11,154,154,5.06,NA
"Bendering","B.Hygl.E15","E","Hypochaeris.glabra",15,"B",35,1,7,0,7,7,35,245,245,5.06,NA
"Bendering","B.Hygl.M1","M","Hypochaeris.glabra",1,"R",23,1,3,1,4,4,23,92,92,5.18,NA
"Bendering","B.Hygl.M1","M","Hypochaeris.glabra",1,"G",28,1,7,0,7,7,28,196,196,5.18,NA
"Bendering","B.Hygl.M1","M","Hypochaeris.glabra",1,"B",52,1,11,0,11,11,52,572,572,5.18,NA
"Bendering","B.Hygl.M2","M","Hypochaeris.glabra",2,"R",36,1,11,0,11,11,36,396,396,5.51,NA
"Bendering","B.Hygl.M2","M","Hypochaeris.glabra",2,"G",53,1,10,1,11,11,53,583,583,5.51,NA
"Bendering","B.Hygl.M2","M","Hypochaeris.glabra",2,"B",11,1,7,0,7,7,11,77,77,5.51,NA
"Bendering","B.Hygl.M3","M","Hypochaeris.glabra",3,"R",NA,NA,8,0,8,8,NA,NA,NA,5.16,NA
"Bendering","B.Hygl.M3","M","Hypochaeris.glabra",3,"G",33,1,7,0,7,7,33,231,231,5.16,NA
"Bendering","B.Hygl.M3","M","Hypochaeris.glabra",3,"B",53,1,10,0,10,10,53,530,530,5.16,NA
"Bendering","B.Hygl.M4","M","Hypochaeris.glabra",4,"R",46,1,4,1,5,5,46,230,230,5.29,NA
"Bendering","B.Hygl.M4","M","Hypochaeris.glabra",4,"G",40,1,6,0,6,6,40,240,240,5.29,NA
"Bendering","B.Hygl.M4","M","Hypochaeris.glabra",4,"B",26,1,7,0,7,7,26,182,182,5.29,NA
"Bendering","B.Hygl.M5","M","Hypochaeris.glabra",5,"R",34,1,10,1,11,11,34,374,374,5.05,NA
"Bendering","B.Hygl.M5","M","Hypochaeris.glabra",5,"G",28,1,14,0,14,14,28,392,392,5.05,NA
"Bendering","B.Hygl.M5","M","Hypochaeris.glabra",5,"B",12,1,4,0,4,4,12,48,48,5.05,NA
"Bendering","B.Hygl.N1","N","Hypochaeris.glabra",1,"R",10,1,2,0,2,2,10,20,20,4.47,NA
"Bendering","B.Hygl.N1","N","Hypochaeris.glabra",1,"G",7,1,2,0,2,2,7,14,14,4.47,NA
"Bendering","B.Hygl.N1","N","Hypochaeris.glabra",1,"B",35,1,2,0,2,2,35,70,70,4.47,NA
"Bendering","B.Hygl.N2","N","Hypochaeris.glabra",2,"R",33,1,2,0,2,2,33,66,66,4.73,NA
"Bendering","B.Hygl.N2","N","Hypochaeris.glabra",2,"G",41,1,5,1,6,6,41,246,246,4.73,NA
"Bendering","B.Hygl.N2","N","Hypochaeris.glabra",2,"B",63,1,2,0,2,2,63,126,126,4.73,NA
"Bendering","B.Hygl.N3","N","Hypochaeris.glabra",3,"R",NA,NA,NA,NA,NA,NA,NA,NA,NA,5.13,NA
"Bendering","B.Hygl.N3","N","Hypochaeris.glabra",3,"G",39,1,5,0,5,5,39,195,195,5.13,NA
"Bendering","B.Hygl.N3","N","Hypochaeris.glabra",3,"B",NA,NA,NA,NA,NA,NA,NA,NA,NA,5.13,NA
"Bendering","B.Hygl.N4","N","Hypochaeris.glabra",4,"R",36,1,11,4,15,15,36,540,540,5.93,NA
"Bendering","B.Hygl.N4","N","Hypochaeris.glabra",4,"G",40,1,9,1,10,10,40,400,400,5.93,NA
"Bendering","B.Hygl.N4","N","Hypochaeris.glabra",4,"B",4,1,6,2,8,8,4,32,32,5.93,NA
"Bendering","B.Hygl.N5","N","Hypochaeris.glabra",5,"R",9,1,5,0,5,5,9,45,45,5.11,NA
"Bendering","B.Hygl.N5","N","Hypochaeris.glabra",5,"G",NA,NA,NA,NA,NA,NA,NA,NA,NA,5.11,NA
"Bendering","B.Hygl.N5","N","Hypochaeris.glabra",5,"B",42,1,2,0,2,2,42,84,84,5.11,NA
"Bendering","B.Hygl.N6","N","Hypochaeris.glabra",6,"R",72,1,4,0,4,4,72,288,288,5.01,NA
"Bendering","B.Hygl.N6","N","Hypochaeris.glabra",6,"G",34,1,5,2,7,7,34,238,238,5.01,NA
"Bendering","B.Hygl.N6","N","Hypochaeris.glabra",6,"B",28,1,4,0,4,4,28,112,112,5.01,NA
"Bendering","B.Hygl.N7","N","Hypochaeris.glabra",7,"R",28,1,9,0,9,9,28,252,252,5.27,NA
"Bendering","B.Hygl.N7","N","Hypochaeris.glabra",7,"G",34,1,3,0,3,3,34,102,102,5.27,NA
"Bendering","B.Hygl.N7","N","Hypochaeris.glabra",7,"B",38,1,10,0,10,10,38,380,380,5.27,NA
"Bendering","B.Hygl.N8","N","Hypochaeris.glabra",8,"R",NA,NA,NA,NA,NA,NA,NA,NA,NA,4.78,NA
"Bendering","B.Hygl.N8","N","Hypochaeris.glabra",8,"G",36,1,9,0,9,9,36,324,324,4.78,NA
"Bendering","B.Hygl.N8","N","Hypochaeris.glabra",8,"B",30,1,9,1,10,10,30,300,300,4.78,NA
"Bendering","B.Hygl.N9","N","Hypochaeris.glabra",9,"R",13,1,4,0,4,4,13,52,52,5.19,NA
"Bendering","B.Hygl.N9","N","Hypochaeris.glabra",9,"G",15,1,6,1,7,7,15,105,105,5.19,NA
"Bendering","B.Hygl.N9","N","Hypochaeris.glabra",9,"B",NA,NA,NA,NA,NA,NA,NA,NA,NA,5.19,NA
"Bendering","B.Hygl.N10","N","Hypochaeris.glabra",10,"R",54,1,5,0,5,5,54,270,270,4.78,NA
"Bendering","B.Hygl.N10","N","Hypochaeris.glabra",10,"G",NA,NA,NA,NA,NA,NA,NA,NA,NA,4.78,NA
"Bendering","B.Hygl.N10","N","Hypochaeris.glabra",10,"B",42,1,8,0,8,8,42,336,336,4.78,NA
"Bendering","B.Hygl.N11","N","Hypochaeris.glabra",11,"R",13,1,4,0,4,4,13,52,52,4.96,NA
"Bendering","B.Hygl.N11","N","Hypochaeris.glabra",11,"G",NA,NA,NA,NA,NA,NA,NA,NA,NA,4.96,NA
"Bendering","B.Hygl.N11","N","Hypochaeris.glabra",11,"B",17,1,3,0,3,3,17,51,51,4.96,NA
"Bendering","B.Hygl.N12","N","Hypochaeris.glabra",12,"R",15,1,2,0,2,2,15,30,30,4.89,NA
"Bendering","B.Hygl.N12","N","Hypochaeris.glabra",12,"G",NA,NA,NA,NA,NA,NA,NA,NA,NA,4.89,NA
"Bendering","B.Hygl.N12","N","Hypochaeris.glabra",12,"B",32,1,2,0,2,2,32,64,64,4.89,NA
"Bendering","B.Hygl.N13","N","Hypochaeris.glabra",13,"R",43,1,5,0,5,5,43,215,215,5.06,NA
"Bendering","B.Hygl.N13","N","Hypochaeris.glabra",13,"G",45,1,2,0,2,2,45,90,90,5.06,NA
"Bendering","B.Hygl.N13","N","Hypochaeris.glabra",13,"B",22,1,5,1,6,6,22,132,132,5.06,NA
"Bendering","B.Hygl.N14","N","Hypochaeris.glabra",14,"R",42,1,6,0,6,6,42,252,252,5.23,NA
"Bendering","B.Hygl.N14","N","Hypochaeris.glabra",14,"G",NA,NA,NA,NA,NA,NA,NA,NA,NA,5.23,NA
"Bendering","B.Hygl.N14","N","Hypochaeris.glabra",14,"B",54,1,4,0,4,4,54,216,216,5.23,NA
"Bendering","B.Hygl.N15","N","Hypochaeris.glabra",15,"R",38,1,7,0,7,7,38,266,266,5.32,NA
"Bendering","B.Hygl.N15","N","Hypochaeris.glabra",15,"G",NA,NA,1,0,1,1,NA,NA,NA,5.32,NA
"Bendering","B.Hygl.N15","N","Hypochaeris.glabra",15,"B",58,1,8,0,8,8,58,464,464,5.32,NA
"Bendering","B.Tror.E1","E","Trachymene.ornata",1,"R",74,1,20,0,20,1,74,74,74,5.04,20.4533333333333
"Bendering","B.Tror.E1","E","Trachymene.ornata",1,"G",64,1,5,0,5,1,64,64,64,5.04,20.4533333333333
"Bendering","B.Tror.E1","E","Trachymene.ornata",1,"B",157,1,NA,NA,NA,1,157,157,157,5.04,20.4533333333333
"Bendering","B.Tror.E2","E","Trachymene.ornata",2,"R",63,1,50,0,50,1,63,63,63,4.43,31.5466666666667
"Bendering","B.Tror.E2","E","Trachymene.ornata",2,"G",56,1,15,0,15,1,56,56,56,4.43,31.5466666666667
"Bendering","B.Tror.E2","E","Trachymene.ornata",2,"B",90,1,NA,NA,NA,1,90,90,90,4.43,31.5466666666667
"Bendering","B.Tror.E3","E","Trachymene.ornata",3,"R",63,1,2,0,2,1,63,63,63,5.51,10.0533333333333
"Bendering","B.Tror.E3","E","Trachymene.ornata",3,"G",51,1,10,0,10,1,51,51,51,5.51,10.0533333333333
"Bendering","B.Tror.E3","E","Trachymene.ornata",3,"B",54,1,5,0,5,1,54,54,54,5.51,10.0533333333333
"Bendering","B.Tror.E4","E","Trachymene.ornata",4,"R",34,1,10,0,10,1,34,34,34,5.09,12.48
"Bendering","B.Tror.E4","E","Trachymene.ornata",4,"G",47,1,10,0,10,1,47,47,47,5.09,12.48
"Bendering","B.Tror.E4","E","Trachymene.ornata",4,"B",59,1,10,0,10,1,59,59,59,5.09,12.48
"Bendering","B.Tror.E5","E","Trachymene.cyanopetala",5,"R",100,1,5,0,5,1,100,100,100,5.11,12.48
"Bendering","B.Tror.E5","E","Trachymene.cyanopetala",5,"G",410,1,5,0,5,1,410,410,410,5.11,12.48
"Bendering","B.Tror.E5","E","Trachymene.cyanopetala",5,"B",90,1,5,0,5,1,90,90,90,5.11,12.48
"Bendering","B.Tror.E6","E","Trachymene.ornata",6,"R",241,1,10,0,10,1,241,241,241,5.21,38.48
"Bendering","B.Tror.E6","E","Trachymene.ornata",6,"G",140,1,15,0,15,1,140,140,140,5.21,38.48
"Bendering","B.Tror.E6","E","Trachymene.ornata",6,"B",126,1,10,0,10,1,126,126,126,5.21,38.48
"Bendering","B.Tror.E7","E","Trachymene.ornata",7,"R",20,1,20,0,20,1,20,20,20,4.46,23.92
"Bendering","B.Tror.E7","E","Trachymene.ornata",7,"G",80,1,10,0,10,1,80,80,80,4.46,23.92
"Bendering","B.Tror.E7","E","Trachymene.ornata",7,"B",NA,NA,15,0,15,1,NA,NA,NA,4.46,23.92
"Bendering","B.Tror.E8","E","Trachymene.cyanopetala",8,"R",35,1,25,0,25,1,35,35,35,5.23,26
"Bendering","B.Tror.E8","E","Trachymene.cyanopetala",8,"G",60,1,15,0,15,1,60,60,60,5.23,26
"Bendering","B.Tror.E8","E","Trachymene.cyanopetala",8,"B",35,1,10,0,10,1,35,35,35,5.23,26
"Bendering","B.Tror.E9","E","Trachymene.cyanopetala",9,"R",30,1,15,0,15,1,30,30,30,4.8,27.7333333333333
"Bendering","B.Tror.E9","E","Trachymene.cyanopetala",9,"G",30,1,15,0,15,1,30,30,30,4.8,27.7333333333333
"Bendering","B.Tror.E9","E","Trachymene.cyanopetala",9,"B",60,1,10,0,10,1,60,60,60,4.8,27.7333333333333
"Bendering","B.Tror.E10","E","Trachymene.cyanopetala",10,"R",150,1,10,0,10,1,150,150,150,5.11,16.2933333333333
"Bendering","B.Tror.E10","E","Trachymene.cyanopetala",10,"G",30,1,20,0,20,1,30,30,30,5.11,16.2933333333333
"Bendering","B.Tror.E10","E","Trachymene.cyanopetala",10,"B",120,1,5,0,5,1,120,120,120,5.11,16.2933333333333
"Bendering","B.Tror.E11","E","Trachymene.cyanopetala",11,"R",130,1,20,0,20,1,130,130,130,4.65,50.96
"Bendering","B.Tror.E11","E","Trachymene.cyanopetala",11,"G",100,1,20,0,20,1,100,100,100,4.65,50.96
"Bendering","B.Tror.E11","E","Trachymene.cyanopetala",11,"B",90,1,10,0,10,1,90,90,90,4.65,50.96
"Bendering","B.Tror.E12","E","Trachymene.cyanopetala",12,"R",110,1,30,0,30,1,110,110,110,4.58,48.5333333333333
"Bendering","B.Tror.E12","E","Trachymene.cyanopetala",12,"G",80,1,20,0,20,1,80,80,80,4.58,48.5333333333333
"Bendering","B.Tror.E12","E","Trachymene.cyanopetala",12,"B",40,1,3,0,3,1,40,40,40,4.58,48.5333333333333
"Bendering","B.Tror.E13","E","Trachymene.cyanopetala",13,"R",120,1,20,0,20,1,120,120,120,5.15,16.64
"Bendering","B.Tror.E13","E","Trachymene.cyanopetala",13,"G",30,1,15,0,15,1,30,30,30,5.15,16.64
"Bendering","B.Tror.E13","E","Trachymene.cyanopetala",13,"B",45,1,20,0,20,1,45,45,45,5.15,16.64
"Bendering","B.Tror.E14","E","Trachymene.cyanopetala",14,"R",150,1,30,0,30,1,150,150,150,4.75,37.44
"Bendering","B.Tror.E14","E","Trachymene.cyanopetala",14,"G",70,1,NA,NA,NA,1,70,70,70,4.75,37.44
"Bendering","B.Tror.E14","E","Trachymene.cyanopetala",14,"B",80,1,NA,NA,NA,1,80,80,80,4.75,37.44
"Bendering","B.Tror.E15","E","Trachymene.cyanopetala",15,"R",170,1,20,0,20,1,170,170,170,5.18,15.2533333333333
"Bendering","B.Tror.E15","E","Trachymene.cyanopetala",15,"G",50,1,30,0,30,1,50,50,50,5.18,15.2533333333333
"Bendering","B.Tror.E15","E","Trachymene.cyanopetala",15,"B",100,1,NA,NA,NA,1,100,100,100,5.18,15.2533333333333
"Bendering","B.Tror.M1","M","Trachymene.cyanopetala",1,"R",80,1,NA,0,NA,1,80,80,80,4.46,33.28
"Bendering","B.Tror.M1","M","Trachymene.cyanopetala",1,"G",80,1,NA,0,NA,1,80,80,80,4.46,33.28
"Bendering","B.Tror.M1","M","Trachymene.cyanopetala",1,"B",240,1,NA,0,NA,1,240,240,240,4.46,33.28
"Bendering","B.Tror.M2","M","Trachymene.cyanopetala",2,"R",100,1,NA,0,NA,1,100,100,100,4.77,25.6533333333333
"Bendering","B.Tror.M2","M","Trachymene.cyanopetala",2,"G",25,1,NA,0,NA,1,25,25,25,4.77,25.6533333333333
"Bendering","B.Tror.M2","M","Trachymene.cyanopetala",2,"B",130,1,NA,0,NA,1,130,130,130,4.77,25.6533333333333
"Bendering","B.Tror.M3","M","Trachymene.cyanopetala",3,"R",73,1,NA,0,NA,1,73,73,73,4.87,27.3866666666667
"Bendering","B.Tror.M3","M","Trachymene.cyanopetala",3,"G",80,1,NA,0,NA,1,80,80,80,4.87,27.3866666666667
"Bendering","B.Tror.M3","M","Trachymene.cyanopetala",3,"B",40,1,NA,0,NA,1,40,40,40,4.87,27.3866666666667
"Bendering","B.Tror.M4","M","Trachymene.ornata",4,"R",19,1,NA,0,NA,1,19,19,19,4.74,12.1333333333333
"Bendering","B.Tror.M4","M","Trachymene.ornata",4,"G",95,1,NA,0,NA,1,95,95,95,4.74,12.1333333333333
"Bendering","B.Tror.M4","M","Trachymene.ornata",4,"B",40,1,NA,0,NA,1,40,40,40,4.74,12.1333333333333
"Bendering","B.Tror.M5","M","Trachymene.cyanopetala",5,"R",50,1,NA,0,NA,1,50,50,50,5.23,35.36
"Bendering","B.Tror.M5","M","Trachymene.cyanopetala",5,"G",30,1,NA,0,NA,1,30,30,30,5.23,35.36
"Bendering","B.Tror.M5","M","Trachymene.cyanopetala",5,"B",70,1,NA,0,NA,1,70,70,70,5.23,35.36
"Bendering","B.Tror.N1","N","Trachymene.cyanopetala",1,"R",80,1,10,0,10,1,80,80,80,5.01,15.9466666666667
"Bendering","B.Tror.N1","N","Trachymene.cyanopetala",1,"G",35,1,10,0,10,1,35,35,35,5.01,15.9466666666667
"Bendering","B.Tror.N1","N","Trachymene.cyanopetala",1,"B",120,1,20,0,20,1,120,120,120,5.01,15.9466666666667
"Bendering","B.Tror.N2","N","Trachymene.ornata",2,"R",230,1,5,0,5,1,230,230,230,4.84,19.76
"Bendering","B.Tror.N2","N","Trachymene.ornata",2,"G",50,1,5,0,5,1,50,50,50,4.84,19.76
"Bendering","B.Tror.N2","N","Trachymene.ornata",2,"B",NA,NA,10,0,10,1,NA,NA,NA,4.84,19.76
"Bendering","B.Tror.N3","N","Trachymene.cyanopetala",3,"R",10,1,5,0,5,1,10,10,10,4.95,23.5733333333333
"Bendering","B.Tror.N3","N","Trachymene.cyanopetala",3,"G",120,1,5,0,5,1,120,120,120,4.95,23.5733333333333
"Bendering","B.Tror.N3","N","Trachymene.cyanopetala",3,"B",50,1,3,0,3,1,50,50,50,4.95,23.5733333333333
"Bendering","B.Tror.N4","N","Trachymene.cyanopetala",4,"R",30,1,5,0,5,1,30,30,30,5.11,39.8666666666667
"Bendering","B.Tror.N4","N","Trachymene.cyanopetala",4,"G",30,1,15,0,15,1,30,30,30,5.11,39.8666666666667
"Bendering","B.Tror.N4","N","Trachymene.cyanopetala",4,"B",20,1,5,0,5,1,20,20,20,5.11,39.8666666666667
"Bendering","B.Tror.N5","N","Trachymene.cyanopetala",5,"R",15,1,5,0,5,1,15,15,15,5.34,32.9333333333333
"Bendering","B.Tror.N5","N","Trachymene.cyanopetala",5,"G",10,1,5,0,5,1,10,10,10,5.34,32.9333333333333
"Bendering","B.Tror.N5","N","Trachymene.cyanopetala",5,"B",11,1,40,0,40,1,11,11,11,5.34,32.9333333333333
"Bendering","B.Tror.N6","N","Trachymene.cyanopetala",6,"R",90,1,50,0,50,1,90,90,90,4.62,39.8666666666667
"Bendering","B.Tror.N6","N","Trachymene.cyanopetala",6,"G",70,1,20,0,20,1,70,70,70,4.62,39.8666666666667
"Bendering","B.Tror.N6","N","Trachymene.cyanopetala",6,"B",NA,NA,40,0,40,1,NA,NA,NA,4.62,39.8666666666667
"Bendering","B.Tror.N7","N","Trachymene.cyanopetala",7,"R",65,1,10,0,10,1,65,65,65,4.82,32.5866666666667
"Bendering","B.Tror.N7","N","Trachymene.cyanopetala",7,"G",90,1,20,0,20,1,90,90,90,4.82,32.5866666666667
"Bendering","B.Tror.N7","N","Trachymene.cyanopetala",7,"B",30,1,NA,NA,NA,1,30,30,30,4.82,32.5866666666667
"Bendering","B.Tror.N8","N","Trachymene.cyanopetala",8,"R",90,1,10,0,10,1,90,90,90,5.1,9.01333333333333
"Bendering","B.Tror.N8","N","Trachymene.cyanopetala",8,"G",30,1,10,0,10,1,30,30,30,5.1,9.01333333333333
"Bendering","B.Tror.N8","N","Trachymene.cyanopetala",8,"B",160,1,10,0,10,1,160,160,160,5.1,9.01333333333333
"Bendering","B.Tror.N9","N","Trachymene.cyanopetala",9,"R",55,1,10,0,10,1,55,55,55,5,18.72
"Bendering","B.Tror.N9","N","Trachymene.cyanopetala",9,"G",30,1,10,0,10,1,30,30,30,5,18.72
"Bendering","B.Tror.N9","N","Trachymene.cyanopetala",9,"B",60,1,15,0,15,1,60,60,60,5,18.72
"Bendering","B.Tror.N10","N","Trachymene.cyanopetala",10,"R",25,1,15,0,15,1,25,25,25,5.14,11.44
"Bendering","B.Tror.N10","N","Trachymene.cyanopetala",10,"G",25,1,15,0,15,1,25,25,25,5.14,11.44
"Bendering","B.Tror.N10","N","Trachymene.cyanopetala",10,"B",15,1,20,0,20,1,15,15,15,5.14,11.44
"Bendering","B.Tror.N11","N","Trachymene.cyanopetala",11,"R",40,1,30,0,30,1,40,40,40,5.1,22.5333333333333
"Bendering","B.Tror.N11","N","Trachymene.cyanopetala",11,"G",11,1,20,0,20,1,11,11,11,5.1,22.5333333333333
"Bendering","B.Tror.N11","N","Trachymene.cyanopetala",11,"B",30,1,20,0,20,1,30,30,30,5.1,22.5333333333333
"Bendering","B.Tror.N12","N","Trachymene.cyanopetala",12,"R",90,1,10,0,10,1,90,90,90,5.01,30.16
"Bendering","B.Tror.N12","N","Trachymene.cyanopetala",12,"G",80,1,20,0,20,1,80,80,80,5.01,30.16
"Bendering","B.Tror.N12","N","Trachymene.cyanopetala",12,"B",15,1,15,0,15,1,15,15,15,5.01,30.16
"Bendering","B.Tror.N13","N","Trachymene.cyanopetala",13,"R",70,1,10,0,10,1,70,70,70,5.34,31.5466666666667
"Bendering","B.Tror.N13","N","Trachymene.cyanopetala",13,"G",40,1,20,0,20,1,40,40,40,5.34,31.5466666666667
"Bendering","B.Tror.N13","N","Trachymene.cyanopetala",13,"B",80,1,10,0,10,1,80,80,80,5.34,31.5466666666667
"Bendering","B.Tror.N14","N","Trachymene.ornata",14,"R",60,1,15,0,15,1,60,60,60,5.43,26.6933333333333
"Bendering","B.Tror.N14","N","Trachymene.ornata",14,"G",25,1,20,0,20,1,25,25,25,5.43,26.6933333333333
"Bendering","B.Tror.N14","N","Trachymene.ornata",14,"B",NA,NA,20,0,20,1,NA,NA,NA,5.43,26.6933333333333
"Bendering","B.Tror.N15","N","Trachymene.ornata",15,"R",30,1,40,0,40,1,30,30,30,5.11,28.08
"Bendering","B.Tror.N15","N","Trachymene.ornata",15,"G",60,1,10,0,10,1,60,60,60,5.11,28.08
"Bendering","B.Tror.N15","N","Trachymene.ornata",15,"B",NA,NA,20,0,20,1,NA,NA,NA,5.11,28.08
"Bendering","B.Waac.E1","E","Waitzia.acuminata",1,"R",NA,NA,60,0,60,60,NA,NA,NA,4.87,35.7066666666667
"Bendering","B.Waac.E1","E","Waitzia.acuminata",1,"G",40,1,10,0,10,10,40,400,400,4.87,35.7066666666667
"Bendering","B.Waac.E1","E","Waitzia.acuminata",1,"B",NA,NA,NA,NA,NA,NA,NA,NA,NA,4.87,35.7066666666667
"Bendering","B.Waac.E2","E","Waitzia.acuminata",2,"R",59,1,30,0,30,30,59,1770,1770,4.35,13.52
"Bendering","B.Waac.E2","E","Waitzia.acuminata",2,"G",41,1,30,0,30,30,41,1230,1230,4.35,13.52
"Bendering","B.Waac.E2","E","Waitzia.acuminata",2,"B",46,1,5,0,5,5,46,230,230,4.35,13.52
"Bendering","B.Waac.E3","E","Waitzia.acuminata",3,"R",27,1,50,0,50,50,27,1350,1350,4.91,12.8266666666667
"Bendering","B.Waac.E3","E","Waitzia.acuminata",3,"G",26,1,20,0,20,20,26,520,520,4.91,12.8266666666667
"Bendering","B.Waac.E3","E","Waitzia.acuminata",3,"B",41,1,40,0,40,40,41,1640,1640,4.91,12.8266666666667
"Bendering","B.Waac.E4","E","Waitzia.acuminata",4,"R",37,1,15,0,15,15,37,555,555,4.95,14.2133333333333
"Bendering","B.Waac.E4","E","Waitzia.acuminata",4,"G",57,1,20,0,20,20,57,1140,1140,4.95,14.2133333333333
"Bendering","B.Waac.E4","E","Waitzia.acuminata",4,"B",62,1,5,0,5,5,62,310,310,4.95,14.2133333333333
"Bendering","B.Waac.E5","E","Waitzia.acuminata",5,"R",42,1,10,0,10,10,42,420,420,4.56,7.28
"Bendering","B.Waac.E5","E","Waitzia.acuminata",5,"G",41,1,20,0,20,20,41,820,820,4.56,7.28
"Bendering","B.Waac.E5","E","Waitzia.acuminata",5,"B",NA,NA,30,0,30,30,NA,NA,NA,4.56,7.28
"Bendering","B.Waac.E6","E","Waitzia.acuminata",6,"R",30,1,20,0,20,20,30,600,600,5.25,24.2666666666667
"Bendering","B.Waac.E6","E","Waitzia.acuminata",6,"G",40,1,5,0,5,5,40,200,200,5.25,24.2666666666667
"Bendering","B.Waac.E6","E","Waitzia.acuminata",6,"B",21,1,10,0,10,10,21,210,210,5.25,24.2666666666667
"Bendering","B.Waac.E7","E","Waitzia.acuminata",7,"R",36,1,30,0,30,30,36,1080,1080,4.99,17.68
"Bendering","B.Waac.E7","E","Waitzia.acuminata",7,"G",25,1,8,0,8,8,25,200,200,4.99,17.68
"Bendering","B.Waac.E7","E","Waitzia.acuminata",7,"B",43,1,5,0,5,5,43,215,215,4.99,17.68
"Bendering","B.Waac.E8","E","Waitzia.acuminata",8,"R",40,1,30,0,30,30,40,1200,1200,5.03,18.0266666666667
"Bendering","B.Waac.E8","E","Waitzia.acuminata",8,"G",42,1,15,0,15,15,42,630,630,5.03,18.0266666666667
"Bendering","B.Waac.E8","E","Waitzia.acuminata",8,"B",36,1,20,0,20,20,36,720,720,5.03,18.0266666666667
"Bendering","B.Waac.E9","E","Waitzia.acuminata",9,"R",37,1,20,0,20,20,37,740,740,5.22,26
"Bendering","B.Waac.E9","E","Waitzia.acuminata",9,"G",34,1,15,0,15,15,34,510,510,5.22,26
"Bendering","B.Waac.E9","E","Waitzia.acuminata",9,"B",NA,NA,15,0,15,15,NA,NA,NA,5.22,26
"Bendering","B.Waac.E10","E","Waitzia.acuminata",10,"R",52,1,10,0,10,10,52,520,520,4.95,27.04
"Bendering","B.Waac.E10","E","Waitzia.acuminata",10,"G",30,1,10,0,10,10,30,300,300,4.95,27.04
"Bendering","B.Waac.E10","E","Waitzia.acuminata",10,"B",43,1,20,0,20,20,43,860,860,4.95,27.04
"Bendering","B.Waac.E11","E","Waitzia.acuminata",11,"R",34,1,30,0,30,30,34,1020,1020,5.03,25.3066666666667
"Bendering","B.Waac.E11","E","Waitzia.acuminata",11,"G",NA,NA,0,0,0,0,NA,NA,NA,5.03,25.3066666666667
"Bendering","B.Waac.E11","E","Waitzia.acuminata",11,"B",51,1,10,0,10,10,51,510,510,5.03,25.3066666666667
"Bendering","B.Waac.E12","E","Waitzia.acuminata",12,"R",39,1,15,0,15,15,39,585,585,5.22,31.2
"Bendering","B.Waac.E12","E","Waitzia.acuminata",12,"G",37,1,30,0,30,30,37,1110,1110,5.22,31.2
"Bendering","B.Waac.E12","E","Waitzia.acuminata",12,"B",19,1,5,0,5,5,19,95,95,5.22,31.2
"Bendering","B.Waac.E13","E","Waitzia.acuminata",13,"R",47,1,10,0,10,10,47,470,470,4.4,33.6266666666667
"Bendering","B.Waac.E13","E","Waitzia.acuminata",13,"G",30,1,20,0,20,20,30,600,600,4.4,33.6266666666667
"Bendering","B.Waac.E13","E","Waitzia.acuminata",13,"B",41,1,20,0,20,20,41,820,820,4.4,33.6266666666667
"Bendering","B.Waac.E14","E","Waitzia.acuminata",14,"R",48,1,15,0,15,15,48,720,720,4.87,18.3733333333333
"Bendering","B.Waac.E14","E","Waitzia.acuminata",14,"G",36,1,10,0,10,10,36,360,360,4.87,18.3733333333333
"Bendering","B.Waac.E14","E","Waitzia.acuminata",14,"B",29,1,5,0,5,5,29,145,145,4.87,18.3733333333333
"Bendering","B.Waac.E15","E","Waitzia.acuminata",15,"R",NA,NA,15,0,15,15,NA,NA,NA,5.23,17.3333333333333
"Bendering","B.Waac.E15","E","Waitzia.acuminata",15,"G",NA,NA,30,0,30,30,NA,NA,NA,5.23,17.3333333333333
"Bendering","B.Waac.E15","E","Waitzia.acuminata",15,"B",NA,NA,NA,NA,NA,NA,NA,NA,NA,5.23,17.3333333333333
"Bendering","B.Waac.M1","M","Waitzia.acuminata",1,"R",42,1,22,0,22,22,42,924,924,4.85,40.9066666666667
"Bendering","B.Waac.M1","M","Waitzia.acuminata",1,"G",23,1,9,0,9,9,23,207,207,4.85,40.9066666666667
"Bendering","B.Waac.M1","M","Waitzia.acuminata",1,"B",40,1,77,0,77,77,40,3080,3080,4.85,40.9066666666667
"Bendering","B.Waac.M2","M","Waitzia.acuminata",2,"R",39,1,41,0,41,41,39,1599,1599,4.89,34.32
"Bendering","B.Waac.M2","M","Waitzia.acuminata",2,"G",NA,NA,NA,0,NA,NA,NA,NA,NA,4.89,34.32
"Bendering","B.Waac.M2","M","Waitzia.acuminata",2,"B",20,1,31,0,31,31,20,620,620,4.89,34.32
"Bendering","B.Waac.M3","M","Waitzia.acuminata",3,"R",39,1,89,0,89,89,39,3471,3471,4.35,4.50666666666667
"Bendering","B.Waac.M3","M","Waitzia.acuminata",3,"G",40,1,15,0,15,15,40,600,600,4.35,4.50666666666667
"Bendering","B.Waac.M3","M","Waitzia.acuminata",3,"B",26,1,196,0,196,196,26,5096,5096,4.35,4.50666666666667
"Bendering","B.Waac.M4","M","Waitzia.acuminata",4,"R",25,1,77,0,77,77,25,1925,1925,4.8,33.28
"Bendering","B.Waac.M4","M","Waitzia.acuminata",4,"G",33,1,31,0,31,31,33,1023,1023,4.8,33.28
"Bendering","B.Waac.M4","M","Waitzia.acuminata",4,"B",38,1,112,0,112,112,38,4256,4256,4.8,33.28
"Bendering","B.Waac.M5","M","Waitzia.acuminata",5,"R",36,1,92,0,92,92,36,3312,3312,5.31,37.7866666666667
"Bendering","B.Waac.M5","M","Waitzia.acuminata",5,"G",32,1,88,0,88,88,32,2816,2816,5.31,37.7866666666667
"Bendering","B.Waac.M5","M","Waitzia.acuminata",5,"B",NA,NA,NA,0,NA,NA,NA,NA,NA,5.31,37.7866666666667
"Bendering","B.Waac.N1","N","Waitzia.acuminata",1,"R",NA,NA,6,0,6,6,NA,NA,NA,4.71,45.0666666666667
"Bendering","B.Waac.N1","N","Waitzia.acuminata",1,"G",10,1,8,0,8,8,10,80,80,4.71,45.0666666666667
"Bendering","B.Waac.N1","N","Waitzia.acuminata",1,"B",NA,NA,NA,NA,NA,NA,NA,NA,NA,4.71,45.0666666666667
"Bendering","B.Waac.N2","N","Waitzia.acuminata",2,"R",NA,NA,30,0,30,30,NA,NA,NA,4.51,37.44
"Bendering","B.Waac.N2","N","Waitzia.acuminata",2,"G",NA,NA,50,0,50,50,NA,NA,NA,4.51,37.44
"Bendering","B.Waac.N2","N","Waitzia.acuminata",2,"B",30,1,5,0,5,5,30,150,150,4.51,37.44
"Bendering","B.Waac.N3","N","Waitzia.acuminata",3,"R",39,1,40,0,40,40,39,1560,1560,4.98,36.0533333333333
"Bendering","B.Waac.N3","N","Waitzia.acuminata",3,"G",44,1,61,0,61,61,44,2684,2684,4.98,36.0533333333333
"Bendering","B.Waac.N3","N","Waitzia.acuminata",3,"B",48,1,10,0,10,10,48,480,480,4.98,36.0533333333333
"Bendering","B.Waac.N4","N","Waitzia.acuminata",4,"R",NA,NA,30,0,30,30,NA,NA,NA,4.63,37.44
"Bendering","B.Waac.N4","N","Waitzia.acuminata",4,"G",30,1,50,0,50,50,30,1500,1500,4.63,37.44
"Bendering","B.Waac.N4","N","Waitzia.acuminata",4,"B",37,1,30,0,30,30,37,1110,1110,4.63,37.44
"Bendering","B.Waac.N5","N","Waitzia.acuminata",5,"R",50,1,15,0,15,15,50,750,750,4.91,8.66666666666667
"Bendering","B.Waac.N5","N","Waitzia.acuminata",5,"G",44,1,30,0,30,30,44,1320,1320,4.91,8.66666666666667
"Bendering","B.Waac.N5","N","Waitzia.acuminata",5,"B",29,1,30,0,30,30,29,870,870,4.91,8.66666666666667
"Bendering","B.Waac.N6","N","Waitzia.acuminata",6,"R",32,1,60,0,60,60,32,1920,1920,4.65,8.66666666666667
"Bendering","B.Waac.N6","N","Waitzia.acuminata",6,"G",35,1,10,0,10,10,35,350,350,4.65,8.66666666666667
"Bendering","B.Waac.N6","N","Waitzia.acuminata",6,"B",NA,NA,30,0,30,30,NA,NA,NA,4.65,8.66666666666667
"Bendering","B.Waac.N7","N","Waitzia.acuminata",7,"R",40,1,10,0,10,10,40,400,400,5.28,7.28
"Bendering","B.Waac.N7","N","Waitzia.acuminata",7,"G",59,1,25,0,25,25,59,1475,1475,5.28,7.28
"Bendering","B.Waac.N7","N","Waitzia.acuminata",7,"B",NA,NA,NA,NA,NA,NA,NA,NA,NA,5.28,7.28
"Bendering","B.Waac.N8","N","Waitzia.acuminata",8,"R",29,1,15,0,15,15,29,435,435,4.8,13.1733333333333
"Bendering","B.Waac.N8","N","Waitzia.acuminata",8,"G",35,1,30,0,30,30,35,1050,1050,4.8,13.1733333333333
"Bendering","B.Waac.N8","N","Waitzia.acuminata",8,"B",9,1,3,0,3,3,9,27,27,4.8,13.1733333333333
"Bendering","B.Waac.N9","N","Waitzia.acuminata",9,"R",49,1,100,0,100,100,49,4900,4900,4.93,21.1466666666667
"Bendering","B.Waac.N9","N","Waitzia.acuminata",9,"G",40,1,5,0,5,5,40,200,200,4.93,21.1466666666667
"Bendering","B.Waac.N9","N","Waitzia.acuminata",9,"B",NA,NA,NA,NA,NA,NA,NA,NA,NA,4.93,21.1466666666667
"Bendering","B.Waac.N10","N","Waitzia.acuminata",10,"R",51,1,30,0,30,30,51,1530,1530,5.13,9.01333333333333
"Bendering","B.Waac.N10","N","Waitzia.acuminata",10,"G",46,1,20,0,20,20,46,920,920,5.13,9.01333333333333
"Bendering","B.Waac.N10","N","Waitzia.acuminata",10,"B",35,1,5,0,5,5,35,175,175,5.13,9.01333333333333
"Bendering","B.Waac.N11","N","Waitzia.acuminata",11,"R",37,1,15,0,15,15,37,555,555,4.89,11.44
"Bendering","B.Waac.N11","N","Waitzia.acuminata",11,"G",54,1,25,0,25,25,54,1350,1350,4.89,11.44
"Bendering","B.Waac.N11","N","Waitzia.acuminata",11,"B",NA,NA,NA,NA,NA,NA,NA,NA,NA,4.89,11.44
"Bendering","B.Waac.N12","N","Waitzia.acuminata",12,"R",35,1,20,0,20,20,35,700,700,5.23,10.4
"Bendering","B.Waac.N12","N","Waitzia.acuminata",12,"G",45,1,30,0,30,30,45,1350,1350,5.23,10.4
"Bendering","B.Waac.N12","N","Waitzia.acuminata",12,"B",36,1,5,0,5,5,36,180,180,5.23,10.4
"Bendering","B.Waac.N13","N","Waitzia.acuminata",13,"R",51,1,57,0,57,57,51,2907,2907,5.11,32.24
"Bendering","B.Waac.N13","N","Waitzia.acuminata",13,"G",46,1,29,0,29,29,46,1334,1334,5.11,32.24
"Bendering","B.Waac.N13","N","Waitzia.acuminata",13,"B",NA,NA,NA,NA,NA,NA,NA,NA,NA,5.11,32.24
"Bendering","B.Waac.N14","N","Waitzia.acuminata",14,"R",56,1,10,0,10,10,56,560,560,4.71,27.04
"Bendering","B.Waac.N14","N","Waitzia.acuminata",14,"G",49,1,20,0,20,20,49,980,980,4.71,27.04
"Bendering","B.Waac.N14","N","Waitzia.acuminata",14,"B",46,1,20,0,20,20,46,920,920,4.71,27.04
"Bendering","B.Waac.N15","N","Waitzia.acuminata",15,"R",38,1,62,0,62,62,38,2356,2356,5.05,29.4666666666667
"Bendering","B.Waac.N15","N","Waitzia.acuminata",15,"G",34,1,30,0,30,30,34,1020,1020,5.05,29.4666666666667
"Bendering","B.Waac.N15","N","Waitzia.acuminata",15,"B",21,1,27,0,27,27,21,567,567,5.05,29.4666666666667
"Kunjin","K.Hygl.E1","E","Hypochaeris.glabra",1,"R",40,1,20,1,21,21,40,840,840,5.41,1.04
"Kunjin","K.Hygl.E1","E","Hypochaeris.glabra",1,"G",30,1,16,0,16,16,30,480,480,5.41,1.04
"Kunjin","K.Hygl.E1","E","Hypochaeris.glabra",1,"B",51,1,10,0,10,10,51,510,510,5.41,1.04
"Kunjin","K.Hygl.E2","E","Hypochaeris.glabra",2,"R",33,1,6,0,6,6,33,198,198,5.28,0.693333333333333
"Kunjin","K.Hygl.E2","E","Hypochaeris.glabra",2,"G",31,1,11,1,12,12,31,372,372,5.28,0.693333333333333
"Kunjin","K.Hygl.E2","E","Hypochaeris.glabra",2,"B",70,1,9,0,9,9,70,630,630,5.28,0.693333333333333
"Kunjin","K.Hygl.E3","E","Hypochaeris.glabra",3,"R",87,2,8,0,8,8,43.5,348,348,5.56,0
"Kunjin","K.Hygl.E3","E","Hypochaeris.glabra",3,"G",160,2,12,0,12,12,80,960,960,5.56,0
"Kunjin","K.Hygl.E3","E","Hypochaeris.glabra",3,"B",41,1,4,0,4,4,41,164,164,5.56,0
"Kunjin","K.Hygl.E4","E","Hypochaeris.glabra",4,"R",15,1,4,0,4,4,15,60,60,5.43,50.6133333333333
"Kunjin","K.Hygl.E4","E","Hypochaeris.glabra",4,"G",30,1,2,0,2,2,30,60,60,5.43,50.6133333333333
"Kunjin","K.Hygl.E4","E","Hypochaeris.glabra",4,"B",31,1,3,0,3,3,31,93,93,5.43,50.6133333333333
"Kunjin","K.Hygl.E5","E","Hypochaeris.glabra",5,"R",12,1,3,0,3,3,12,36,36,5.21,15.2533333333333
"Kunjin","K.Hygl.E5","E","Hypochaeris.glabra",5,"G",12,1,2,0,2,2,12,24,24,5.21,15.2533333333333
"Kunjin","K.Hygl.E5","E","Hypochaeris.glabra",5,"B",9,1,1,0,1,1,9,9,9,5.21,15.2533333333333
"Kunjin","K.Hygl.E6","E","Hypochaeris.glabra",6,"R",26,1,4,0,4,4,26,104,104,5.02,0
"Kunjin","K.Hygl.E6","E","Hypochaeris.glabra",6,"G",11,1,2,1,3,3,11,33,33,5.02,0
"Kunjin","K.Hygl.E6","E","Hypochaeris.glabra",6,"B",7,1,5,0,5,5,7,35,35,5.02,0
"Kunjin","K.Hygl.E7","E","Hypochaeris.glabra",7,"R",15,1,2,0,2,2,15,30,30,5,15.6
"Kunjin","K.Hygl.E7","E","Hypochaeris.glabra",7,"G",10,1,2,0,2,2,10,20,20,5,15.6
"Kunjin","K.Hygl.E7","E","Hypochaeris.glabra",7,"B",17,1,3,0,3,3,17,51,51,5,15.6
"Kunjin","K.Hygl.E8","E","Hypochaeris.glabra",8,"R",56,1,18,0,18,18,56,1008,1008,5.61,49.5733333333333
"Kunjin","K.Hygl.E8","E","Hypochaeris.glabra",8,"G",33,1,10,1,11,11,33,363,363,5.61,49.5733333333333
"Kunjin","K.Hygl.E8","E","Hypochaeris.glabra",8,"B",NA,NA,NA,NA,NA,NA,NA,NA,NA,5.61,49.5733333333333
"Kunjin","K.Hygl.E9","E","Hypochaeris.glabra",9,"R",NA,NA,29,2,31,31,NA,NA,NA,6,22.88
"Kunjin","K.Hygl.E9","E","Hypochaeris.glabra",9,"G",40,1,9,2,11,11,40,440,440,6,22.88
"Kunjin","K.Hygl.E9","E","Hypochaeris.glabra",9,"B",85,1,12,2,14,14,85,1190,1190,6,22.88
"Kunjin","K.Hygl.E10","E","Hypochaeris.glabra",10,"R",38,1,8,0,8,8,38,304,304,6.07,48.5333333333333
"Kunjin","K.Hygl.E10","E","Hypochaeris.glabra",10,"G",NA,NA,NA,NA,NA,NA,NA,NA,NA,6.07,48.5333333333333
"Kunjin","K.Hygl.E10","E","Hypochaeris.glabra",10,"B",149,3,4,0,4,4,49.6666666666667,198.666666666667,199,6.07,48.5333333333333
"Kunjin","K.Hygl.E11","E","Hypochaeris.glabra",11,"R",39,1,6,0,6,6,39,234,234,5.3,5.54666666666667
"Kunjin","K.Hygl.E11","E","Hypochaeris.glabra",11,"G",NA,NA,19,1,20,20,NA,NA,NA,5.3,5.54666666666667
"Kunjin","K.Hygl.E11","E","Hypochaeris.glabra",11,"B",124,2,13,1,14,14,62,868,868,5.3,5.54666666666667
"Kunjin","K.Hygl.E12","E","Hypochaeris.glabra",12,"R",40,1,12,1,13,13,40,520,520,5.56,23.2266666666667
"Kunjin","K.Hygl.E12","E","Hypochaeris.glabra",12,"G",23,1,2,0,2,2,23,46,46,5.56,23.2266666666667
"Kunjin","K.Hygl.E12","E","Hypochaeris.glabra",12,"B",21,1,14,2,16,16,21,336,336,5.56,23.2266666666667
"Kunjin","K.Hygl.E13","E","Hypochaeris.glabra",13,"R",29,1,9,1,10,10,29,290,290,5.72,44.3733333333333
"Kunjin","K.Hygl.E13","E","Hypochaeris.glabra",13,"G",62,1,29,1,30,30,62,1860,1860,5.72,44.3733333333333
"Kunjin","K.Hygl.E13","E","Hypochaeris.glabra",13,"B",17,1,33,1,34,34,17,578,578,5.72,44.3733333333333
"Kunjin","K.Hygl.E14","E","Hypochaeris.glabra",14,"R",70,1,24,2,26,26,70,1820,1820,5.84,3.81333333333333
"Kunjin","K.Hygl.E14","E","Hypochaeris.glabra",14,"G",41,1,26,1,27,27,41,1107,1107,5.84,3.81333333333333
"Kunjin","K.Hygl.E14","E","Hypochaeris.glabra",14,"B",62,1,26,2,28,28,62,1736,1736,5.84,3.81333333333333
"Kunjin","K.Hygl.E15","E","Hypochaeris.glabra",15,"R",45,1,19,1,20,20,45,900,900,5.62,8.66666666666667
"Kunjin","K.Hygl.E15","E","Hypochaeris.glabra",15,"G",NA,NA,NA,NA,NA,NA,NA,NA,NA,5.62,8.66666666666667
"Kunjin","K.Hygl.E15","E","Hypochaeris.glabra",15,"B",54,1,22,3,25,25,54,1350,1350,5.62,8.66666666666667
"Kunjin","K.Hygl.M1","M","Hypochaeris.glabra",1,"R",17,1,5,0,5,5,17,85,85,4.72,9.01333333333333
"Kunjin","K.Hygl.M1","M","Hypochaeris.glabra",1,"G",13,1,4,1,5,5,13,65,65,4.72,9.01333333333333
"Kunjin","K.Hygl.M1","M","Hypochaeris.glabra",1,"B",22,1,3,1,4,4,22,88,88,4.72,9.01333333333333
"Kunjin","K.Hygl.M2","M","Hypochaeris.glabra",2,"R",33,1,7,0,7,7,33,231,231,4.65,2.08
"Kunjin","K.Hygl.M2","M","Hypochaeris.glabra",2,"G",18,1,8,0,8,8,18,144,144,4.65,2.08
"Kunjin","K.Hygl.M2","M","Hypochaeris.glabra",2,"B",44,2,12,0,12,12,22,264,264,4.65,2.08
"Kunjin","K.Hygl.M3","M","Hypochaeris.glabra",3,"R",31,1,15,0,15,15,31,465,465,5.06,0
"Kunjin","K.Hygl.M3","M","Hypochaeris.glabra",3,"G",50,1,10,0,10,10,50,500,500,5.06,0
"Kunjin","K.Hygl.M3","M","Hypochaeris.glabra",3,"B",38,1,5,0,5,5,38,190,190,5.06,0
"Kunjin","K.Hygl.M4","M","Hypochaeris.glabra",4,"R",42,1,4,4,8,8,42,336,336,5.34,11.0933333333333
"Kunjin","K.Hygl.M4","M","Hypochaeris.glabra",4,"G",61,2,4,4,8,8,30.5,244,244,5.34,11.0933333333333
"Kunjin","K.Hygl.M4","M","Hypochaeris.glabra",4,"B",NA,NA,NA,NA,NA,NA,NA,NA,NA,5.34,11.0933333333333
"Kunjin","K.Hygl.M5","M","Hypochaeris.glabra",5,"R",29,1,3,3,6,6,29,174,174,4.56,16.2933333333333
"Kunjin","K.Hygl.M5","M","Hypochaeris.glabra",5,"G",21,1,4,4,8,8,21,168,168,4.56,16.2933333333333
"Kunjin","K.Hygl.M5","M","Hypochaeris.glabra",5,"B",19,1,4,4,8,8,19,152,152,4.56,16.2933333333333
"Kunjin","K.Hygl.N1","N","Hypochaeris.glabra",1,"R",NA,NA,NA,NA,NA,NA,NA,NA,NA,5.31,11.44
"Kunjin","K.Hygl.N1","N","Hypochaeris.glabra",1,"G",NA,NA,NA,NA,NA,NA,NA,NA,NA,5.31,11.44
"Kunjin","K.Hygl.N1","N","Hypochaeris.glabra",1,"B",16,1,5,0,5,5,16,80,80,5.31,11.44
"Kunjin","K.Hygl.N2","N","Hypochaeris.glabra",2,"R",31,1,3,0,3,3,31,93,93,4.58,7.28
"Kunjin","K.Hygl.N2","N","Hypochaeris.glabra",2,"G",17,1,4,1,5,5,17,85,85,4.58,7.28
"Kunjin","K.Hygl.N2","N","Hypochaeris.glabra",2,"B",41,1,5,0,5,5,41,205,205,4.58,7.28
"Kunjin","K.Hygl.N3","N","Hypochaeris.glabra",3,"R",24,2,2,0,2,2,12,24,24,5.14,12.8266666666667
"Kunjin","K.Hygl.N3","N","Hypochaeris.glabra",3,"G",62,2,3,0,3,3,31,93,93,5.14,12.8266666666667
"Kunjin","K.Hygl.N3","N","Hypochaeris.glabra",3,"B",57,2,3,0,3,3,28.5,85.5,86,5.14,12.8266666666667
"Kunjin","K.Hygl.N4","N","Hypochaeris.glabra",4,"R",NA,NA,NA,NA,NA,NA,NA,NA,NA,5.02,9.36
"Kunjin","K.Hygl.N4","N","Hypochaeris.glabra",4,"G",17,1,2,0,2,2,17,34,34,5.02,9.36
"Kunjin","K.Hygl.N4","N","Hypochaeris.glabra",4,"B",9,1,2,0,2,2,9,18,18,5.02,9.36
"Kunjin","K.Hygl.N5","N","Hypochaeris.glabra",5,"R",34,1,6,0,6,6,34,204,204,5.18,5.2
"Kunjin","K.Hygl.N5","N","Hypochaeris.glabra",5,"G",17,1,3,0,3,3,17,51,51,5.18,5.2
"Kunjin","K.Hygl.N5","N","Hypochaeris.glabra",5,"B",29,1,8,0,8,8,29,232,232,5.18,5.2
"Kunjin","K.Hygl.N6","N","Hypochaeris.glabra",6,"R",32,1,7,0,7,7,32,224,224,5.48,2.77333333333333
"Kunjin","K.Hygl.N6","N","Hypochaeris.glabra",6,"G",NA,NA,NA,NA,NA,NA,NA,NA,NA,5.48,2.77333333333333
"Kunjin","K.Hygl.N6","N","Hypochaeris.glabra",6,"B",13,2,2,0,2,2,6.5,13,13,5.48,2.77333333333333
"Kunjin","K.Hygl.N7","N","Hypochaeris.glabra",7,"R",68,2,9,0,9,9,34,306,306,4.51,1.04
"Kunjin","K.Hygl.N7","N","Hypochaeris.glabra",7,"G",42,2,7,0,7,7,21,147,147,4.51,1.04
"Kunjin","K.Hygl.N7","N","Hypochaeris.glabra",7,"B",4,1,3,0,3,3,4,12,12,4.51,1.04
"Kunjin","K.Hygl.N8","N","Hypochaeris.glabra",8,"R",13,1,4,1,5,5,13,65,65,4.77,25.6533333333333
"Kunjin","K.Hygl.N8","N","Hypochaeris.glabra",8,"G",NA,NA,7,1,8,8,NA,NA,NA,4.77,25.6533333333333
"Kunjin","K.Hygl.N8","N","Hypochaeris.glabra",8,"B",6,1,6,0,6,6,6,36,36,4.77,25.6533333333333
"Kunjin","K.Hygl.N9","N","Hypochaeris.glabra",9,"R",50,1,7,5,12,12,50,600,600,6.01,36.0533333333333
"Kunjin","K.Hygl.N9","N","Hypochaeris.glabra",9,"G",NA,NA,7,0,7,7,NA,NA,NA,6.01,36.0533333333333
"Kunjin","K.Hygl.N9","N","Hypochaeris.glabra",9,"B",NA,NA,8,1,9,9,NA,NA,NA,6.01,36.0533333333333
"Kunjin","K.Hygl.N10","N","Hypochaeris.glabra",10,"R",20,1,6,0,6,6,20,120,120,4.42,8.32
"Kunjin","K.Hygl.N10","N","Hypochaeris.glabra",10,"G",NA,NA,0,0,0,0,NA,NA,NA,4.42,8.32
"Kunjin","K.Hygl.N10","N","Hypochaeris.glabra",10,"B",51,1,5,0,5,5,51,255,255,4.42,8.32
"Kunjin","K.Hygl.N11","N","Hypochaeris.glabra",11,"R",NA,NA,NA,NA,NA,NA,NA,NA,NA,4.78,14.56
"Kunjin","K.Hygl.N11","N","Hypochaeris.glabra",11,"G",NA,NA,NA,NA,NA,NA,NA,NA,NA,4.78,14.56
"Kunjin","K.Hygl.N11","N","Hypochaeris.glabra",11,"B",40,1,8,0,8,8,40,320,320,4.78,14.56
"Kunjin","K.Hygl.N12","N","Hypochaeris.glabra",12,"R",23,1,3,0,3,3,23,69,69,5.22,14.2133333333333
"Kunjin","K.Hygl.N12","N","Hypochaeris.glabra",12,"G",45,1,9,1,10,10,45,450,450,5.22,14.2133333333333
"Kunjin","K.Hygl.N12","N","Hypochaeris.glabra",12,"B",35,1,4,0,4,4,35,140,140,5.22,14.2133333333333
"Kunjin","K.Hygl.N13","N","Hypochaeris.glabra",13,"R",NA,NA,NA,NA,NA,NA,NA,NA,NA,4.73,11.44
"Kunjin","K.Hygl.N13","N","Hypochaeris.glabra",13,"G",5,1,3,2,5,5,5,25,25,4.73,11.44
"Kunjin","K.Hygl.N13","N","Hypochaeris.glabra",13,"B",3,1,4,0,4,4,3,12,12,4.73,11.44
"Kunjin","K.Hygl.N14","N","Hypochaeris.glabra",14,"R",NA,NA,6,0,6,6,NA,NA,NA,5.01,19.76
"Kunjin","K.Hygl.N14","N","Hypochaeris.glabra",14,"G",NA,NA,NA,NA,NA,NA,NA,NA,NA,5.01,19.76
"Kunjin","K.Hygl.N14","N","Hypochaeris.glabra",14,"B",13,1,9,0,9,9,13,117,117,5.01,19.76
"Kunjin","K.Hygl.N15","N","Hypochaeris.glabra",15,"R",9,1,2,1,3,3,9,27,27,4.25,34.6666666666667
"Kunjin","K.Hygl.N15","N","Hypochaeris.glabra",15,"G",NA,NA,NA,NA,NA,NA,NA,NA,NA,4.25,34.6666666666667
"Kunjin","K.Hygl.N15","N","Hypochaeris.glabra",15,"B",30,1,5,0,5,5,30,150,150,4.25,34.6666666666667
"Kunjin","K.Peai.E1","E","Aira.caryophylla",1,"R",23,1,1,0,1,1,23,23,23,4.81,33.6266666666667
"Kunjin","K.Peai.E1","E","Aira.caryophylla",1,"G",26,1,1,0,1,1,26,26,26,4.81,33.6266666666667
"Kunjin","K.Peai.E1","E","Aira.caryophylla",1,"B",31,1,1,0,1,1,31,31,31,4.81,33.6266666666667
"Kunjin","K.Peai.E2","E","Aira.caryophylla",2,"R",70,1,7,0,7,1,70,70,70,5.65,9.01333333333333
"Kunjin","K.Peai.E2","E","Aira.caryophylla",2,"G",61,1,5,0,5,1,61,61,61,5.65,9.01333333333333
"Kunjin","K.Peai.E2","E","Aira.caryophylla",2,"B",96,1,5,0,5,1,96,96,96,5.65,9.01333333333333
"Kunjin","K.Peai.E3","E","Aira.caryophylla",3,"R",19,1,1,0,1,1,19,19,19,5.31,5.89333333333333
"Kunjin","K.Peai.E3","E","Aira.caryophylla",3,"G",33,1,1,0,1,1,33,33,33,5.31,5.89333333333333
"Kunjin","K.Peai.E3","E","Aira.caryophylla",3,"B",46,1,1,0,1,1,46,46,46,5.31,5.89333333333333
"Kunjin","K.Peai.E4","E","Aira.caryophylla",4,"R",31,1,15,0,15,1,31,31,31,5.77,3.12
"Kunjin","K.Peai.E4","E","Aira.caryophylla",4,"G",63,1,25,0,25,1,63,63,63,5.77,3.12
"Kunjin","K.Peai.E4","E","Aira.caryophylla",4,"B",223,1,20,0,20,1,223,223,223,5.77,3.12
"Kunjin","K.Peai.E5","E","Aira.caryophylla",5,"R",115,1,1,0,1,1,115,115,115,4.41,0.693333333333333
"Kunjin","K.Peai.E5","E","Aira.caryophylla",5,"G",60,1,1,0,1,1,60,60,60,4.41,0.693333333333333
"Kunjin","K.Peai.E5","E","Aira.caryophylla",5,"B",262,1,1,0,1,1,262,262,262,4.41,0.693333333333333
"Kunjin","K.Peai.E6","E","Aira.caryophylla",6,"R",362,1,20,0,20,1,362,362,362,5.29,9.36
"Kunjin","K.Peai.E6","E","Aira.caryophylla",6,"G",227,1,20,0,20,1,227,227,227,5.29,9.36
"Kunjin","K.Peai.E6","E","Aira.caryophylla",6,"B",61,1,8,0,8,1,61,61,61,5.29,9.36
"Kunjin","K.Peai.E7","E","Aira.caryophylla",7,"R",59,1,7,0,7,1,59,59,59,5.98,6.93333333333333
"Kunjin","K.Peai.E7","E","Aira.caryophylla",7,"G",76,1,8,0,8,1,76,76,76,5.98,6.93333333333333
"Kunjin","K.Peai.E7","E","Aira.caryophylla",7,"B",161,1,8,0,8,1,161,161,161,5.98,6.93333333333333
"Kunjin","K.Peai.E8","E","Aira.caryophylla",8,"R",37,1,9,0,9,1,37,37,37,5.68,11.44
"Kunjin","K.Peai.E8","E","Aira.caryophylla",8,"G",53,1,9,0,9,1,53,53,53,5.68,11.44
"Kunjin","K.Peai.E8","E","Aira.caryophylla",8,"B",290,1,17,0,17,1,290,290,290,5.68,11.44
"Kunjin","K.Peai.E9","E","Aira.caryophylla",9,"R",42,1,1,0,1,1,42,42,42,5.44,3.81333333333333
"Kunjin","K.Peai.E9","E","Aira.caryophylla",9,"G",79,1,2,0,2,1,79,79,79,5.44,3.81333333333333
"Kunjin","K.Peai.E9","E","Aira.caryophylla",9,"B",91,1,1,0,1,1,91,91,91,5.44,3.81333333333333
"Kunjin","K.Peai.E10","E","Aira.caryophylla",10,"R",30,1,1,0,1,1,30,30,30,5.38,0.346666666666667
"Kunjin","K.Peai.E10","E","Aira.caryophylla",10,"G",22,1,1,0,1,1,22,22,22,5.38,0.346666666666667
"Kunjin","K.Peai.E10","E","Aira.caryophylla",10,"B",26,1,1,0,1,1,26,26,26,5.38,0.346666666666667
"Kunjin","K.Peai.E11","E","Aira.caryophylla",11,"R",NA,NA,NA,NA,NA,1,NA,NA,NA,4.52,5.2
"Kunjin","K.Peai.E11","E","Aira.caryophylla",11,"G",117,1,1,0,1,1,117,117,117,4.52,5.2
"Kunjin","K.Peai.E11","E","Aira.caryophylla",11,"B",55,1,1,0,1,1,55,55,55,4.52,5.2
"Kunjin","K.Peai.E12","E","Aira.caryophylla",12,"R",35,1,1,0,1,1,35,35,35,5.05,6.93333333333333
"Kunjin","K.Peai.E12","E","Aira.caryophylla",12,"G",23,1,1,0,1,1,23,23,23,5.05,6.93333333333333
"Kunjin","K.Peai.E12","E","Aira.caryophylla",12,"B",NA,NA,1,0,1,1,NA,NA,NA,5.05,6.93333333333333
"Kunjin","K.Peai.E13","E","Aira.caryophylla",13,"R",67,1,1,0,1,1,67,67,67,5.79,7.28
"Kunjin","K.Peai.E13","E","Aira.caryophylla",13,"G",310,1,1,0,1,1,310,310,310,5.79,7.28
"Kunjin","K.Peai.E13","E","Aira.caryophylla",13,"B",138,1,2,0,2,1,138,138,138,5.79,7.28
"Kunjin","K.Peai.E14","E","Aira.caryophylla",14,"R",27,1,8,0,8,1,27,27,27,5.27,16.64
"Kunjin","K.Peai.E14","E","Aira.caryophylla",14,"G",32,1,8,0,8,1,32,32,32,5.27,16.64
"Kunjin","K.Peai.E14","E","Aira.caryophylla",14,"B",58,1,NA,NA,NA,1,58,58,58,5.27,16.64
"Kunjin","K.Peai.E15","E","Aira.caryophylla",15,"R",NA,NA,1,0,1,1,NA,NA,NA,4.51,6.58666666666667
"Kunjin","K.Peai.E15","E","Aira.caryophylla",15,"G",40,1,1,0,1,1,40,40,40,4.51,6.58666666666667
"Kunjin","K.Peai.E15","E","Aira.caryophylla",15,"B",54,1,1,0,1,1,54,54,54,4.51,6.58666666666667
"Kunjin","K.Peai.M1","M","Aira.caryophylla",1,"R",NA,NA,1,0,1,1,NA,NA,NA,4.69,7.97333333333333
"Kunjin","K.Peai.M1","M","Aira.caryophylla",1,"G",NA,NA,1,0,1,1,NA,NA,NA,4.69,7.97333333333333
"Kunjin","K.Peai.M1","M","Aira.caryophylla",1,"B",NA,NA,1,0,1,1,NA,NA,NA,4.69,7.97333333333333
"Kunjin","K.Peai.M2","M","Aira.caryophylla",2,"R",NA,NA,1,0,1,1,NA,NA,NA,4.5,9.01333333333333
"Kunjin","K.Peai.M2","M","Aira.caryophylla",2,"G",NA,NA,1,0,1,1,NA,NA,NA,4.5,9.01333333333333
"Kunjin","K.Peai.M2","M","Aira.caryophylla",2,"B",NA,NA,1,0,1,1,NA,NA,NA,4.5,9.01333333333333
"Kunjin","K.Peai.M3","M","Aira.caryophylla",3,"R",88,1,1,0,1,1,88,88,88,4.75,8.32
"Kunjin","K.Peai.M3","M","Aira.caryophylla",3,"G",222,1,1,0,1,1,222,222,222,4.75,8.32
"Kunjin","K.Peai.M3","M","Aira.caryophylla",3,"B",112,1,1,0,1,1,112,112,112,4.75,8.32
"Kunjin","K.Peai.M4","M","Aira.caryophylla",4,"R",39,1,1,0,1,1,39,39,39,4.74,16.9866666666667
"Kunjin","K.Peai.M4","M","Aira.caryophylla",4,"G",17,1,1,0,1,1,17,17,17,4.74,16.9866666666667
"Kunjin","K.Peai.M4","M","Aira.caryophylla",4,"B",75,1,1,0,1,1,75,75,75,4.74,16.9866666666667
"Kunjin","K.Peai.M5","M","Aira.caryophylla",5,"R",NA,NA,1,0,1,1,NA,NA,NA,5.45,3.46666666666667
"Kunjin","K.Peai.M5","M","Aira.caryophylla",5,"G",NA,NA,1,0,1,1,NA,NA,NA,5.45,3.46666666666667
"Kunjin","K.Peai.M5","M","Aira.caryophylla",5,"B",NA,NA,1,0,1,1,NA,NA,NA,5.45,3.46666666666667
"Kunjin","K.Peai.N1","N","Aira.caryophylla",1,"R",98,1,1,0,1,1,98,98,98,4.7,13.52
"Kunjin","K.Peai.N1","N","Aira.caryophylla",1,"G",38,1,1,0,1,1,38,38,38,4.7,13.52
"Kunjin","K.Peai.N1","N","Aira.caryophylla",1,"B",98,1,1,0,1,1,98,98,98,4.7,13.52
"Kunjin","K.Peai.N2","N","Aira.caryophylla",2,"R",54,1,1,0,1,1,54,54,54,5.11,9.01333333333333
"Kunjin","K.Peai.N2","N","Aira.caryophylla",2,"G",56,1,1,0,1,1,56,56,56,5.11,9.01333333333333
"Kunjin","K.Peai.N2","N","Aira.caryophylla",2,"B",64,1,1,0,1,1,64,64,64,5.11,9.01333333333333
"Kunjin","K.Peai.N3","N","Aira.caryophylla",3,"R",18,1,1,0,1,1,18,18,18,4.93,18.72
"Kunjin","K.Peai.N3","N","Aira.caryophylla",3,"G",19,1,1,0,1,1,19,19,19,4.93,18.72
"Kunjin","K.Peai.N3","N","Aira.caryophylla",3,"B",26,1,1,0,1,1,26,26,26,4.93,18.72
"Kunjin","K.Peai.N4","N","Aira.caryophylla",4,"R",115,1,1,0,1,1,115,115,115,4.66,10.0533333333333
"Kunjin","K.Peai.N4","N","Aira.caryophylla",4,"G",94,1,1,0,1,1,94,94,94,4.66,10.0533333333333
"Kunjin","K.Peai.N4","N","Aira.caryophylla",4,"B",26,1,1,0,1,1,26,26,26,4.66,10.0533333333333
"Kunjin","K.Peai.N5","N","Aira.caryophylla",5,"R",71,1,1,0,1,1,71,71,71,4.97,0.346666666666667
"Kunjin","K.Peai.N5","N","Aira.caryophylla",5,"G",350,1,1,0,1,1,350,350,350,4.97,0.346666666666667
"Kunjin","K.Peai.N5","N","Aira.caryophylla",5,"B",83,1,1,0,1,1,83,83,83,4.97,0.346666666666667
"Kunjin","K.Peai.N6","N","Aira.caryophylla",6,"R",39,1,1,0,1,1,39,39,39,5.23,1.04
"Kunjin","K.Peai.N6","N","Aira.caryophylla",6,"G",83,1,1,0,1,1,83,83,83,5.23,1.04
"Kunjin","K.Peai.N6","N","Aira.caryophylla",6,"B",62,1,1,0,1,1,62,62,62,5.23,1.04
"Kunjin","K.Peai.N7","N","Aira.caryophylla",7,"R",25,1,1,0,1,1,25,25,25,5.23,9.01333333333333
"Kunjin","K.Peai.N7","N","Aira.caryophylla",7,"G",90,1,1,0,1,1,90,90,90,5.23,9.01333333333333
"Kunjin","K.Peai.N7","N","Aira.caryophylla",7,"B",39,1,1,0,1,1,39,39,39,5.23,9.01333333333333
"Kunjin","K.Peai.N8","N","Aira.caryophylla",8,"R",54,1,1,0,1,1,54,54,54,5.01,6.24
"Kunjin","K.Peai.N8","N","Aira.caryophylla",8,"G",20,1,1,0,1,1,20,20,20,5.01,6.24
"Kunjin","K.Peai.N8","N","Aira.caryophylla",8,"B",61,1,1,0,1,1,61,61,61,5.01,6.24
"Kunjin","K.Peai.N9","N","Aira.caryophylla",9,"R",12,1,1,0,1,1,12,12,12,4.64,9.70666666666667
"Kunjin","K.Peai.N9","N","Aira.caryophylla",9,"G",21,1,1,0,1,1,21,21,21,4.64,9.70666666666667
"Kunjin","K.Peai.N9","N","Aira.caryophylla",9,"B",40,1,1,0,1,1,40,40,40,4.64,9.70666666666667
"Kunjin","K.Peai.N10","N","Aira.caryophylla",10,"R",47,1,1,0,1,1,47,47,47,4.87,18.0266666666667
"Kunjin","K.Peai.N10","N","Aira.caryophylla",10,"G",36,1,1,0,1,1,36,36,36,4.87,18.0266666666667
"Kunjin","K.Peai.N10","N","Aira.caryophylla",10,"B",58,1,1,0,1,1,58,58,58,4.87,18.0266666666667
"Kunjin","K.Peai.N11","N","Aira.caryophylla",11,"R",26,1,1,0,1,1,26,26,26,4.77,13.1733333333333
"Kunjin","K.Peai.N11","N","Aira.caryophylla",11,"G",66,1,1,0,1,1,66,66,66,4.77,13.1733333333333
"Kunjin","K.Peai.N11","N","Aira.caryophylla",11,"B",72,1,1,0,1,1,72,72,72,4.77,13.1733333333333
"Kunjin","K.Peai.N12","N","Aira.caryophylla",12,"R",38,1,1,0,1,1,38,38,38,4.62,6.24
"Kunjin","K.Peai.N12","N","Aira.caryophylla",12,"G",49,1,1,0,1,1,49,49,49,4.62,6.24
"Kunjin","K.Peai.N12","N","Aira.caryophylla",12,"B",47,1,1,0,1,1,47,47,47,4.62,6.24
"Kunjin","K.Peai.N13","N","Aira.caryophylla",13,"R",15,1,1,0,1,1,15,15,15,4.82,3.12
"Kunjin","K.Peai.N13","N","Aira.caryophylla",13,"G",54,1,1,0,1,1,54,54,54,4.82,3.12
"Kunjin","K.Peai.N13","N","Aira.caryophylla",13,"B",16,1,1,0,1,1,16,16,16,4.82,3.12
"Kunjin","K.Peai.N14","N","Aira.caryophylla",14,"R",150,1,1,0,1,1,150,150,150,4.32,4.85333333333333
"Kunjin","K.Peai.N14","N","Aira.caryophylla",14,"G",46,1,1,0,1,1,46,46,46,4.32,4.85333333333333
"Kunjin","K.Peai.N14","N","Aira.caryophylla",14,"B",43,1,1,0,1,1,43,43,43,4.32,4.85333333333333
"Kunjin","K.Peai.N15","N","Aira.caryophylla",15,"R",20,1,1,0,1,1,20,20,20,4.71,29.12
"Kunjin","K.Peai.N15","N","Aira.caryophylla",15,"G",30,1,1,0,1,1,30,30,30,4.71,29.12
"Kunjin","K.Peai.N15","N","Aira.caryophylla",15,"B",31,1,1,0,1,1,31,31,31,4.71,29.12
"Kunjin","K.Pogn.E1","E","Podotheca.gnaphalioides",1,"R",37,1,3,0,3,3,37,111,111,5.16,3.46666666666667
"Kunjin","K.Pogn.E1","E","Podotheca.gnaphalioides",1,"G",NA,NA,NA,NA,NA,NA,NA,NA,NA,5.16,3.46666666666667
"Kunjin","K.Pogn.E1","E","Podotheca.gnaphalioides",1,"B",96,2,3,0,3,3,48,144,144,5.16,3.46666666666667
"Kunjin","K.Pogn.E2","E","Podotheca.gnaphalioides",2,"R",53,1,10,0,10,10,53,530,530,4.75,13.1733333333333
"Kunjin","K.Pogn.E2","E","Podotheca.gnaphalioides",2,"G",NA,NA,NA,NA,NA,NA,NA,NA,NA,4.75,13.1733333333333
"Kunjin","K.Pogn.E2","E","Podotheca.gnaphalioides",2,"B",NA,NA,NA,NA,NA,NA,NA,NA,NA,4.75,13.1733333333333
"Kunjin","K.Pogn.E3","E","Podotheca.gnaphalioides",3,"R",NA,NA,NA,0,NA,NA,NA,NA,NA,4.54,0.346666666666667
"Kunjin","K.Pogn.E3","E","Podotheca.gnaphalioides",3,"G",NA,NA,NA,0,NA,NA,NA,NA,NA,4.54,0.346666666666667
"Kunjin","K.Pogn.E3","E","Podotheca.gnaphalioides",3,"B",NA,NA,NA,0,NA,NA,NA,NA,NA,4.54,0.346666666666667
"Kunjin","K.Pogn.E4","E","Podotheca.gnaphalioides",4,"R",NA,NA,NA,NA,NA,NA,NA,NA,NA,5.11,3.81333333333333
"Kunjin","K.Pogn.E4","E","Podotheca.gnaphalioides",4,"G",79,1,1,0,1,1,79,79,79,5.11,3.81333333333333
"Kunjin","K.Pogn.E4","E","Podotheca.gnaphalioides",4,"B",NA,NA,NA,NA,NA,NA,NA,NA,NA,5.11,3.81333333333333
"Kunjin","K.Pogn.E5","E","Podotheca.gnaphalioides",5,"R",NA,NA,NA,NA,NA,NA,NA,NA,NA,5.01,16.9866666666667
"Kunjin","K.Pogn.E5","E","Podotheca.gnaphalioides",5,"G",87,1,10,0,10,10,87,870,870,5.01,16.9866666666667
"Kunjin","K.Pogn.E5","E","Podotheca.gnaphalioides",5,"B",NA,NA,NA,NA,NA,NA,NA,NA,NA,5.01,16.9866666666667
"Kunjin","K.Pogn.E6","E","Podotheca.gnaphalioides",6,"R",25,1,2,0,2,2,25,50,50,5.06,27.3866666666667
"Kunjin","K.Pogn.E6","E","Podotheca.gnaphalioides",6,"G",76,1,1,0,1,1,76,76,76,5.06,27.3866666666667
"Kunjin","K.Pogn.E6","E","Podotheca.gnaphalioides",6,"B",63,1,5,0,5,5,63,315,315,5.06,27.3866666666667
"Kunjin","K.Pogn.E7","E","Podotheca.gnaphalioides",7,"R",NA,NA,NA,NA,NA,NA,NA,NA,NA,4.09,32.9333333333333
"Kunjin","K.Pogn.E7","E","Podotheca.gnaphalioides",7,"G",91,1,5,0,5,5,91,455,455,4.09,32.9333333333333
"Kunjin","K.Pogn.E7","E","Podotheca.gnaphalioides",7,"B",NA,NA,NA,NA,NA,NA,NA,NA,NA,4.09,32.9333333333333
"Kunjin","K.Pogn.E8","E","Podotheca.gnaphalioides",8,"R",55,1,1,0,1,1,55,55,55,4.93,9.70666666666667
"Kunjin","K.Pogn.E8","E","Podotheca.gnaphalioides",8,"G",41,1,2,0,2,2,41,82,82,4.93,9.70666666666667
"Kunjin","K.Pogn.E8","E","Podotheca.gnaphalioides",8,"B",18,1,1,0,1,1,18,18,18,4.93,9.70666666666667
"Kunjin","K.Pogn.E9","E","Podotheca.gnaphalioides",9,"R",NA,NA,NA,NA,NA,NA,NA,NA,NA,4.73,5.89333333333333
"Kunjin","K.Pogn.E9","E","Podotheca.gnaphalioides",9,"G",NA,NA,NA,NA,NA,NA,NA,NA,NA,4.73,5.89333333333333
"Kunjin","K.Pogn.E9","E","Podotheca.gnaphalioides",9,"B",119,1,2,0,2,2,119,238,238,4.73,5.89333333333333
"Kunjin","K.Pogn.E10","E","Podotheca.gnaphalioides",10,"R",NA,NA,NA,NA,NA,NA,NA,NA,NA,5.1,5.54666666666667
"Kunjin","K.Pogn.E10","E","Podotheca.gnaphalioides",10,"G",129,1,1,0,1,1,129,129,129,5.1,5.54666666666667
"Kunjin","K.Pogn.E10","E","Podotheca.gnaphalioides",10,"B",38,1,1,0,1,1,38,38,38,5.1,5.54666666666667
"Kunjin","K.Pogn.E11","E","Podotheca.gnaphalioides",11,"R",NA,NA,NA,NA,NA,NA,NA,NA,NA,4.89,1.04
"Kunjin","K.Pogn.E11","E","Podotheca.gnaphalioides",11,"G",48,1,4,0,4,4,48,192,192,4.89,1.04
"Kunjin","K.Pogn.E11","E","Podotheca.gnaphalioides",11,"B",71,1,2,0,2,2,71,142,142,4.89,1.04
"Kunjin","K.Pogn.E12","E","Podotheca.gnaphalioides",12,"R",28,1,6,0,6,6,28,168,168,5.13,13.1733333333333
"Kunjin","K.Pogn.E12","E","Podotheca.gnaphalioides",12,"G",64,1,1,0,1,1,64,64,64,5.13,13.1733333333333
"Kunjin","K.Pogn.E12","E","Podotheca.gnaphalioides",12,"B",31,1,4,0,4,4,31,124,124,5.13,13.1733333333333
"Kunjin","K.Pogn.E13","E","Podotheca.gnaphalioides",13,"R",38,1,3,0,3,3,38,114,114,5.42,9.01333333333333
"Kunjin","K.Pogn.E13","E","Podotheca.gnaphalioides",13,"G",38,1,1,0,1,1,38,38,38,5.42,9.01333333333333
"Kunjin","K.Pogn.E13","E","Podotheca.gnaphalioides",13,"B",70,1,4,0,4,4,70,280,280,5.42,9.01333333333333
"Kunjin","K.Pogn.E14","E","Podotheca.gnaphalioides",14,"R",75,1,4,0,4,4,75,300,300,4.61,12.8266666666667
"Kunjin","K.Pogn.E14","E","Podotheca.gnaphalioides",14,"G",28,1,1,0,1,1,28,28,28,4.61,12.8266666666667
"Kunjin","K.Pogn.E14","E","Podotheca.gnaphalioides",14,"B",43,1,6,0,6,6,43,258,258,4.61,12.8266666666667
"Kunjin","K.Pogn.E15","E","Podotheca.gnaphalioides",15,"R",106,1,4,0,4,4,106,424,424,4.59,0
"Kunjin","K.Pogn.E15","E","Podotheca.gnaphalioides",15,"G",NA,NA,NA,NA,NA,NA,NA,NA,NA,4.59,0
"Kunjin","K.Pogn.E15","E","Podotheca.gnaphalioides",15,"B",68,1,1,0,1,1,68,68,68,4.59,0
"Kunjin","K.Pogn.M1","M","Podotheca.gnaphalioides",1,"R",NA,NA,NA,0,NA,NA,NA,NA,NA,5.28,4.16
"Kunjin","K.Pogn.M1","M","Podotheca.gnaphalioides",1,"G",NA,NA,NA,0,NA,NA,NA,NA,NA,5.28,4.16
"Kunjin","K.Pogn.M1","M","Podotheca.gnaphalioides",1,"B",NA,NA,NA,0,NA,NA,NA,NA,NA,5.28,4.16
"Kunjin","K.Pogn.M2","M","Podotheca.gnaphalioides",2,"R",43,1,7,0,7,7,43,301,301,4.91,15.9466666666667
"Kunjin","K.Pogn.M2","M","Podotheca.gnaphalioides",2,"G",58,1,12,0,12,12,58,696,696,4.91,15.9466666666667
"Kunjin","K.Pogn.M2","M","Podotheca.gnaphalioides",2,"B",27,1,3,0,3,3,27,81,81,4.91,15.9466666666667
"Kunjin","K.Pogn.M3","M","Podotheca.gnaphalioides",3,"R",59,1,5,0,5,5,59,295,295,4.35,6.58666666666667
"Kunjin","K.Pogn.M3","M","Podotheca.gnaphalioides",3,"G",80,1,6,0,6,6,80,480,480,4.35,6.58666666666667
"Kunjin","K.Pogn.M3","M","Podotheca.gnaphalioides",3,"B",101,1,6,0,6,6,101,606,606,4.35,6.58666666666667
"Kunjin","K.Pogn.M4","M","Podotheca.gnaphalioides",4,"R",NA,NA,NA,0,NA,NA,NA,NA,NA,4.54,0.693333333333333
"Kunjin","K.Pogn.M4","M","Podotheca.gnaphalioides",4,"G",NA,NA,NA,0,NA,NA,NA,NA,NA,4.54,0.693333333333333
"Kunjin","K.Pogn.M4","M","Podotheca.gnaphalioides",4,"B",NA,NA,NA,0,NA,NA,NA,NA,NA,4.54,0.693333333333333
"Kunjin","K.Pogn.M5","M","Podotheca.gnaphalioides",5,"R",80,1,10,0,10,10,80,800,800,5.04,5.2
"Kunjin","K.Pogn.M5","M","Podotheca.gnaphalioides",5,"G",101,1,9,0,9,9,101,909,909,5.04,5.2
"Kunjin","K.Pogn.M5","M","Podotheca.gnaphalioides",5,"B",148,1,3,0,3,3,148,444,444,5.04,5.2
"Kunjin","K.Pogn.N1","N","Podotheca.gnaphalioides",1,"R",NA,NA,NA,NA,NA,NA,NA,NA,NA,5.11,16.2933333333333
"Kunjin","K.Pogn.N1","N","Podotheca.gnaphalioides",1,"G",NA,NA,NA,NA,NA,NA,NA,NA,NA,5.11,16.2933333333333
"Kunjin","K.Pogn.N1","N","Podotheca.gnaphalioides",1,"B",100,1,1,0,1,1,100,100,100,5.11,16.2933333333333
"Kunjin","K.Pogn.N2","N","Podotheca.gnaphalioides",2,"R",68,1,20,0,20,20,68,1360,1360,4.91,5.2
"Kunjin","K.Pogn.N2","N","Podotheca.gnaphalioides",2,"G",NA,NA,NA,NA,NA,NA,NA,NA,NA,4.91,5.2
"Kunjin","K.Pogn.N2","N","Podotheca.gnaphalioides",2,"B",NA,NA,NA,NA,NA,NA,NA,NA,NA,4.91,5.2
"Kunjin","K.Pogn.N3","N","Podotheca.gnaphalioides",3,"R",NA,NA,NA,NA,NA,NA,NA,NA,NA,4.93,8.32
"Kunjin","K.Pogn.N3","N","Podotheca.gnaphalioides",3,"G",27,1,1,0,1,1,27,27,27,4.93,8.32
"Kunjin","K.Pogn.N3","N","Podotheca.gnaphalioides",3,"B",NA,NA,NA,NA,NA,NA,NA,NA,NA,4.93,8.32
"Kunjin","K.Pogn.N4","N","Podotheca.gnaphalioides",4,"R",NA,NA,NA,NA,NA,NA,NA,NA,NA,4.84,0.346666666666667
"Kunjin","K.Pogn.N4","N","Podotheca.gnaphalioides",4,"G",NA,NA,NA,NA,NA,NA,NA,NA,NA,4.84,0.346666666666667
"Kunjin","K.Pogn.N4","N","Podotheca.gnaphalioides",4,"B",145,1,5,0,5,5,145,725,725,4.84,0.346666666666667
"Kunjin","K.Pogn.N5","N","Podotheca.gnaphalioides",5,"R",51,1,1,0,1,1,51,51,51,4.59,3.46666666666667
"Kunjin","K.Pogn.N5","N","Podotheca.gnaphalioides",5,"G",86,1,8,0,8,8,86,688,688,4.59,3.46666666666667
"Kunjin","K.Pogn.N5","N","Podotheca.gnaphalioides",5,"B",73,1,15,0,15,15,73,1095,1095,4.59,3.46666666666667
"Kunjin","K.Pogn.N6","N","Podotheca.gnaphalioides",6,"R",52,1,2,0,2,2,52,104,104,4.54,2.77333333333333
"Kunjin","K.Pogn.N6","N","Podotheca.gnaphalioides",6,"G",41,1,5,0,5,5,41,205,205,4.54,2.77333333333333
"Kunjin","K.Pogn.N6","N","Podotheca.gnaphalioides",6,"B",83,1,1,0,1,1,83,83,83,4.54,2.77333333333333
"Kunjin","K.Pogn.N7","N","Podotheca.gnaphalioides",7,"R",67,1,5,0,5,5,67,335,335,4.51,18.72
"Kunjin","K.Pogn.N7","N","Podotheca.gnaphalioides",7,"G",134,1,4,0,4,4,134,536,536,4.51,18.72
"Kunjin","K.Pogn.N7","N","Podotheca.gnaphalioides",7,"B",24,1,1,0,1,1,24,24,24,4.51,18.72
"Kunjin","K.Pogn.N8","N","Podotheca.gnaphalioides",8,"R",16,1,2,0,2,2,16,32,32,6.52,11.44
"Kunjin","K.Pogn.N8","N","Podotheca.gnaphalioides",8,"G",NA,NA,NA,NA,NA,NA,NA,NA,NA,6.52,11.44
"Kunjin","K.Pogn.N8","N","Podotheca.gnaphalioides",8,"B",22,1,2,0,2,2,22,44,44,6.52,11.44
"Kunjin","K.Pogn.N9","N","Podotheca.gnaphalioides",9,"R",NA,NA,NA,NA,NA,NA,NA,NA,NA,4.5,4.85333333333333
"Kunjin","K.Pogn.N9","N","Podotheca.gnaphalioides",9,"G",NA,NA,NA,NA,NA,NA,NA,NA,NA,4.5,4.85333333333333
"Kunjin","K.Pogn.N9","N","Podotheca.gnaphalioides",9,"B",107,1,4,0,4,4,107,428,428,4.5,4.85333333333333
"Kunjin","K.Pogn.N10","N","Podotheca.gnaphalioides",10,"R",55,1,2,0,2,2,55,110,110,4.78,1.73333333333333
"Kunjin","K.Pogn.N10","N","Podotheca.gnaphalioides",10,"G",NA,NA,NA,NA,NA,NA,NA,NA,NA,4.78,1.73333333333333
"Kunjin","K.Pogn.N10","N","Podotheca.gnaphalioides",10,"B",39,1,2,0,2,2,39,78,78,4.78,1.73333333333333
"Kunjin","K.Pogn.N11","N","Podotheca.gnaphalioides",11,"R",101,1,5,0,5,5,101,505,505,4.73,13.52
"Kunjin","K.Pogn.N11","N","Podotheca.gnaphalioides",11,"G",NA,NA,NA,NA,NA,NA,NA,NA,NA,4.73,13.52
"Kunjin","K.Pogn.N11","N","Podotheca.gnaphalioides",11,"B",59,1,4,0,4,4,59,236,236,4.73,13.52
"Kunjin","K.Pogn.N12","N","Podotheca.gnaphalioides",12,"R",NA,NA,NA,NA,NA,NA,NA,NA,NA,5.47,12.48
"Kunjin","K.Pogn.N12","N","Podotheca.gnaphalioides",12,"G",NA,NA,NA,NA,NA,NA,NA,NA,NA,5.47,12.48
"Kunjin","K.Pogn.N12","N","Podotheca.gnaphalioides",12,"B",191,1,3,0,3,3,191,573,573,5.47,12.48
"Kunjin","K.Pogn.N13","N","Podotheca.gnaphalioides",13,"R",30,1,6,0,6,6,30,180,180,5.38,27.04
"Kunjin","K.Pogn.N13","N","Podotheca.gnaphalioides",13,"G",23,1,1,0,1,1,23,23,23,5.38,27.04
"Kunjin","K.Pogn.N13","N","Podotheca.gnaphalioides",13,"B",26,1,4,0,4,4,26,104,104,5.38,27.04
"Kunjin","K.Pogn.N14","N","Podotheca.gnaphalioides",14,"R",126,1,1,0,1,1,126,126,126,4.92,3.46666666666667
"Kunjin","K.Pogn.N14","N","Podotheca.gnaphalioides",14,"G",NA,NA,NA,NA,NA,NA,NA,NA,NA,4.92,3.46666666666667
"Kunjin","K.Pogn.N14","N","Podotheca.gnaphalioides",14,"B",58,1,3,0,3,3,58,174,174,4.92,3.46666666666667
"Kunjin","K.Pogn.N15","N","Podotheca.gnaphalioides",15,"R",123,1,2,0,2,2,123,246,246,4.5,25.3066666666667
"Kunjin","K.Pogn.N15","N","Podotheca.gnaphalioides",15,"G",NA,NA,NA,NA,NA,NA,NA,NA,NA,4.5,25.3066666666667
"Kunjin","K.Pogn.N15","N","Podotheca.gnaphalioides",15,"B",NA,NA,NA,NA,NA,NA,NA,NA,NA,4.5,25.3066666666667
"Kunjin","K.Tror.E1","E","Trachymene.cyanopetala",1,"R",120,1,15,0,15,1,120,120,120,4.71,9.36
"Kunjin","K.Tror.E1","E","Trachymene.cyanopetala",1,"G",26,1,5,0,5,1,26,26,26,4.71,9.36
"Kunjin","K.Tror.E1","E","Trachymene.cyanopetala",1,"B",41,1,5,0,5,1,41,41,41,4.71,9.36
"Kunjin","K.Tror.E2","E","Trachymene.cyanopetala",2,"R",50,1,3,0,3,1,50,50,50,5.54,16.9866666666667
"Kunjin","K.Tror.E2","E","Trachymene.cyanopetala",2,"G",29,1,5,0,5,1,29,29,29,5.54,16.9866666666667
"Kunjin","K.Tror.E2","E","Trachymene.cyanopetala",2,"B",NA,NA,NA,NA,NA,1,NA,NA,NA,5.54,16.9866666666667
"Kunjin","K.Tror.E3","E","Trachymene.cyanopetala",3,"R",136,1,20,0,20,1,136,136,136,5.79,8.32
"Kunjin","K.Tror.E3","E","Trachymene.cyanopetala",3,"G",215,1,5,0,5,1,215,215,215,5.79,8.32
"Kunjin","K.Tror.E3","E","Trachymene.cyanopetala",3,"B",32,1,2,0,2,1,32,32,32,5.79,8.32
"Kunjin","K.Tror.E4","E","Trachymene.cyanopetala",4,"R",140,1,20,0,20,1,140,140,140,5.31,4.50666666666667
"Kunjin","K.Tror.E4","E","Trachymene.cyanopetala",4,"G",130,1,20,0,20,1,130,130,130,5.31,4.50666666666667
"Kunjin","K.Tror.E4","E","Trachymene.cyanopetala",4,"B",140,1,30,0,30,1,140,140,140,5.31,4.50666666666667
"Kunjin","K.Tror.E5","E","Trachymene.cyanopetala",5,"R",140,1,10,0,10,1,140,140,140,4.54,0.346666666666667
"Kunjin","K.Tror.E5","E","Trachymene.cyanopetala",5,"G",32,1,5,0,5,1,32,32,32,4.54,0.346666666666667
"Kunjin","K.Tror.E5","E","Trachymene.cyanopetala",5,"B",75,1,15,0,15,1,75,75,75,4.54,0.346666666666667
"Kunjin","K.Tror.E6","E","Trachymene.cyanopetala",6,"R",16,1,15,0,15,1,16,16,16,4.91,10.0533333333333
"Kunjin","K.Tror.E6","E","Trachymene.cyanopetala",6,"G",18,1,NA,NA,NA,1,18,18,18,4.91,10.0533333333333
"Kunjin","K.Tror.E6","E","Trachymene.cyanopetala",6,"B",NA,NA,NA,NA,NA,1,NA,NA,NA,4.91,10.0533333333333
"Kunjin","K.Tror.E7","E","Trachymene.cyanopetala",7,"R",14,1,2,0,2,1,14,14,14,5.25,3.46666666666667
"Kunjin","K.Tror.E7","E","Trachymene.cyanopetala",7,"G",NA,NA,4,0,4,1,NA,NA,NA,5.25,3.46666666666667
"Kunjin","K.Tror.E7","E","Trachymene.cyanopetala",7,"B",10,1,4,0,4,1,10,10,10,5.25,3.46666666666667
"Kunjin","K.Tror.E8","E","Trachymene.cyanopetala",8,"R",24,1,6,0,6,1,24,24,24,4.74,19.76
"Kunjin","K.Tror.E8","E","Trachymene.cyanopetala",8,"G",67,1,12,0,12,1,67,67,67,4.74,19.76
"Kunjin","K.Tror.E8","E","Trachymene.cyanopetala",8,"B",48,1,9,0,9,1,48,48,48,4.74,19.76
"Kunjin","K.Tror.E9","E","Trachymene.cyanopetala",9,"R",9,1,3,0,3,1,9,9,9,5,14.56
"Kunjin","K.Tror.E9","E","Trachymene.cyanopetala",9,"G",NA,NA,NA,NA,NA,1,NA,NA,NA,5,14.56
"Kunjin","K.Tror.E9","E","Trachymene.cyanopetala",9,"B",14,1,2,0,2,1,14,14,14,5,14.56
"Kunjin","K.Tror.E10","E","Trachymene.cyanopetala",10,"R",16,1,1,0,1,1,16,16,16,5.27,4.50666666666667
"Kunjin","K.Tror.E10","E","Trachymene.cyanopetala",10,"G",NA,NA,NA,NA,NA,1,NA,NA,NA,5.27,4.50666666666667
"Kunjin","K.Tror.E10","E","Trachymene.cyanopetala",10,"B",NA,NA,NA,NA,NA,1,NA,NA,NA,5.27,4.50666666666667
"Kunjin","K.Tror.E11","E","Trachymene.cyanopetala",11,"R",200,1,20,0,20,1,200,200,200,5.79,11.44
"Kunjin","K.Tror.E11","E","Trachymene.cyanopetala",11,"G",85,1,30,0,30,1,85,85,85,5.79,11.44
"Kunjin","K.Tror.E11","E","Trachymene.cyanopetala",11,"B",150,1,20,0,20,1,150,150,150,5.79,11.44
"Kunjin","K.Tror.E12","E","Trachymene.cyanopetala",12,"R",60,1,20,0,20,1,60,60,60,5.1,0
"Kunjin","K.Tror.E12","E","Trachymene.cyanopetala",12,"G",35,1,5,0,5,1,35,35,35,5.1,0
"Kunjin","K.Tror.E12","E","Trachymene.cyanopetala",12,"B",45,1,15,0,15,1,45,45,45,5.1,0
"Kunjin","K.Tror.E13","E","Trachymene.cyanopetala",13,"R",40,1,10,0,10,1,40,40,40,5.66,1.73333333333333
"Kunjin","K.Tror.E13","E","Trachymene.cyanopetala",13,"G",28,1,25,0,25,1,28,28,28,5.66,1.73333333333333
"Kunjin","K.Tror.E13","E","Trachymene.cyanopetala",13,"B",46,1,15,0,15,1,46,46,46,5.66,1.73333333333333
"Kunjin","K.Tror.E14","E","Trachymene.cyanopetala",14,"R",70,1,10,0,10,1,70,70,70,5.47,1.73333333333333
"Kunjin","K.Tror.E14","E","Trachymene.cyanopetala",14,"G",80,1,15,0,15,1,80,80,80,5.47,1.73333333333333
"Kunjin","K.Tror.E14","E","Trachymene.cyanopetala",14,"B",NA,NA,10,0,10,1,NA,NA,NA,5.47,1.73333333333333
"Kunjin","K.Tror.E15","E","Trachymene.cyanopetala",15,"R",NA,NA,NA,NA,NA,1,NA,NA,NA,4.96,3.12
"Kunjin","K.Tror.E15","E","Trachymene.cyanopetala",15,"G",NA,NA,NA,NA,NA,1,NA,NA,NA,4.96,3.12
"Kunjin","K.Tror.E15","E","Trachymene.cyanopetala",15,"B",11,1,3,0,3,1,11,11,11,4.96,3.12
"Kunjin","K.Tror.M1","M","Trachymene.cyanopetala",1,"R",40,1,NA,0,NA,1,40,40,40,4.91,30.5066666666667
"Kunjin","K.Tror.M1","M","Trachymene.cyanopetala",1,"G",33,1,NA,0,NA,1,33,33,33,4.91,30.5066666666667
"Kunjin","K.Tror.M1","M","Trachymene.cyanopetala",1,"B",65,1,NA,0,NA,1,65,65,65,4.91,30.5066666666667
"Kunjin","K.Tror.M2","M","Trachymene.cyanopetala",2,"R",55,1,NA,0,NA,1,55,55,55,4.76,1.38666666666667
"Kunjin","K.Tror.M2","M","Trachymene.cyanopetala",2,"G",50,1,NA,0,NA,1,50,50,50,4.76,1.38666666666667
"Kunjin","K.Tror.M2","M","Trachymene.cyanopetala",2,"B",50,1,NA,0,NA,1,50,50,50,4.76,1.38666666666667
"Kunjin","K.Tror.M3","M","Trachymene.cyanopetala",3,"R",7,1,NA,0,NA,1,7,7,7,5.45,1.38666666666667
"Kunjin","K.Tror.M3","M","Trachymene.cyanopetala",3,"G",7,1,NA,0,NA,1,7,7,7,5.45,1.38666666666667
"Kunjin","K.Tror.M3","M","Trachymene.cyanopetala",3,"B",70,1,NA,0,NA,1,70,70,70,5.45,1.38666666666667
"Kunjin","K.Tror.M4","M","Trachymene.cyanopetala",4,"R",170,1,NA,0,NA,1,170,170,170,5.25,2.08
"Kunjin","K.Tror.M4","M","Trachymene.cyanopetala",4,"G",70,1,NA,0,NA,1,70,70,70,5.25,2.08
"Kunjin","K.Tror.M4","M","Trachymene.cyanopetala",4,"B",50,1,NA,0,NA,1,50,50,50,5.25,2.08
"Kunjin","K.Tror.M5","M","Trachymene.cyanopetala",5,"R",30,1,NA,0,NA,1,30,30,30,4.9,11.0933333333333
"Kunjin","K.Tror.M5","M","Trachymene.cyanopetala",5,"G",100,1,NA,0,NA,1,100,100,100,4.9,11.0933333333333
"Kunjin","K.Tror.M5","M","Trachymene.cyanopetala",5,"B",70,1,NA,0,NA,1,70,70,70,4.9,11.0933333333333
"Kunjin","K.Tror.N1","N","Trachymene.cyanopetala",1,"R",90,1,5,0,5,1,90,90,90,4.91,0
"Kunjin","K.Tror.N1","N","Trachymene.cyanopetala",1,"G",10,1,10,0,10,1,10,10,10,4.91,0
"Kunjin","K.Tror.N1","N","Trachymene.cyanopetala",1,"B",15,1,10,0,10,1,15,15,15,4.91,0
"Kunjin","K.Tror.N2","N","Trachymene.cyanopetala",2,"R",10,1,5,0,5,1,10,10,10,4.83,9.01333333333333
"Kunjin","K.Tror.N2","N","Trachymene.cyanopetala",2,"G",13,1,5,0,5,1,13,13,13,4.83,9.01333333333333
"Kunjin","K.Tror.N2","N","Trachymene.cyanopetala",2,"B",20,1,5,0,5,1,20,20,20,4.83,9.01333333333333
"Kunjin","K.Tror.N3","N","Trachymene.cyanopetala",3,"R",20,1,15,0,15,1,20,20,20,5.33,11.44
"Kunjin","K.Tror.N3","N","Trachymene.cyanopetala",3,"G",12,1,5,0,5,1,12,12,12,5.33,11.44
"Kunjin","K.Tror.N3","N","Trachymene.cyanopetala",3,"B",27,1,5,0,5,1,27,27,27,5.33,11.44
"Kunjin","K.Tror.N4","N","Trachymene.cyanopetala",4,"R",120,1,NA,0,NA,1,120,120,120,5.06,21.84
"Kunjin","K.Tror.N4","N","Trachymene.cyanopetala",4,"G",100,1,NA,0,NA,1,100,100,100,5.06,21.84
"Kunjin","K.Tror.N4","N","Trachymene.cyanopetala",4,"B",48,1,NA,0,NA,1,48,48,48,5.06,21.84
"Kunjin","K.Tror.N5","N","Trachymene.cyanopetala",5,"R",25,1,10,0,10,1,25,25,25,5.4,5.89333333333333
"Kunjin","K.Tror.N5","N","Trachymene.cyanopetala",5,"G",38,1,20,0,20,1,38,38,38,5.4,5.89333333333333
"Kunjin","K.Tror.N5","N","Trachymene.cyanopetala",5,"B",40,1,20,0,20,1,40,40,40,5.4,5.89333333333333
"Kunjin","K.Tror.N6","N","Trachymene.cyanopetala",6,"R",15,1,20,0,20,1,15,15,15,5.18,9.70666666666667
"Kunjin","K.Tror.N6","N","Trachymene.cyanopetala",6,"G",70,1,20,0,20,1,70,70,70,5.18,9.70666666666667
"Kunjin","K.Tror.N6","N","Trachymene.cyanopetala",6,"B",110,1,20,0,20,1,110,110,110,5.18,9.70666666666667
"Kunjin","K.Tror.N7","N","Trachymene.cyanopetala",7,"R",70,1,5,0,5,1,70,70,70,4.72,12.1333333333333
"Kunjin","K.Tror.N7","N","Trachymene.cyanopetala",7,"G",50,1,4,0,4,1,50,50,50,4.72,12.1333333333333
"Kunjin","K.Tror.N7","N","Trachymene.cyanopetala",7,"B",20,1,4,0,4,1,20,20,20,4.72,12.1333333333333
"Kunjin","K.Tror.N8","N","Trachymene.cyanopetala",8,"R",110,1,10,0,10,1,110,110,110,5.18,5.54666666666667
"Kunjin","K.Tror.N8","N","Trachymene.cyanopetala",8,"G",80,1,5,0,5,1,80,80,80,5.18,5.54666666666667
"Kunjin","K.Tror.N8","N","Trachymene.cyanopetala",8,"B",30,1,15,0,15,1,30,30,30,5.18,5.54666666666667
"Kunjin","K.Tror.N9","N","Trachymene.cyanopetala",9,"R",15,1,3,0,3,1,15,15,15,5.12,7.97333333333333
"Kunjin","K.Tror.N9","N","Trachymene.cyanopetala",9,"G",10,1,3,0,3,1,10,10,10,5.12,7.97333333333333
"Kunjin","K.Tror.N9","N","Trachymene.cyanopetala",9,"B",20,1,3,0,3,1,20,20,20,5.12,7.97333333333333
"Kunjin","K.Tror.N10","N","Trachymene.cyanopetala",10,"R",70,1,NA,0,NA,1,70,70,70,5.24,17.3333333333333
"Kunjin","K.Tror.N10","N","Trachymene.cyanopetala",10,"G",18,1,NA,0,NA,1,18,18,18,5.24,17.3333333333333
"Kunjin","K.Tror.N10","N","Trachymene.cyanopetala",10,"B",23,1,NA,0,NA,1,23,23,23,5.24,17.3333333333333
"Kunjin","K.Tror.N11","N","Trachymene.cyanopetala",11,"R",70,1,10,0,10,1,70,70,70,4.88,10.0533333333333
"Kunjin","K.Tror.N11","N","Trachymene.cyanopetala",11,"G",15,1,5,0,5,1,15,15,15,4.88,10.0533333333333
"Kunjin","K.Tror.N11","N","Trachymene.cyanopetala",11,"B",65,1,20,0,20,1,65,65,65,4.88,10.0533333333333
"Kunjin","K.Tror.N12","N","Trachymene.cyanopetala",12,"R",100,1,8,0,8,1,100,100,100,4.73,39.52
"Kunjin","K.Tror.N12","N","Trachymene.cyanopetala",12,"G",55,1,5,0,5,1,55,55,55,4.73,39.52
"Kunjin","K.Tror.N12","N","Trachymene.cyanopetala",12,"B",60,1,10,0,10,1,60,60,60,4.73,39.52
"Kunjin","K.Tror.N13","N","Trachymene.cyanopetala",13,"R",12,1,3,0,3,1,12,12,12,4.94,5.89333333333333
"Kunjin","K.Tror.N13","N","Trachymene.cyanopetala",13,"G",45,1,15,0,15,1,45,45,45,4.94,5.89333333333333
"Kunjin","K.Tror.N13","N","Trachymene.cyanopetala",13,"B",25,1,25,0,25,1,25,25,25,4.94,5.89333333333333
"Kunjin","K.Tror.N14","N","Trachymene.cyanopetala",14,"R",110,1,20,0,20,1,110,110,110,4.81,16.64
"Kunjin","K.Tror.N14","N","Trachymene.cyanopetala",14,"G",20,1,30,0,30,1,20,20,20,4.81,16.64
"Kunjin","K.Tror.N14","N","Trachymene.cyanopetala",14,"B",90,1,15,0,15,1,90,90,90,4.81,16.64
"Kunjin","K.Tror.N15","N","Trachymene.cyanopetala",15,"R",30,1,8,0,8,1,30,30,30,4.87,2.08
"Kunjin","K.Tror.N15","N","Trachymene.cyanopetala",15,"G",20,1,5,0,5,1,20,20,20,4.87,2.08
"Kunjin","K.Tror.N15","N","Trachymene.cyanopetala",15,"B",70,1,10,0,10,1,70,70,70,4.87,2.08
"Kunjin","K.Uran.E1","E","Ursinia.anthemoides",1,"R",30,1,3,0,3,3,30,90,90,5.62,2.08
"Kunjin","K.Uran.E1","E","Ursinia.anthemoides",1,"G",NA,NA,3,0,3,3,NA,NA,NA,5.62,2.08
"Kunjin","K.Uran.E1","E","Ursinia.anthemoides",1,"B",25,1,4,0,4,4,25,100,100,5.62,2.08
"Kunjin","K.Uran.E2","E","Ursinia.anthemoides",2,"R",37,1,15,0,15,15,37,555,555,6.2,66.2133333333333
"Kunjin","K.Uran.E2","E","Ursinia.anthemoides",2,"G",34,1,4,0,4,4,34,136,136,6.2,66.2133333333333
"Kunjin","K.Uran.E2","E","Ursinia.anthemoides",2,"B",51,1,10,0,10,10,51,510,510,6.2,66.2133333333333
"Kunjin","K.Uran.E3","E","Ursinia.anthemoides",3,"R",42,1,2,0,2,2,42,84,84,6.1,43.68
"Kunjin","K.Uran.E3","E","Ursinia.anthemoides",3,"G",NA,NA,NA,NA,NA,NA,NA,NA,NA,6.1,43.68
"Kunjin","K.Uran.E3","E","Ursinia.anthemoides",3,"B",19,1,10,0,10,10,19,190,190,6.1,43.68
"Kunjin","K.Uran.E4","E","Ursinia.anthemoides",4,"R",19,1,3,0,3,3,19,57,57,4.65,57.5466666666667
"Kunjin","K.Uran.E4","E","Ursinia.anthemoides",4,"G",18,1,5,0,5,5,18,90,90,4.65,57.5466666666667
"Kunjin","K.Uran.E4","E","Ursinia.anthemoides",4,"B",17,1,4,0,4,4,17,68,68,4.65,57.5466666666667
"Kunjin","K.Uran.E5","E","Ursinia.anthemoides",5,"R",49,1,6,0,6,6,49,294,294,5.39,20.1066666666667
"Kunjin","K.Uran.E5","E","Ursinia.anthemoides",5,"G",8,1,3,0,3,3,8,24,24,5.39,20.1066666666667
"Kunjin","K.Uran.E5","E","Ursinia.anthemoides",5,"B",7,1,10,0,10,10,7,70,70,5.39,20.1066666666667
"Kunjin","K.Uran.E6","E","Ursinia.anthemoides",6,"R",11,1,2,0,2,2,11,22,22,4.48,15.2533333333333
"Kunjin","K.Uran.E6","E","Ursinia.anthemoides",6,"G",26,1,2,0,2,2,26,52,52,4.48,15.2533333333333
"Kunjin","K.Uran.E6","E","Ursinia.anthemoides",6,"B",10,1,4,0,4,4,10,40,40,4.48,15.2533333333333
"Kunjin","K.Uran.E7","E","Ursinia.anthemoides",7,"R",22,1,3,0,3,3,22,66,66,5.43,50.6133333333333
"Kunjin","K.Uran.E7","E","Ursinia.anthemoides",7,"G",15,1,1,0,1,1,15,15,15,5.43,50.6133333333333
"Kunjin","K.Uran.E7","E","Ursinia.anthemoides",7,"B",32,1,3,0,3,3,32,96,96,5.43,50.6133333333333
"Kunjin","K.Uran.E8","E","Ursinia.anthemoides",8,"R",14,1,10,0,10,10,14,140,140,6.06,52.6933333333333
"Kunjin","K.Uran.E8","E","Ursinia.anthemoides",8,"G",32,1,2,0,2,2,32,64,64,6.06,52.6933333333333
"Kunjin","K.Uran.E8","E","Ursinia.anthemoides",8,"B",36,1,3,0,3,3,36,108,108,6.06,52.6933333333333
"Kunjin","K.Uran.E9","E","Ursinia.anthemoides",9,"R",NA,NA,5,0,5,5,NA,NA,NA,6.17,27.7333333333333
"Kunjin","K.Uran.E9","E","Ursinia.anthemoides",9,"G",5,1,6,0,6,6,5,30,30,6.17,27.7333333333333
"Kunjin","K.Uran.E9","E","Ursinia.anthemoides",9,"B",73,2,6,0,6,6,36.5,219,219,6.17,27.7333333333333
"Kunjin","K.Uran.E10","E","Ursinia.anthemoides",10,"R",67,1,6,0,6,6,67,402,402,6.05,27.7333333333333
"Kunjin","K.Uran.E10","E","Ursinia.anthemoides",10,"G",26,1,6,0,6,6,26,156,156,6.05,27.7333333333333
"Kunjin","K.Uran.E10","E","Ursinia.anthemoides",10,"B",39,1,7,0,7,7,39,273,273,6.05,27.7333333333333
"Kunjin","K.Uran.E11","E","Ursinia.anthemoides",11,"R",34,1,9,0,9,9,34,306,306,6.04,37.44
"Kunjin","K.Uran.E11","E","Ursinia.anthemoides",11,"G",34,1,11,0,11,11,34,374,374,6.04,37.44
"Kunjin","K.Uran.E11","E","Ursinia.anthemoides",11,"B",56,1,2,0,2,2,56,112,112,6.04,37.44
"Kunjin","K.Uran.E12","E","Ursinia.anthemoides",12,"R",41,1,5,0,5,5,41,205,205,5.67,30.5066666666667
"Kunjin","K.Uran.E12","E","Ursinia.anthemoides",12,"G",24,1,5,0,5,5,24,120,120,5.67,30.5066666666667
"Kunjin","K.Uran.E12","E","Ursinia.anthemoides",12,"B",11,1,4,0,4,4,11,44,44,5.67,30.5066666666667
"Kunjin","K.Uran.E13","E","Ursinia.anthemoides",13,"R",18,1,3,0,3,3,18,54,54,5.81,29.12
"Kunjin","K.Uran.E13","E","Ursinia.anthemoides",13,"G",46,1,30,0,30,30,46,1380,1380,5.81,29.12
"Kunjin","K.Uran.E13","E","Ursinia.anthemoides",13,"B",NA,NA,NA,NA,NA,NA,NA,NA,NA,5.81,29.12
"Kunjin","K.Uran.E14","E","Ursinia.anthemoides",14,"R",9,1,3,0,3,3,9,27,27,5.63,12.48
"Kunjin","K.Uran.E14","E","Ursinia.anthemoides",14,"G",45,1,30,0,30,30,45,1350,1350,5.63,12.48
"Kunjin","K.Uran.E14","E","Ursinia.anthemoides",14,"B",4,1,NA,0,NA,NA,4,NA,NA,5.63,12.48
"Kunjin","K.Uran.E15","E","Ursinia.anthemoides",15,"R",23,1,8,0,8,8,23,184,184,5.13,4.50666666666667
"Kunjin","K.Uran.E15","E","Ursinia.anthemoides",15,"G",23,1,5,0,5,5,23,115,115,5.13,4.50666666666667
"Kunjin","K.Uran.E15","E","Ursinia.anthemoides",15,"B",NA,NA,NA,NA,NA,NA,NA,NA,NA,5.13,4.50666666666667
"Kunjin","K.Uran.M1","M","Ursinia.anthemoides",1,"R",16,1,2,0,2,2,16,32,32,5.47,9.01333333333333
"Kunjin","K.Uran.M1","M","Ursinia.anthemoides",1,"G",20,1,1,0,1,1,20,20,20,5.47,9.01333333333333
"Kunjin","K.Uran.M1","M","Ursinia.anthemoides",1,"B",10,1,4,0,4,4,10,40,40,5.47,9.01333333333333
"Kunjin","K.Uran.M2","M","Ursinia.anthemoides",2,"R",NA,NA,NA,0,NA,NA,NA,NA,NA,5.23,48.5333333333333
"Kunjin","K.Uran.M2","M","Ursinia.anthemoides",2,"G",NA,NA,NA,0,NA,NA,NA,NA,NA,5.23,48.5333333333333
"Kunjin","K.Uran.M2","M","Ursinia.anthemoides",2,"B",44,1,NA,0,NA,NA,44,NA,NA,5.23,48.5333333333333
"Kunjin","K.Uran.M3","M","Ursinia.anthemoides",3,"R",NA,NA,NA,0,NA,NA,NA,NA,NA,5.15,41.6
"Kunjin","K.Uran.M3","M","Ursinia.anthemoides",3,"G",79,2,NA,0,NA,NA,39.5,NA,NA,5.15,41.6
"Kunjin","K.Uran.M3","M","Ursinia.anthemoides",3,"B",NA,NA,NA,0,NA,NA,NA,NA,NA,5.15,41.6
"Kunjin","K.Uran.M4","M","Ursinia.anthemoides",4,"R",NA,NA,NA,0,NA,NA,NA,NA,NA,5.76,49.92
"Kunjin","K.Uran.M4","M","Ursinia.anthemoides",4,"G",14,1,NA,0,NA,NA,14,NA,NA,5.76,49.92
"Kunjin","K.Uran.M4","M","Ursinia.anthemoides",4,"B",NA,NA,NA,0,NA,NA,NA,NA,NA,5.76,49.92
"Kunjin","K.Uran.M5","M","Ursinia.anthemoides",5,"R",17,1,NA,0,NA,NA,17,NA,NA,4.67,21.4933333333333
"Kunjin","K.Uran.M5","M","Ursinia.anthemoides",5,"G",52,1,NA,0,NA,NA,52,NA,NA,4.67,21.4933333333333
"Kunjin","K.Uran.M5","M","Ursinia.anthemoides",5,"B",23,1,NA,0,NA,NA,23,NA,NA,4.67,21.4933333333333
"Kunjin","K.Uran.N1","N","Ursinia.anthemoides",1,"R",NA,NA,NA,NA,NA,NA,NA,NA,NA,4.57,7.62666666666667
"Kunjin","K.Uran.N1","N","Ursinia.anthemoides",1,"G",NA,NA,NA,NA,NA,NA,NA,NA,NA,4.57,7.62666666666667
"Kunjin","K.Uran.N1","N","Ursinia.anthemoides",1,"B",14,1,3,0,3,3,14,42,42,4.57,7.62666666666667
"Kunjin","K.Uran.N2","N","Ursinia.anthemoides",2,"R",21,1,2,0,2,2,21,42,42,5,8.66666666666667
"Kunjin","K.Uran.N2","N","Ursinia.anthemoides",2,"G",20,1,1,0,1,1,20,20,20,5,8.66666666666667
"Kunjin","K.Uran.N2","N","Ursinia.anthemoides",2,"B",15,1,1,0,1,1,15,15,15,5,8.66666666666667
"Kunjin","K.Uran.N3","N","Ursinia.anthemoides",3,"R",10,1,4,0,4,4,10,40,40,4.97,3.46666666666667
"Kunjin","K.Uran.N3","N","Ursinia.anthemoides",3,"G",47,1,4,0,4,4,47,188,188,4.97,3.46666666666667
"Kunjin","K.Uran.N3","N","Ursinia.anthemoides",3,"B",15,1,3,0,3,3,15,45,45,4.97,3.46666666666667
"Kunjin","K.Uran.N4","N","Ursinia.anthemoides",4,"R",44,1,2,0,2,2,44,88,88,4.96,13.8666666666667
"Kunjin","K.Uran.N4","N","Ursinia.anthemoides",4,"G",21,1,3,0,3,3,21,63,63,4.96,13.8666666666667
"Kunjin","K.Uran.N4","N","Ursinia.anthemoides",4,"B",10,1,2,0,2,2,10,20,20,4.96,13.8666666666667
"Kunjin","K.Uran.N5","N","Ursinia.anthemoides",5,"R",31,1,4,0,4,4,31,124,124,5.04,26.6933333333333
"Kunjin","K.Uran.N5","N","Ursinia.anthemoides",5,"G",10,1,5,0,5,5,10,50,50,5.04,26.6933333333333
"Kunjin","K.Uran.N5","N","Ursinia.anthemoides",5,"B",48,1,6,0,6,6,48,288,288,5.04,26.6933333333333
"Kunjin","K.Uran.N6","N","Ursinia.anthemoides",6,"R",18,1,2,0,2,2,18,36,36,5,7.28
"Kunjin","K.Uran.N6","N","Ursinia.anthemoides",6,"G",NA,NA,NA,NA,NA,NA,NA,NA,NA,5,7.28
"Kunjin","K.Uran.N6","N","Ursinia.anthemoides",6,"B",5,1,2,0,2,2,5,10,10,5,7.28
"Kunjin","K.Uran.N7","N","Ursinia.anthemoides",7,"R",48,1,2,0,2,2,48,96,96,4.93,7.97333333333333
"Kunjin","K.Uran.N7","N","Ursinia.anthemoides",7,"G",10,1,2,0,2,2,10,20,20,4.93,7.97333333333333
"Kunjin","K.Uran.N7","N","Ursinia.anthemoides",7,"B",NA,NA,NA,NA,NA,NA,NA,NA,NA,4.93,7.97333333333333
"Kunjin","K.Uran.N8","N","Ursinia.anthemoides",8,"R",20,1,3,0,3,3,20,60,60,5.53,33.28
"Kunjin","K.Uran.N8","N","Ursinia.anthemoides",8,"G",12,1,2,0,2,2,12,24,24,5.53,33.28
"Kunjin","K.Uran.N8","N","Ursinia.anthemoides",8,"B",20,1,3,0,3,3,20,60,60,5.53,33.28
"Kunjin","K.Uran.N9","N","Ursinia.anthemoides",9,"R",26,1,3,0,3,3,26,78,78,5.16,15.2533333333333
"Kunjin","K.Uran.N9","N","Ursinia.anthemoides",9,"G",2,1,2,0,2,2,2,4,4,5.16,15.2533333333333
"Kunjin","K.Uran.N9","N","Ursinia.anthemoides",9,"B",37,1,4,0,4,4,37,148,148,5.16,15.2533333333333
"Kunjin","K.Uran.N10","N","Ursinia.anthemoides",10,"R",NA,NA,NA,NA,NA,NA,NA,NA,NA,5.33,13.1733333333333
"Kunjin","K.Uran.N10","N","Ursinia.anthemoides",10,"G",59,1,3,0,3,3,59,177,177,5.33,13.1733333333333
"Kunjin","K.Uran.N10","N","Ursinia.anthemoides",10,"B",NA,NA,NA,NA,NA,NA,NA,NA,NA,5.33,13.1733333333333
"Kunjin","K.Uran.N11","N","Ursinia.anthemoides",11,"R",NA,NA,NA,NA,NA,NA,NA,NA,NA,5.22,9.01333333333333
"Kunjin","K.Uran.N11","N","Ursinia.anthemoides",11,"G",65,1,9,0,9,9,65,585,585,5.22,9.01333333333333
"Kunjin","K.Uran.N11","N","Ursinia.anthemoides",11,"B",3,1,2,0,2,2,3,6,6,5.22,9.01333333333333
"Kunjin","K.Uran.N12","N","Ursinia.anthemoides",12,"R",33,1,3,0,3,3,33,99,99,4.75,11.7866666666667
"Kunjin","K.Uran.N12","N","Ursinia.anthemoides",12,"G",NA,NA,NA,NA,NA,NA,NA,NA,NA,4.75,11.7866666666667
"Kunjin","K.Uran.N12","N","Ursinia.anthemoides",12,"B",43,1,2,0,2,2,43,86,86,4.75,11.7866666666667
"Kunjin","K.Uran.N13","N","Ursinia.anthemoides",13,"R",24,1,4,0,4,4,24,96,96,4.59,21.1466666666667
"Kunjin","K.Uran.N13","N","Ursinia.anthemoides",13,"G",49,1,10,0,10,10,49,490,490,4.59,21.1466666666667
"Kunjin","K.Uran.N13","N","Ursinia.anthemoides",13,"B",45,1,5,0,5,5,45,225,225,4.59,21.1466666666667
"Kunjin","K.Uran.N14","N","Ursinia.anthemoides",14,"R",NA,NA,NA,NA,NA,NA,NA,NA,NA,5.16,4.85333333333333
"Kunjin","K.Uran.N14","N","Ursinia.anthemoides",14,"G",NA,NA,NA,NA,NA,NA,NA,NA,NA,5.16,4.85333333333333
"Kunjin","K.Uran.N14","N","Ursinia.anthemoides",14,"B",25,1,4,0,4,4,25,100,100,5.16,4.85333333333333
"Kunjin","K.Uran.N15","N","Ursinia.anthemoides",15,"R",NA,NA,NA,NA,NA,NA,NA,NA,NA,5.07,16.64
"Kunjin","K.Uran.N15","N","Ursinia.anthemoides",15,"G",NA,NA,NA,NA,NA,NA,NA,NA,NA,5.07,16.64
"Kunjin","K.Uran.N15","N","Ursinia.anthemoides",15,"B",37,1,20,0,20,20,37,740,740,5.07,16.64
"Kunjin","K.Waac.E1","E","Waitzia.acuminata",1,"R",28,1,10,0,10,10,28,280,280,5.96,13.52
"Kunjin","K.Waac.E1","E","Waitzia.acuminata",1,"G",47,1,15,0,15,15,47,705,705,5.96,13.52
"Kunjin","K.Waac.E1","E","Waitzia.acuminata",1,"B",50,1,10,0,10,10,50,500,500,5.96,13.52
"Kunjin","K.Waac.E2","E","Waitzia.acuminata",2,"R",49,1,20,0,20,20,49,980,980,5.74,20.8
"Kunjin","K.Waac.E2","E","Waitzia.acuminata",2,"G",42,1,1,0,1,1,42,42,42,5.74,20.8
"Kunjin","K.Waac.E2","E","Waitzia.acuminata",2,"B",48,1,10,0,10,10,48,480,480,5.74,20.8
"Kunjin","K.Waac.E3","E","Waitzia.acuminata",3,"R",NA,NA,10,0,10,10,NA,NA,NA,5.51,7.97333333333333
"Kunjin","K.Waac.E3","E","Waitzia.acuminata",3,"G",56,1,5,0,5,5,56,280,280,5.51,7.97333333333333
"Kunjin","K.Waac.E3","E","Waitzia.acuminata",3,"B",69,1,8,0,8,8,69,552,552,5.51,7.97333333333333
"Kunjin","K.Waac.E4","E","Waitzia.acuminata",4,"R",38,1,10,0,10,10,38,380,380,5.14,4.16
"Kunjin","K.Waac.E4","E","Waitzia.acuminata",4,"G",58,1,20,0,20,20,58,1160,1160,5.14,4.16
"Kunjin","K.Waac.E4","E","Waitzia.acuminata",4,"B",61,1,15,0,15,15,61,915,915,5.14,4.16
"Kunjin","K.Waac.E5","E","Waitzia.acuminata",5,"R",25,1,4,0,4,4,25,100,100,4.69,4.16
"Kunjin","K.Waac.E5","E","Waitzia.acuminata",5,"G",46,1,8,0,8,8,46,368,368,4.69,4.16
"Kunjin","K.Waac.E5","E","Waitzia.acuminata",5,"B",46,1,12,0,12,12,46,552,552,4.69,4.16
"Kunjin","K.Waac.E6","E","Waitzia.acuminata",6,"R",40,1,10,0,10,10,40,400,400,4.71,1.04
"Kunjin","K.Waac.E6","E","Waitzia.acuminata",6,"G",37,1,15,0,15,15,37,555,555,4.71,1.04
"Kunjin","K.Waac.E6","E","Waitzia.acuminata",6,"B",53,1,6,0,6,6,53,318,318,4.71,1.04
"Kunjin","K.Waac.E7","E","Waitzia.acuminata",7,"R",59,1,10,0,10,10,59,590,590,5.08,2.08
"Kunjin","K.Waac.E7","E","Waitzia.acuminata",7,"G",43,1,5,0,5,5,43,215,215,5.08,2.08
"Kunjin","K.Waac.E7","E","Waitzia.acuminata",7,"B",44,1,10,0,10,10,44,440,440,5.08,2.08
"Kunjin","K.Waac.E8","E","Waitzia.acuminata",8,"R",23,1,4,0,4,4,23,92,92,4.72,10.7466666666667
"Kunjin","K.Waac.E8","E","Waitzia.acuminata",8,"G",36,1,5,0,5,5,36,180,180,4.72,10.7466666666667
"Kunjin","K.Waac.E8","E","Waitzia.acuminata",8,"B",31,1,8,0,8,8,31,248,248,4.72,10.7466666666667
"Kunjin","K.Waac.E9","E","Waitzia.acuminata",9,"R",60,1,33,0,33,33,60,1980,1980,5.72,16.9866666666667
"Kunjin","K.Waac.E9","E","Waitzia.acuminata",9,"G",51,1,4,0,4,4,51,204,204,5.72,16.9866666666667
"Kunjin","K.Waac.E9","E","Waitzia.acuminata",9,"B",52,1,68,0,68,68,52,3536,3536,5.72,16.9866666666667
"Kunjin","K.Waac.E10","E","Waitzia.acuminata",10,"R",NA,NA,12,0,12,12,NA,NA,NA,5.86,41.2533333333333
"Kunjin","K.Waac.E10","E","Waitzia.acuminata",10,"G",42,1,161,0,161,161,42,6762,6762,5.86,41.2533333333333
"Kunjin","K.Waac.E10","E","Waitzia.acuminata",10,"B",NA,NA,14,0,14,14,NA,NA,NA,5.86,41.2533333333333
"Kunjin","K.Waac.E11","E","Waitzia.acuminata",11,"R",20,1,4,0,4,4,20,80,80,5.58,22.1866666666667
"Kunjin","K.Waac.E11","E","Waitzia.acuminata",11,"G",57,1,42,0,42,42,57,2394,2394,5.58,22.1866666666667
"Kunjin","K.Waac.E11","E","Waitzia.acuminata",11,"B",NA,NA,8,0,8,8,NA,NA,NA,5.58,22.1866666666667
"Kunjin","K.Waac.E12","E","Waitzia.acuminata",12,"R",52,1,13,0,13,13,52,676,676,6.09,31.2
"Kunjin","K.Waac.E12","E","Waitzia.acuminata",12,"G",55,1,33,0,33,33,55,1815,1815,6.09,31.2
"Kunjin","K.Waac.E12","E","Waitzia.acuminata",12,"B",45,1,9,0,9,9,45,405,405,6.09,31.2
"Kunjin","K.Waac.E13","E","Waitzia.acuminata",13,"R",14,1,7,0,7,7,14,98,98,5.93,16.64
"Kunjin","K.Waac.E13","E","Waitzia.acuminata",13,"G",66,1,13,0,13,13,66,858,858,5.93,16.64
"Kunjin","K.Waac.E13","E","Waitzia.acuminata",13,"B",51,1,40,0,40,40,51,2040,2040,5.93,16.64
"Kunjin","K.Waac.E14","E","Waitzia.acuminata",14,"R",NA,NA,NA,NA,NA,NA,NA,NA,NA,5.96,16.64
"Kunjin","K.Waac.E14","E","Waitzia.acuminata",14,"G",54,1,20,0,20,20,54,1080,1080,5.96,16.64
"Kunjin","K.Waac.E14","E","Waitzia.acuminata",14,"B",51,1,40,0,40,40,51,2040,2040,5.96,16.64
"Kunjin","K.Waac.E15","E","Waitzia.acuminata",15,"R",56,1,11,0,11,11,56,616,616,5.67,20.8
"Kunjin","K.Waac.E15","E","Waitzia.acuminata",15,"G",52,1,73,0,73,73,52,3796,3796,5.67,20.8
"Kunjin","K.Waac.E15","E","Waitzia.acuminata",15,"B",47,1,34,0,34,34,47,1598,1598,5.67,20.8
"Kunjin","K.Waac.M1","M","Waitzia.acuminata",1,"R",49,1,12,0,12,12,49,588,588,5.02,11.44
"Kunjin","K.Waac.M1","M","Waitzia.acuminata",1,"G",42,1,14,0,14,14,42,588,588,5.02,11.44
"Kunjin","K.Waac.M1","M","Waitzia.acuminata",1,"B",43,1,8,0,8,8,43,344,344,5.02,11.44
"Kunjin","K.Waac.M2","M","Waitzia.acuminata",2,"R",36,1,16,0,16,16,36,576,576,5.36,3.12
"Kunjin","K.Waac.M2","M","Waitzia.acuminata",2,"G",53,1,11,0,11,11,53,583,583,5.36,3.12
"Kunjin","K.Waac.M2","M","Waitzia.acuminata",2,"B",55,1,41,0,41,41,55,2255,2255,5.36,3.12
"Kunjin","K.Waac.M3","M","Waitzia.acuminata",3,"R",32,1,23,0,23,23,32,736,736,5.52,23.92
"Kunjin","K.Waac.M3","M","Waitzia.acuminata",3,"G",41,1,17,0,17,17,41,697,697,5.52,23.92
"Kunjin","K.Waac.M3","M","Waitzia.acuminata",3,"B",61,1,82,0,82,82,61,5002,5002,5.52,23.92
"Kunjin","K.Waac.M4","M","Waitzia.acuminata",4,"R",51,1,301,0,301,301,51,15351,15351,5.36,26
"Kunjin","K.Waac.M4","M","Waitzia.acuminata",4,"G",42,1,19,0,19,19,42,798,798,5.36,26
"Kunjin","K.Waac.M4","M","Waitzia.acuminata",4,"B",44,1,48,0,48,48,44,2112,2112,5.36,26
"Kunjin","K.Waac.M5","M","Waitzia.acuminata",5,"R",19,1,51,0,51,51,19,969,969,5.3,7.28
"Kunjin","K.Waac.M5","M","Waitzia.acuminata",5,"G",50,1,28,0,28,28,50,1400,1400,5.3,7.28
"Kunjin","K.Waac.M5","M","Waitzia.acuminata",5,"B",53,1,15,0,15,15,53,795,795,5.3,7.28
"Kunjin","K.Waac.N1","N","Waitzia.acuminata",1,"R",45,1,63,0,63,63,45,2835,2835,5.51,13.1733333333333
"Kunjin","K.Waac.N1","N","Waitzia.acuminata",1,"G",24,1,5,0,5,5,24,120,120,5.51,13.1733333333333
"Kunjin","K.Waac.N1","N","Waitzia.acuminata",1,"B",38,1,17,0,17,17,38,646,646,5.51,13.1733333333333
"Kunjin","K.Waac.N2","N","Waitzia.acuminata",2,"R",51,1,25,0,25,25,51,1275,1275,5.04,2.08
"Kunjin","K.Waac.N2","N","Waitzia.acuminata",2,"G",37,1,10,0,10,10,37,370,370,5.04,2.08
"Kunjin","K.Waac.N2","N","Waitzia.acuminata",2,"B",39,1,15,0,15,15,39,585,585,5.04,2.08
"Kunjin","K.Waac.N3","N","Waitzia.acuminata",3,"R",42,1,20,0,20,20,42,840,840,4.67,1.73333333333333
"Kunjin","K.Waac.N3","N","Waitzia.acuminata",3,"G",41,1,15,0,15,15,41,615,615,4.67,1.73333333333333
"Kunjin","K.Waac.N3","N","Waitzia.acuminata",3,"B",54,1,10,0,10,10,54,540,540,4.67,1.73333333333333
"Kunjin","K.Waac.N4","N","Waitzia.acuminata",4,"R",52,1,10,0,10,10,52,520,520,5.5,4.50666666666667
"Kunjin","K.Waac.N4","N","Waitzia.acuminata",4,"G",53,1,20,0,20,20,53,1060,1060,5.5,4.50666666666667
"Kunjin","K.Waac.N4","N","Waitzia.acuminata",4,"B",48,1,15,0,15,15,48,720,720,5.5,4.50666666666667
"Kunjin","K.Waac.N5","N","Waitzia.acuminata",5,"R",43,1,4,0,4,4,43,172,172,5.08,11.44
"Kunjin","K.Waac.N5","N","Waitzia.acuminata",5,"G",31,1,19,0,19,19,31,589,589,5.08,11.44
"Kunjin","K.Waac.N5","N","Waitzia.acuminata",5,"B",46,1,8,0,8,8,46,368,368,5.08,11.44
"Kunjin","K.Waac.N6","N","Waitzia.acuminata",6,"R",44,1,25,0,25,25,44,1100,1100,5.31,5.54666666666667
"Kunjin","K.Waac.N6","N","Waitzia.acuminata",6,"G",34,1,5,0,5,5,34,170,170,5.31,5.54666666666667
"Kunjin","K.Waac.N6","N","Waitzia.acuminata",6,"B",40,1,8,0,8,8,40,320,320,5.31,5.54666666666667
"Kunjin","K.Waac.N7","N","Waitzia.acuminata",7,"R",44,1,4,0,4,4,44,176,176,4.54,9.36
"Kunjin","K.Waac.N7","N","Waitzia.acuminata",7,"G",46,1,5,0,5,5,46,230,230,4.54,9.36
"Kunjin","K.Waac.N7","N","Waitzia.acuminata",7,"B",45,1,6,0,6,6,45,270,270,4.54,9.36
"Kunjin","K.Waac.N8","N","Waitzia.acuminata",8,"R",27,1,11,0,11,11,27,297,297,4.77,29.4666666666667
"Kunjin","K.Waac.N8","N","Waitzia.acuminata",8,"G",34,1,30,0,30,30,34,1020,1020,4.77,29.4666666666667
"Kunjin","K.Waac.N8","N","Waitzia.acuminata",8,"B",47,1,28,0,28,28,47,1316,1316,4.77,29.4666666666667
"Kunjin","K.Waac.N9","N","Waitzia.acuminata",9,"R",44,1,11,0,11,11,44,484,484,5.46,14.2133333333333
"Kunjin","K.Waac.N9","N","Waitzia.acuminata",9,"G",50,1,13,0,13,13,50,650,650,5.46,14.2133333333333
"Kunjin","K.Waac.N9","N","Waitzia.acuminata",9,"B",39,1,6,0,6,6,39,234,234,5.46,14.2133333333333
"Kunjin","K.Waac.N10","N","Waitzia.acuminata",10,"R",32,1,4,0,4,4,32,128,128,4.7,4.85333333333333
"Kunjin","K.Waac.N10","N","Waitzia.acuminata",10,"G",35,1,4,0,4,4,35,140,140,4.7,4.85333333333333
"Kunjin","K.Waac.N10","N","Waitzia.acuminata",10,"B",35,1,2,0,2,2,35,70,70,4.7,4.85333333333333
"Kunjin","K.Waac.N11","N","Waitzia.acuminata",11,"R",29,1,3,0,3,3,29,87,87,5.39,13.1733333333333
"Kunjin","K.Waac.N11","N","Waitzia.acuminata",11,"G",35,1,1,0,1,1,35,35,35,5.39,13.1733333333333
"Kunjin","K.Waac.N11","N","Waitzia.acuminata",11,"B",19,1,7,0,7,7,19,133,133,5.39,13.1733333333333
"Kunjin","K.Waac.N12","N","Waitzia.acuminata",12,"R",40,1,17,0,17,17,40,680,680,4.97,16.9866666666667
"Kunjin","K.Waac.N12","N","Waitzia.acuminata",12,"G",46,1,20,0,20,20,46,920,920,4.97,16.9866666666667
"Kunjin","K.Waac.N12","N","Waitzia.acuminata",12,"B",37,1,1,0,1,1,37,37,37,4.97,16.9866666666667
"Kunjin","K.Waac.N13","N","Waitzia.acuminata",13,"R",23,1,9,0,9,9,23,207,207,5.27,6.58666666666667
"Kunjin","K.Waac.N13","N","Waitzia.acuminata",13,"G",51,1,11,0,11,11,51,561,561,5.27,6.58666666666667
"Kunjin","K.Waac.N13","N","Waitzia.acuminata",13,"B",NA,NA,NA,NA,NA,NA,NA,NA,NA,5.27,6.58666666666667
"Kunjin","K.Waac.N14","N","Waitzia.acuminata",14,"R",46,1,23,0,23,23,46,1058,1058,4.57,16.9866666666667
"Kunjin","K.Waac.N14","N","Waitzia.acuminata",14,"G",50,1,16,0,16,16,50,800,800,4.57,16.9866666666667
"Kunjin","K.Waac.N14","N","Waitzia.acuminata",14,"B",17,1,5,0,5,5,17,85,85,4.57,16.9866666666667
"Kunjin","K.Waac.N15","N","Waitzia.acuminata",15,"R",20,1,6,0,6,6,20,120,120,5.21,0.693333333333333
"Kunjin","K.Waac.N15","N","Waitzia.acuminata",15,"G",NA,NA,0,0,0,0,NA,NA,NA,5.21,0.693333333333333
"Kunjin","K.Waac.N15","N","Waitzia.acuminata",15,"B",43,1,35,0,35,35,43,1505,1505,5.21,0.693333333333333
