Block,Transect,Pair,Plot.ID,Treatment,Species,Count,Exotic.count,Exotic,Date,Focal.species,Growth.form,Tot.annual.density,Tot.ex.annual.density,Tot.nat.annual.density,Plot.richness.annual,Plot.exotic.richness,Plot.native.richness,Tot.plant.density,Tot.exotic.density,Plot.richness,Plot.exotic.richness,Plot.native.richness
10,N,1,10.N.1.C,Control,B.tournefortii,3,3,1,27/08/2013,1,Annual.forb,19,15,4,7,5,2,45,15,9,5,4
10,N,1,10.N.1.C,Control,Bromus.sp,9,9,1,27/08/2013,1,Annual.forb,,,,,,,45,15,9,5,4
10,N,1,10.N.1.C,Control,H.glabra,1,1,1,27/08/2013,1,Annual.forb,,,,,,,45,15,9,5,4
10,N,1,10.N.1.C,Control,L.arvensis,1,1,1,27/08/2013,1,Annual.forb,,,,,,,45,15,9,5,4
10,N,1,10.N.1.C,Control,P.lessonni,2,0,0,27/08/2013,1,Annual.forb,,,,,,,45,15,9,5,4
10,N,1,10.N.1.C,Control,U.anthemoides,1,1,1,27/08/2013,1,Annual.forb,,,,,,,45,15,9,5,4
10,N,1,10.N.1.C,Control,W.acuminata,2,0,0,27/08/2013,1,Annual.forb,,,,,,,45,15,9,5,4
10,N,1,10.N.1.L,Litter,B.tournefortii,5,5,1,27/08/2013,1,Annual.forb,19,9,20,7,3,4,33,9,9,3,6
10,N,1,10.N.1.L,Litter,E.botrys,1,1,1,27/08/2013,1,Annual.forb,,,,,,,33,9,9,3,6
10,N,1,10.N.1.L,Litter,Millotia.sp,5,0,0,27/08/2013,1,Annual.forb,,,,,,,33,9,9,3,6
10,N,1,10.N.1.L,Litter,P.gnaphaloides,1,0,0,27/08/2013,1,Annual.forb,,,,,,,33,9,9,3,6
10,N,1,10.N.1.L,Litter,W.acuminata,2,0,0,27/08/2013,1,Annual.forb,,,,,,,33,9,9,3,6
10,N,1,10.N.1.L,Litter,C.eremea,2,0,0,27/08/2013,0,Annual.forb,,,,,,,33,9,9,3,6
10,N,1,10.N.1.L,Litter,Bromus.sp,3,3,1,27/08/2013,1,Annual.grass,,,,,,,33,9,9,3,6
10,N,2,10.N.2.C,Control,E.botrys,1,1,1,27/08/2013,1,Annual.forb,31,17,14,9,4,5,31,17,9,4,5
10,N,2,10.N.2.C,Control,Millotia.sp,3,0,0,27/08/2013,1,Annual.forb,,,,,,,31,17,9,4,5
10,N,2,10.N.2.C,Control,T.ornata,1,0,0,27/08/2013,1,Annual.forb,,,,,,,31,17,9,4,5
10,N,2,10.N.2.C,Control,T.isingiana,1,0,0,27/08/2013,1,Annual.forb,,,,,,,31,17,9,4,5
10,N,2,10.N.2.C,Control,W.acuminata,2,0,0,27/08/2013,1,Annual.forb,,,,,,,31,17,9,4,5
10,N,2,10.N.2.C,Control,C.eremea,7,0,0,27/08/2013,0,Annual.forb,,,,,,,31,17,9,4,5
10,N,2,10.N.2.C,Control,Bromus.sp,2,2,1,27/08/2013,1,Annual.grass,,,,,,,31,17,9,4,5
10,N,2,10.N.2.C,Control,P.airoides,12,12,1,27/08/2013,1,Annual.grass,,,,,,,31,17,9,4,5
10,N,2,10.N.2.C,Control,V.myuros,2,2,1,27/08/2013,1,Annual.grass,,,,,,,31,17,9,4,5
10,N,2,10.N.2.L,Litter,B.tournefortii,1,1,1,27/08/2013,1,Annual.forb,,,,,,,18,7,8,3,5
10,N,2,10.N.2.L,Litter,H.pilifera,2,0,0,27/08/2013,1,Annual.forb,,,,,,,18,7,8,3,5
10,N,2,10.N.2.L,Litter,Millotia.sp,1,0,0,27/08/2013,1,Annual.forb,,,,,,,18,7,8,3,5
10,N,2,10.N.2.L,Litter,P.canescens,2,0,0,27/08/2013,1,Annual.forb,,,,,,,18,7,8,3,5
10,N,2,10.N.2.L,Litter,U.anthemoides,1,1,1,27/08/2013,1,Annual.forb,,,,,,,18,7,8,3,5
10,N,2,10.N.2.L,Litter,C.eremea,2,0,0,27/08/2013,0,Annual.forb,,,,,,,18,7,8,3,5
10,N,2,10.N.2.L,Litter,Bromus.sp,5,5,1,27/08/2013,1,Annual.grass,,,,,,,18,7,8,3,5
10,N,3,10.N.3.C,Control,A.calendula,1,1,1,27/08/2013,1,Annual.forb,,,,,,,22,20,5,3,2
10,N,3,10.N.3.C,Control,E.botrys,1,1,1,27/08/2013,1,Annual.forb,,,,,,,22,20,5,3,2
10,N,3,10.N.3.C,Control,Millotia.sp,1,0,0,27/08/2013,1,Annual.forb,,,,,,,22,20,5,3,2
10,N,3,10.N.3.C,Control,W.acuminata,1,0,0,27/08/2013,1,Annual.forb,,,,,,,22,20,5,3,2
10,N,3,10.N.3.C,Control,Bromus.sp,18,18,1,27/08/2013,1,Annual.grass,,,,,,,22,20,5,3,2
10,N,3,10.N.3.L,Litter,A.calendula,2,2,1,27/08/2013,1,Annual.forb,,,,,,,34,22,6,4,2
10,N,3,10.N.3.L,Litter,B.tournefortii,2,2,1,27/08/2013,1,Annual.forb,,,,,,,34,22,6,4,2
10,N,3,10.N.3.L,Litter,L.arvensis,2,2,1,27/08/2013,1,Annual.forb,,,,,,,34,22,6,4,2
10,N,3,10.N.3.L,Litter,Millotia.sp,1,0,0,27/08/2013,1,Annual.forb,,,,,,,34,22,6,4,2
10,N,3,10.N.3.L,Litter,C.eremea,11,0,0,27/08/2013,0,Annual.forb,,,,,,,34,22,6,4,2
10,N,3,10.N.3.L,Litter,Bromus.sp,16,16,1,27/08/2013,1,Annual.grass,,,,,,,34,22,6,4,2
10,N,4,10.N.4.C,Litter,B.tournefortii,3,3,1,27/08/2013,1,Annual.forb,,,,,,,15,11,6,3,3
10,N,4,10.N.4.C,Litter,Millotia.sp,2,0,0,27/08/2013,1,Annual.forb,,,,,,,15,11,6,3,3
10,N,4,10.N.4.C,Litter,T.ornata,1,0,0,27/08/2013,1,Annual.forb,,,,,,,15,11,6,3,3
10,N,4,10.N.4.C,Control,U.anthemoides,7,7,1,27/08/2013,1,Annual.forb,,,,,,,15,11,6,3,3
10,N,4,10.N.4.C,Litter,C.eremea,1,0,0,27/08/2013,0,Annual.forb,,,,,,,15,11,6,3,3
10,N,4,10.N.4.C,Control,V.myuros,1,1,1,27/08/2013,1,Annual.grass,,,,,,,15,11,6,3,3
10,N,4,10.N.4.L,Control,L.arvensis,3,3,1,27/08/2013,1,Annual.forb,,,,,,,18,6,6,2,4
10,N,4,10.N.4.L,Litter,Millotia.sp,9,0,0,27/08/2013,1,Annual.forb,,,,,,,18,6,6,2,4
10,N,4,10.N.4.L,Litter,P.canescens,1,0,0,27/08/2013,1,Annual.forb,,,,,,,18,6,6,2,4
10,N,4,10.N.4.L,Litter,T.isingiana,1,0,0,27/08/2013,1,Annual.forb,,,,,,,18,6,6,2,4
10,N,4,10.N.4.L,Litter,U.anthemoides,3,3,1,27/08/2013,1,Annual.forb,,,,,,,18,6,6,2,4
10,N,4,10.N.4.L,Control,C.eremea,1,0,0,27/08/2013,0,Annual.forb,,,,,,,18,6,6,2,4
10,N,5,10.N.5.C,Litter,B.tournefortii,1,1,1,27/08/2013,1,Annual.forb,,,,,,,71,26,6,5,1
10,N,5,10.N.5.C,Litter,H.glabra,2,2,1,27/08/2013,1,Annual.forb,,,,,,,71,26,6,5,1
10,N,5,10.N.5.C,Control,L.arvensis,21,21,1,27/08/2013,1,Annual.forb,,,,,,,71,26,6,5,1
10,N,5,10.N.5.C,Control,M.crystallinum,1,1,1,27/08/2013,1,Annual.forb,,,,,,,71,26,6,5,1
10,N,5,10.N.5.C,Control,Millotia.sp,45,0,0,27/08/2013,1,Annual.forb,,,,,,,71,26,6,5,1
10,N,5,10.N.5.C,Control,U.anthemoides,1,1,1,27/08/2013,1,Annual.forb,,,,,,,71,26,6,5,1
10,N,5,10.N.5.L,Control,B.tournefortii,2,2,1,27/08/2013,1,Annual.forb,,,,,,,5,2,3,1,2
10,N,5,10.N.5.L,Litter,Millotia.sp,2,0,0,27/08/2013,1,Annual.forb,,,,,,,5,2,3,1,2
10,N,5,10.N.5.L,Litter,T.isingiana,1,0,0,27/08/2013,1,Annual.forb,,,,,,,5,2,3,1,2
10,S,1,10.S.1.C,Control,W.acuminata,6,0,0,27/08/2013,1,Annual.forb,,,,,,,17,3,4,1,3
10,S,1,10.S.1.C,Control,C.colorata,5,0,0,27/08/2013,0,Annual.forb,,,,,,,17,3,4,1,3
10,S,1,10.S.1.C,Litter,Bromus.sp,3,3,1,27/08/2013,1,Annual.grass,,,,,,,17,3,4,1,3
10,S,1,10.S.1.L,Control,B.tournefortii,1,1,1,27/08/2013,1,Annual.forb,,,,,,,15,8,4,2,2
10,S,1,10.S.1.L,Control,C.colorata,3,0,0,27/08/2013,0,Annual.forb,,,,,,,15,8,4,2,2
10,S,1,10.S.1.L,Litter,C.eremea,4,0,0,27/08/2013,0,Annual.forb,,,,,,,15,8,4,2,2
10,S,1,10.S.1.L,Control,Bromus.sp,7,7,1,27/08/2013,1,Annual.grass,,,,,,,15,8,4,2,2
10,S,2,10.S.2.C,Control,T.isingiana,2,0,0,27/08/2013,1,Annual.forb,,,,,,,35,8,7,2,5
10,S,2,10.S.2.C,Control,U.anthemoides,1,1,1,27/08/2013,1,Annual.forb,,,,,,,35,8,7,2,5
10,S,2,10.S.2.C,Control,W.acuminata,1,0,0,27/08/2013,1,Annual.forb,,,,,,,35,8,7,2,5
10,S,2,10.S.2.C,Control,C.colorata,17,0,0,27/08/2013,0,Annual.forb,,,,,,,35,8,7,2,5
10,S,2,10.S.2.C,Control,C.eremea,4,0,0,27/08/2013,0,Annual.forb,,,,,,,35,8,7,2,5
10,S,2,10.S.2.C,Control,Bromus.sp,7,7,1,27/08/2013,1,Annual.grass,,,,,,,35,8,7,2,5
10,S,2,10.S.2.L,Control,E.botrys,2,2,1,27/08/2013,1,Annual.forb,,,,,,,35,15,8,3,5
10,S,2,10.S.2.L,Control,P.lessonni,2,0,0,27/08/2013,1,Annual.forb,,,,,,,35,15,8,3,5
10,S,2,10.S.2.L,Control,T.isingiana,14,0,0,27/08/2013,1,Annual.forb,,,,,,,35,15,8,3,5
10,S,2,10.S.2.L,Litter,U.anthemoides,1,1,1,27/08/2013,1,Annual.forb,,,,,,,35,15,8,3,5
10,S,2,10.S.2.L,Litter,W.acuminata,1,0,0,27/08/2013,1,Annual.forb,,,,,,,35,15,8,3,5
10,S,2,10.S.2.L,Control,C.colorata,2,0,0,27/08/2013,0,Annual.forb,,,,,,,35,15,8,3,5
10,S,2,10.S.2.L,Control,C.eremea,1,0,0,27/08/2013,0,Annual.forb,,,,,,,35,15,8,3,5
10,S,2,10.S.2.L,Control,Bromus.sp,12,12,1,27/08/2013,1,Annual.grass,,,,,,,35,15,8,3,5
10,S,3,10.S.3.C,Litter,E.botrys,1,1,1,27/08/2013,1,Annual.forb,,,,,,,21,10,7,4,3
10,S,3,10.S.3.C,Litter,L.arvensis,2,2,1,27/08/2013,1,Annual.forb,,,,,,,21,10,7,4,3
10,S,3,10.S.3.C,Litter,N.rotundifolia,2,2,1,27/08/2013,1,Annual.forb,,,,,,,21,10,7,4,3
10,S,3,10.S.3.C,Litter,U.anthemoides,5,5,1,27/08/2013,1,Annual.forb,,,,,,,21,10,7,4,3
10,S,3,10.S.3.C,Litter,W.acuminata,3,0,0,27/08/2013,1,Annual.forb,,,,,,,21,10,7,4,3
10,S,3,10.S.3.C,Litter,C.eremea,1,0,0,27/08/2013,0,Annual.forb,,,,,,,21,10,7,4,3
10,S,3,10.S.3.L,Control,B.tournefortii,2,2,1,27/08/2013,1,Annual.forb,,,,,,,10,2,4,1,3
10,S,3,10.S.3.L,Control,W.acuminata,1,0,0,27/08/2013,1,Annual.forb,,,,,,,10,2,4,1,3
10,S,3,10.S.3.L,Control,C.eremea,1,0,0,27/08/2013,0,Annual.forb,,,,,,,10,2,4,1,3
10,S,4,10.S.4.C,Litter,B.tournefortii,1,1,1,27/08/2013,1,Annual.forb,,,,,,,26,8,5,3,2
10,S,4,10.S.4.C,Litter,E.botrys,1,1,1,27/08/2013,1,Annual.forb,,,,,,,26,8,5,3,2
10,S,4,10.S.4.C,Litter,Millotia.sp,6,0,0,27/08/2013,1,Annual.forb,,,,,,,26,8,5,3,2
10,S,4,10.S.4.C,Litter,U.anthemoides,6,6,1,27/08/2013,1,Annual.forb,,,,,,,26,8,5,3,2
10,S,4,10.S.4.L,Control,B.tournefortii,2,2,1,27/08/2013,1,Annual.forb,,,,,,,12,6,7,3,4
10,S,4,10.S.4.L,Control,E.botrys,1,1,1,27/08/2013,1,Annual.forb,,,,,,,12,6,7,3,4
10,S,4,10.S.4.L,Control,Millotia.sp,1,0,0,27/08/2013,1,Annual.forb,,,,,,,12,6,7,3,4
10,S,4,10.S.4.L,Control,U.anthemoides,3,3,1,27/08/2013,1,Annual.forb,,,,,,,12,6,7,3,4
10,S,4,10.S.4.L,Control,C.eremea,2,0,0,27/08/2013,0,Annual.forb,,,,,,,12,6,7,3,4
10,S,5,10.S.5.C,Control,Millotia.sp,14,0,0,27/08/2013,1,Annual.forb,,,,,,,31,8,5,1,4
10,S,5,10.S.5.C,Control,U.anthemoides,8,8,1,27/08/2013,1,Annual.forb,,,,,,,31,8,5,1,4
10,S,5,10.S.5.C,Control,W.acuminata,2,0,0,27/08/2013,1,Annual.forb,,,,,,,31,8,5,1,4
10,S,5,10.S.5.L,Control,E.botrys,1,1,1,27/08/2013,1,Annual.forb,,,,,,,27,11,5,3,2
10,S,5,10.S.5.L,Litter,Millotia.sp,1,0,0,27/08/2013,1,Annual.forb,,,,,,,27,11,5,3,2
10,S,5,10.S.5.L,Litter,U.anthemoides,2,2,1,27/08/2013,1,Annual.forb,,,,,,,27,11,5,3,2
10,S,5,10.S.5.L,Litter,E.longiflora,8,8,1,27/08/2013,1,Annual.grass,,,,,,,27,11,5,3,2
11,N,1,11.N.1.C,Control,A.calendula,1,1,1,27/08/2013,1,Annual.forb,,,,,,,48,29,11,6,5
11,N,1,11.N.1.C,Control,B.tournefortii,1,1,1,27/08/2013,1,Annual.forb,,,,,,,48,29,11,6,5
11,N,1,11.N.1.C,Control,H.glabra,2,2,1,27/08/2013,1,Annual.forb,,,,,,,48,29,11,6,5
11,N,1,11.N.1.C,Control,L.arvensis,8,8,1,27/08/2013,1,Annual.forb,,,,,,,48,29,11,6,5
11,N,1,11.N.1.C,Control,Millotia.sp,1,0,0,27/08/2013,1,Annual.forb,,,,,,,48,29,11,6,5
11,N,1,11.N.1.C,Control,P.canescens,1,0,0,27/08/2013,1,Annual.forb,,,,,,,48,29,11,6,5
11,N,1,11.N.1.C,Control,T.isingiana,14,0,0,27/08/2013,1,Annual.forb,,,,,,,48,29,11,6,5
11,N,1,11.N.1.C,Control,U.anthemoides,1,1,1,27/08/2013,1,Annual.forb,,,,,,,48,29,11,6,5
11,N,1,11.N.1.C,Control,C.colorata,1,0,0,27/08/2013,0,Annual.forb,,,,,,,48,29,11,6,5
11,N,1,11.N.1.C,Control,C.eremea,2,0,0,27/08/2013,0,Annual.forb,,,,,,,48,29,11,6,5
11,N,1,11.N.1.C,Control,Bromus.sp,16,16,1,27/08/2013,1,Annual.grass,,,,,,,48,29,11,6,5
11,N,1,11.N.1.L,Litter,A.calendula,2,2,1,27/08/2013,1,Annual.forb,,,,,,,22,16,10,6,4
11,N,1,11.N.1.L,Litter,B.iberidifola,1,0,0,27/08/2013,1,Annual.forb,,,,,,,22,16,10,6,4
11,N,1,11.N.1.L,Litter,B.tournefortii,2,2,1,27/08/2013,1,Annual.forb,,,,,,,22,16,10,6,4
11,N,1,11.N.1.L,Litter,H.glabra,1,1,1,27/08/2013,1,Annual.forb,,,,,,,22,16,10,6,4
11,N,1,11.N.1.L,Litter,L.arvensis,1,1,1,27/08/2013,1,Annual.forb,,,,,,,22,16,10,6,4
11,N,1,11.N.1.L,Litter,Millotia.sp,2,0,0,27/08/2013,1,Annual.forb,,,,,,,22,16,10,6,4
11,N,1,11.N.1.L,Litter,T.isingiana,1,0,0,27/08/2013,1,Annual.forb,,,,,,,22,16,10,6,4
11,N,1,11.N.1.L,Litter,U.anthemoides,4,4,1,27/08/2013,1,Annual.forb,,,,,,,22,16,10,6,4
11,N,1,11.N.1.L,Litter,Bromus.sp,6,6,1,27/08/2013,1,Annual.grass,,,,,,,22,16,10,6,4
11,N,2,11.N.2.C,Control,B.tournefortii,1,1,1,27/08/2013,1,Annual.forb,,,,,,,47,16,7,3,4
11,N,2,11.N.2.C,Control,L.arvensis,1,1,1,27/08/2013,1,Annual.forb,,,,,,,47,16,7,3,4
11,N,2,11.N.2.C,Control,T.isingiana,13,0,0,27/08/2013,1,Annual.forb,,,,,,,47,16,7,3,4
11,N,2,11.N.2.C,Control,C.colorata,14,0,0,27/08/2013,0,Annual.forb,,,,,,,47,16,7,3,4
11,N,2,11.N.2.C,Control,C.eremea,3,0,0,27/08/2013,0,Annual.forb,,,,,,,47,16,7,3,4
11,N,2,11.N.2.C,Control,Bromus.sp,14,14,1,27/08/2013,1,Annual.grass,,,,,,,47,16,7,3,4
11,N,2,11.N.2.L,Litter,A.calendula,1,1,1,27/08/2013,1,Annual.forb,,,,,,,46,20,9,4,5
11,N,2,11.N.2.L,Litter,B.tournefortii,1,1,1,27/08/2013,1,Annual.forb,,,,,,,46,20,9,4,5
11,N,2,11.N.2.L,Litter,H.glabra,3,3,1,27/08/2013,1,Annual.forb,,,,,,,46,20,9,4,5
11,N,2,11.N.2.L,Litter,Millotia.sp,2,0,0,27/08/2013,1,Annual.forb,,,,,,,46,20,9,4,5
11,N,2,11.N.2.L,Litter,P.canescens,1,0,0,27/08/2013,1,Annual.forb,,,,,,,46,20,9,4,5
11,N,2,11.N.2.L,Litter,T.isingiana,19,0,0,27/08/2013,1,Annual.forb,,,,,,,46,20,9,4,5
11,N,2,11.N.2.L,Litter,W.acuminata,1,0,0,27/08/2013,1,Annual.forb,,,,,,,46,20,9,4,5
11,N,2,11.N.2.L,Litter,C.eremea,3,0,0,27/08/2013,0,Annual.forb,,,,,,,46,20,9,4,5
11,N,2,11.N.2.L,Litter,Bromus.sp,15,15,1,27/08/2013,1,Annual.grass,,,,,,,46,20,9,4,5
11,N,3,11.N.3.C,Control,B.iberidifola,1,0,0,27/08/2013,1,Annual.forb,,,,,,,24,15,5,2,3
11,N,3,11.N.3.C,Control,B.tournefortii,3,3,1,27/08/2013,1,Annual.forb,,,,,,,24,15,5,2,3
11,N,3,11.N.3.C,Control,Millotia.sp,7,0,0,27/08/2013,1,Annual.forb,,,,,,,24,15,5,2,3
11,N,3,11.N.3.C,Control,C.eremea,1,0,0,27/08/2013,0,Annual.forb,,,,,,,24,15,5,2,3
11,N,3,11.N.3.C,Control,Bromus.sp,12,12,1,27/08/2013,1,Annual.grass,,,,,,,24,15,5,2,3
11,N,3,11.N.3.L,Litter,A.calendula,3,3,1,27/08/2013,1,Annual.forb,,,,,,,17,14,5,3,2
11,N,3,11.N.3.L,Litter,B.tournefortii,1,1,1,27/08/2013,1,Annual.forb,,,,,,,17,14,5,3,2
11,N,3,11.N.3.L,Litter,Millotia.sp,2,0,0,27/08/2013,1,Annual.forb,,,,,,,17,14,5,3,2
11,N,3,11.N.3.L,Litter,T.isingiana,1,0,0,27/08/2013,1,Annual.forb,,,,,,,17,14,5,3,2
11,N,3,11.N.3.L,Litter,Bromus.sp,10,10,1,27/08/2013,1,Annual.grass,,,,,,,17,14,5,3,2
11,N,4,11.N.4.C,Control,B.tournefortii,3,3,1,27/08/2013,1,Annual.forb,,,,,,,86,14,5,4,1
11,N,4,11.N.4.C,Control,H.glabra,1,1,1,27/08/2013,1,Annual.forb,,,,,,,86,14,5,4,1
11,N,4,11.N.4.C,Control,Millotia.sp,72,0,0,27/08/2013,1,Annual.forb,,,,,,,86,14,5,4,1
11,N,4,11.N.4.C,Control,U.anthemoides,1,1,1,27/08/2013,1,Annual.forb,,,,,,,86,14,5,4,1
11,N,4,11.N.4.C,Control,Bromus.sp,9,9,1,27/08/2013,1,Annual.grass,,,,,,,86,14,5,4,1
11,N,4,11.N.4.L,Litter,B.tournefortii,1,1,1,27/08/2013,1,Annual.forb,,,,,,,28,1,4,1,3
11,N,4,11.N.4.L,Litter,Millotia.sp,24,0,0,27/08/2013,1,Annual.forb,,,,,,,28,1,4,1,3
11,N,4,11.N.4.L,Litter,W.acuminata,1,0,0,27/08/2013,1,Annual.forb,,,,,,,28,1,4,1,3
11,N,4,11.N.4.L,Litter,C.eremea,2,0,0,27/08/2013,0,Annual.forb,,,,,,,28,1,4,1,3
11,N,5,11.N.5.C,Control,H.glabra,1,1,1,27/08/2013,1,Annual.forb,,,,,,,33,1,4,1,3
11,N,5,11.N.5.C,Control,Millotia.sp,27,0,0,27/08/2013,1,Annual.forb,,,,,,,33,1,4,1,3
11,N,5,11.N.5.C,Control,W.acuminata,1,0,0,27/08/2013,1,Annual.forb,,,,,,,33,1,4,1,3
11,N,5,11.N.5.L,Litter,B.tournefortii,1,1,1,27/08/2013,1,Annual.forb,,,,,,,23,5,6,3,3
11,N,5,11.N.5.L,Litter,L.arvensis,3,3,1,27/08/2013,1,Annual.forb,,,,,,,23,5,6,3,3
11,N,5,11.N.5.L,Litter,Millotia.sp,9,0,0,27/08/2013,1,Annual.forb,,,,,,,23,5,6,3,3
11,N,5,11.N.5.L,Litter,U.anthemoides,1,1,1,27/08/2013,1,Annual.forb,,,,,,,23,5,6,3,3
11,N,5,11.N.5.L,Litter,C.eremea,6,0,0,27/08/2013,0,Annual.forb,,,,,,,23,5,6,3,3
11,S,1,11.S.1.C,Control,B.tournefortii,3,3,1,27/08/2013,1,Annual.forb,,,,,,,52,38,10,5,5
11,S,1,11.S.1.C,Control,H.glabra,4,4,1,27/08/2013,1,Annual.forb,,,,,,,52,38,10,5,5
11,S,1,11.S.1.C,Control,P.lessonni,5,0,0,27/08/2013,1,Annual.forb,,,,,,,52,38,10,5,5
11,S,1,11.S.1.C,Control,T.cyanopetala,3,0,0,27/08/2013,1,Annual.forb,,,,,,,52,38,10,5,5
11,S,1,11.S.1.C,Control,W.acuminata,1,0,0,27/08/2013,1,Annual.forb,,,,,,,52,38,10,5,5
11,S,1,11.S.1.C,Control,C.colorata,4,0,0,27/08/2013,0,Annual.forb,,,,,,,52,38,10,5,5
11,S,1,11.S.1.C,Control,C.eremea,1,0,0,27/08/2013,0,Annual.forb,,,,,,,52,38,10,5,5
11,S,1,11.S.1.C,Control,Bromus.sp,5,5,1,27/08/2013,1,Annual.grass,,,,,,,52,38,10,5,5
11,S,1,11.S.1.C,Control,P.airoides,10,10,1,27/08/2013,1,Annual.grass,,,,,,,52,38,10,5,5
11,S,1,11.S.1.C,Control,V.myuros,16,16,1,27/08/2013,1,Annual.grass,,,,,,,52,38,10,5,5
11,S,1,11.S.1.L,Litter,B.iberidifola,1,0,0,27/08/2013,1,Annual.forb,,,,,,,33,28,9,5,4
11,S,1,11.S.1.L,Litter,B.tournefortii,1,1,1,27/08/2013,1,Annual.forb,,,,,,,33,28,9,5,4
11,S,1,11.S.1.L,Litter,H.glabra,1,1,1,27/08/2013,1,Annual.forb,,,,,,,33,28,9,5,4
11,S,1,11.S.1.L,Litter,H.pilifera,1,0,0,27/08/2013,1,Annual.forb,,,,,,,33,28,9,5,4
11,S,1,11.S.1.L,Litter,P.lessonni,1,0,0,27/08/2013,1,Annual.forb,,,,,,,33,28,9,5,4
11,S,1,11.S.1.L,Litter,W.acuminata,2,0,0,27/08/2013,1,Annual.forb,,,,,,,33,28,9,5,4
11,S,1,11.S.1.L,Litter,Bromus.sp,3,3,1,27/08/2013,1,Annual.grass,,,,,,,33,28,9,5,4
11,S,1,11.S.1.L,Litter,P.airoides,10,10,1,27/08/2013,1,Annual.grass,,,,,,,33,28,9,5,4
11,S,1,11.S.1.L,Litter,V.myuros,13,13,1,27/08/2013,1,Annual.grass,,,,,,,33,28,9,5,4
11,S,2,11.S.2.C,Control,A.calendula,1,1,1,27/08/2013,1,Annual.forb,,,,,,,34,15,12,5,7
11,S,2,11.S.2.C,Control,A.tomentosus,1,0,0,27/08/2013,1,Annual.forb,,,,,,,34,15,12,5,7
11,S,2,11.S.2.C,Control,B.tournefortii,3,3,1,27/08/2013,1,Annual.forb,,,,,,,34,15,12,5,7
11,S,2,11.S.2.C,Control,C.obionoides,1,0,0,27/08/2013,1,Annual.forb,,,,,,,34,15,12,5,7
11,S,2,11.S.2.C,Control,E.botrys,1,1,1,27/08/2013,1,Annual.forb,,,,,,,34,15,12,5,7
11,S,2,11.S.2.C,Control,Millotia.sp,2,0,0,27/08/2013,1,Annual.forb,,,,,,,34,15,12,5,7
11,S,2,11.S.2.C,Control,P.lessonni,1,0,0,27/08/2013,1,Annual.forb,,,,,,,34,15,12,5,7
11,S,2,11.S.2.C,Control,T.isingiana,2,0,0,27/08/2013,1,Annual.forb,,,,,,,34,15,12,5,7
11,S,2,11.S.2.C,Control,C.colorata,10,0,0,27/08/2013,0,Annual.forb,,,,,,,34,15,12,5,7
11,S,2,11.S.2.C,Control,C.eremea,2,0,0,27/08/2013,0,Annual.forb,,,,,,,34,15,12,5,7
11,S,2,11.S.2.C,Control,Bromus.sp,5,5,1,27/08/2013,1,Annual.grass,,,,,,,34,15,12,5,7
11,S,2,11.S.2.C,Control,V.myuros,5,5,1,27/08/2013,1,Annual.grass,,,,,,,34,15,12,5,7
11,S,2,11.S.2.L,Litter,A.calendula,4,4,1,27/08/2013,1,Annual.forb,,,,,,,37,13,9,3,6
11,S,2,11.S.2.L,Litter,A.tomentosus,6,0,0,27/08/2013,1,Annual.forb,,,,,,,37,13,9,3,6
11,S,2,11.S.2.L,Litter,P.lessonni,9,0,0,27/08/2013,1,Annual.forb,,,,,,,37,13,9,3,6
11,S,2,11.S.2.L,Litter,W.acuminata,2,0,0,27/08/2013,1,Annual.forb,,,,,,,37,13,9,3,6
11,S,2,11.S.2.L,Litter,C.colorata,5,0,0,27/08/2013,0,Annual.forb,,,,,,,37,13,9,3,6
11,S,2,11.S.2.L,Litter,C.eremea,1,0,0,27/08/2013,0,Annual.forb,,,,,,,37,13,9,3,6
11,S,2,11.S.2.L,Litter,Bromus.sp,1,1,1,27/08/2013,1,Annual.grass,,,,,,,37,13,9,3,6
11,S,2,11.S.2.L,Litter,V.myuros,8,8,1,27/08/2013,1,Annual.grass,,,,,,,37,13,9,3,6
11,S,3,11.S.3.C,Control,E.botrys,3,3,1,27/08/2013,1,Annual.forb,,,,,,,34,7,7,2,5
11,S,3,11.S.3.C,Control,Millotia.sp,2,0,0,27/08/2013,1,Annual.forb,,,,,,,34,7,7,2,5
11,S,3,11.S.3.C,Control,P.lessonni,2,0,0,27/08/2013,1,Annual.forb,,,,,,,34,7,7,2,5
11,S,3,11.S.3.C,Control,T.isingiana,2,0,0,27/08/2013,1,Annual.forb,,,,,,,34,7,7,2,5
11,S,3,11.S.3.C,Control,W.acuminata,4,0,0,27/08/2013,1,Annual.forb,,,,,,,34,7,7,2,5
11,S,3,11.S.3.C,Control,C.colorata,17,0,0,27/08/2013,0,Annual.forb,,,,,,,34,7,7,2,5
11,S,3,11.S.3.C,Control,Bromus.sp,4,4,1,27/08/2013,1,Annual.grass,,,,,,,34,7,7,2,5
11,S,3,11.S.3.L,Litter,B.tournefortii,5,5,1,27/08/2013,1,Annual.forb,,,,,,,28,20,8,4,4
11,S,3,11.S.3.L,Litter,E.botrys,2,2,1,27/08/2013,1,Annual.forb,,,,,,,28,20,8,4,4
11,S,3,11.S.3.L,Litter,Millotia.sp,1,0,0,27/08/2013,1,Annual.forb,,,,,,,28,20,8,4,4
11,S,3,11.S.3.L,Litter,P.lessonni,3,0,0,27/08/2013,1,Annual.forb,,,,,,,28,20,8,4,4
11,S,3,11.S.3.L,Litter,W.acuminata,3,0,0,27/08/2013,1,Annual.forb,,,,,,,28,20,8,4,4
11,S,3,11.S.3.L,Litter,P.airoides,8,8,1,27/08/2013,1,Annual.grass,,,,,,,28,20,8,4,4
11,S,3,11.S.3.L,Litter,V.myuros,5,5,1,27/08/2013,1,Annual.grass,,,,,,,28,20,8,4,4
11,S,4,11.S.4.C,Control,B.tournefortii,2,2,1,27/08/2013,1,Annual.forb,,,,,,,3,2,2,1,1
11,S,4,11.S.4.L,Litter,Millotia.sp,16,0,0,27/08/2013,1,Annual.forb,,,,,,,23,0,3,0,3
11,S,4,11.S.4.L,Litter,C.eremea,5,0,0,27/08/2013,0,Annual.forb,,,,,,,23,0,3,0,3
11,S,5,11.S.5.L,Litter,B.tournefortii,1,1,1,27/08/2013,1,Annual.forb,,,,,,,5,1,4,1,3
11,S,5,11.S.5.L,Litter,Millotia.sp,2,0,0,27/08/2013,1,Annual.forb,,,,,,,5,1,4,1,3
11,S,5,11.S.5.L,Litter,C.eremea,1,0,0,27/08/2013,0,Annual.forb,,,,,,,5,1,4,1,3
13,N,1,13.N.1.C,Control,A.calendula,1,1,1,27/08/2013,1,Annual.forb,,,,,,,35,17,9,4,5
13,N,1,13.N.1.C,Control,B.iberidifola,2,0,0,27/08/2013,1,Annual.forb,,,,,,,35,17,9,4,5
13,N,1,13.N.1.C,Control,G.tenuissima,9,0,0,27/08/2013,1,Annual.forb,,,,,,,35,17,9,4,5
13,N,1,13.N.1.C,Control,R.pygmaea,1,0,0,27/08/2013,1,Annual.forb,,,,,,,35,17,9,4,5
13,N,1,13.N.1.C,Control,U.anthemoides,1,1,1,27/08/2013,1,Annual.forb,,,,,,,35,17,9,4,5
13,N,1,13.N.1.C,Control,W.acuminata,5,0,0,27/08/2013,1,Annual.forb,,,,,,,35,17,9,4,5
13,N,1,13.N.1.C,Control,Bromus.sp,3,3,1,27/08/2013,1,Annual.grass,,,,,,,35,17,9,4,5
13,N,1,13.N.1.C,Control,Z.divaricata,12,12,1,27/08/2013,1,Annual.grass,,,,,,,35,17,9,4,5
13,N,1,13.N.1.L,Litter,A.calendula,4,4,1,27/08/2013,1,Annual.forb,,,,,,,47,23,9,3,6
13,N,1,13.N.1.L,Litter,A.tomentosus,6,0,0,27/08/2013,1,Annual.forb,,,,,,,47,23,9,3,6
13,N,1,13.N.1.L,Litter,B.iberidifola,1,0,0,27/08/2013,1,Annual.forb,,,,,,,47,23,9,3,6
13,N,1,13.N.1.L,Litter,G.tenuissima,3,0,0,27/08/2013,1,Annual.forb,,,,,,,47,23,9,3,6
13,N,1,13.N.1.L,Litter,R.laevis,2,0,0,27/08/2013,1,Annual.forb,,,,,,,47,23,9,3,6
13,N,1,13.N.1.L,Litter,R.pygmaea,3,0,0,27/08/2013,1,Annual.forb,,,,,,,47,23,9,3,6
13,N,1,13.N.1.L,Litter,W.acuminata,9,0,0,27/08/2013,1,Annual.forb,,,,,,,47,23,9,3,6
13,N,1,13.N.1.L,Litter,P.airoides,10,10,1,27/08/2013,1,Annual.grass,,,,,,,47,23,9,3,6
13,N,1,13.N.1.L,Litter,Z.divaricata,9,9,1,27/08/2013,1,Annual.grass,,,,,,,47,23,9,3,6
13,N,2,13.N.2.C,Control,A.calendula,1,1,1,27/08/2013,1,Annual.forb,,,,,,,69,27,8,3,5
13,N,2,13.N.2.C,Control,B.drummondii,8,0,0,27/08/2013,1,Annual.forb,,,,,,,69,27,8,3,5
13,N,2,13.N.2.C,Control,B.iberidifola,7,0,0,27/08/2013,1,Annual.forb,,,,,,,69,27,8,3,5
13,N,2,13.N.2.C,Control,W.acuminata,17,0,0,27/08/2013,1,Annual.forb,,,,,,,69,27,8,3,5
13,N,2,13.N.2.C,Control,C.colorata,9,0,0,27/08/2013,0,Annual.forb,,,,,,,69,27,8,3,5
13,N,2,13.N.2.C,Control,P.airoides,13,13,1,27/08/2013,1,Annual.grass,,,,,,,69,27,8,3,5
13,N,2,13.N.2.C,Control,V.myuros,13,13,1,27/08/2013,1,Annual.grass,,,,,,,69,27,8,3,5
13,N,2,13.N.2.L,Litter,A.calendula,4,4,1,27/08/2013,1,Annual.forb,,,,,,,51,5,8,2,6
13,N,2,13.N.2.L,Litter,A.tomentosus,2,0,0,27/08/2013,1,Annual.forb,,,,,,,51,5,8,2,6
13,N,2,13.N.2.L,Litter,B.drummondii,11,0,0,27/08/2013,1,Annual.forb,,,,,,,51,5,8,2,6
13,N,2,13.N.2.L,Litter,B.iberidifola,3,0,0,27/08/2013,1,Annual.forb,,,,,,,51,5,8,2,6
13,N,2,13.N.2.L,Litter,R.laevis,4,0,0,27/08/2013,1,Annual.forb,,,,,,,51,5,8,2,6
13,N,2,13.N.2.L,Litter,W.acuminata,5,0,0,27/08/2013,1,Annual.forb,,,,,,,51,5,8,2,6
13,N,2,13.N.2.L,Litter,C.colorata,21,0,0,27/08/2013,0,Annual.forb,,,,,,,51,5,8,2,6
13,N,2,13.N.2.L,Litter,V.myuros,1,1,1,27/08/2013,1,Annual.grass,,,,,,,51,5,8,2,6
13,N,3,13.N.3.C,Control,B.iberidifola,5,0,0,27/08/2013,1,Annual.forb,,,,,,,37,13,5,2,3
13,N,3,13.N.3.C,Control,H.glabra,3,3,1,27/08/2013,1,Annual.forb,,,,,,,37,13,5,2,3
13,N,3,13.N.3.C,Control,W.acuminata,4,0,0,27/08/2013,1,Annual.forb,,,,,,,37,13,5,2,3
13,N,3,13.N.3.C,Control,C.colorata,15,0,0,27/08/2013,0,Annual.forb,,,,,,,37,13,5,2,3
13,N,3,13.N.3.C,Control,Bromus.sp,10,10,1,27/08/2013,1,Annual.grass,,,,,,,37,13,5,2,3
13,N,3,13.N.3.L,Litter,A.calendula,7,7,1,27/08/2013,1,Annual.forb,,,,,,,53,16,8,3,5
13,N,3,13.N.3.L,Litter,A.tomentosus,1,0,0,27/08/2013,1,Annual.forb,,,,,,,53,16,8,3,5
13,N,3,13.N.3.L,Litter,B.iberidifola,2,0,0,27/08/2013,1,Annual.forb,,,,,,,53,16,8,3,5
13,N,3,13.N.3.L,Litter,R.laevis,1,0,0,27/08/2013,1,Annual.forb,,,,,,,53,16,8,3,5
13,N,3,13.N.3.L,Litter,W.acuminata,3,0,0,27/08/2013,1,Annual.forb,,,,,,,53,16,8,3,5
13,N,3,13.N.3.L,Litter,C.colorata,30,0,0,27/08/2013,0,Annual.forb,,,,,,,53,16,8,3,5
13,N,3,13.N.3.L,Litter,Bromus.sp,6,6,1,27/08/2013,1,Annual.grass,,,,,,,53,16,8,3,5
13,N,3,13.N.3.L,Litter,Z.divaricata,3,3,1,27/08/2013,1,Annual.grass,,,,,,,53,16,8,3,5
13,N,4,13.N.4.C,Control,H.glabra,1,1,1,27/08/2013,1,Annual.forb,,,,,,,94,29,7,3,4
13,N,4,13.N.4.C,Control,R.laevis,22,0,0,27/08/2013,1,Annual.forb,,,,,,,94,29,7,3,4
13,N,4,13.N.4.C,Control,W.acuminata,6,0,0,27/08/2013,1,Annual.forb,,,,,,,94,29,7,3,4
13,N,4,13.N.4.C,Control,C.colorata,36,0,0,27/08/2013,0,Annual.forb,,,,,,,94,29,7,3,4
13,N,4,13.N.4.C,Control,C.eremea,1,0,0,27/08/2013,0,Annual.forb,,,,,,,94,29,7,3,4
13,N,4,13.N.4.C,Control,Bromus.sp,20,20,1,27/08/2013,1,Annual.grass,,,,,,,94,29,7,3,4
13,N,4,13.N.4.C,Control,V.myuros,8,8,1,27/08/2013,1,Annual.grass,,,,,,,94,29,7,3,4
13,N,4,13.N.4.L,Litter,B.iberidifola,1,0,0,27/08/2013,1,Annual.forb,,,,,,,54,9,6,3,3
13,N,4,13.N.4.L,Litter,H.glabra,5,5,1,27/08/2013,1,Annual.forb,,,,,,,54,9,6,3,3
13,N,4,13.N.4.L,Litter,W.acuminata,4,0,0,27/08/2013,1,Annual.forb,,,,,,,54,9,6,3,3
13,N,4,13.N.4.L,Litter,C.colorata,40,0,0,27/08/2013,0,Annual.forb,,,,,,,54,9,6,3,3
13,N,4,13.N.4.L,Litter,Bromus.sp,3,3,1,27/08/2013,1,Annual.grass,,,,,,,54,9,6,3,3
13,N,4,13.N.4.L,Litter,V.myuros,1,1,1,27/08/2013,1,Annual.grass,,,,,,,54,9,6,3,3
13,N,5,13.N.5.C,Control,NA,NA,NA,NA,27/08/2013,0,NA,,,,,,,NA,NA,1,1,0
13,N,5,13.N.5.L,Litter,A.calendula,3,3,1,27/08/2013,1,Annual.forb,,,,,,,19,13,5,4,1
13,N,5,13.N.5.L,Litter,H.glabra,5,5,1,27/08/2013,1,Annual.forb,,,,,,,19,13,5,4,1
13,N,5,13.N.5.L,Litter,M.monstrosus,1,1,1,27/08/2013,1,Annual.forb,,,,,,,19,13,5,4,1
13,N,5,13.N.5.L,Litter,C.colorata,6,0,0,27/08/2013,0,Annual.forb,,,,,,,19,13,5,4,1
13,N,5,13.N.5.L,Litter,Bromus.sp,4,4,1,27/08/2013,1,Annual.grass,,,,,,,19,13,5,4,1
13,S,1,13.S.1.C,Control,A.tomentosus,9,0,0,27/08/2013,1,Annual.forb,,,,,,,79,2,7,1,6
13,S,1,13.S.1.C,Control,B.iberidifola,5,0,0,27/08/2013,1,Annual.forb,,,,,,,79,2,7,1,6
13,S,1,13.S.1.C,Control,R.laevis,7,0,0,27/08/2013,1,Annual.forb,,,,,,,79,2,7,1,6
13,S,1,13.S.1.C,Control,W.acuminata,5,0,0,27/08/2013,1,Annual.forb,,,,,,,79,2,7,1,6
13,S,1,13.S.1.C,Control,C.colorata,50,0,0,27/08/2013,0,Annual.forb,,,,,,,79,2,7,1,6
13,S,1,13.S.1.C,Control,Bromus.sp,2,2,1,27/08/2013,1,Annual.grass,,,,,,,79,2,7,1,6
13,S,1,13.S.1.L,Litter,A.tomentosus,3,0,0,27/08/2013,1,Annual.forb,,,,,,,99,17,10,3,7
13,S,1,13.S.1.L,Litter,B.iberidifola,7,0,0,27/08/2013,1,Annual.forb,,,,,,,99,17,10,3,7
13,S,1,13.S.1.L,Litter,H.glabra,1,1,1,27/08/2013,1,Annual.forb,,,,,,,99,17,10,3,7
13,S,1,13.S.1.L,Litter,R.laevis,11,0,0,27/08/2013,1,Annual.forb,,,,,,,99,17,10,3,7
13,S,1,13.S.1.L,Litter,R.pygmaea,3,0,0,27/08/2013,1,Annual.forb,,,,,,,99,17,10,3,7
13,S,1,13.S.1.L,Litter,W.acuminata,5,0,0,27/08/2013,1,Annual.forb,,,,,,,99,17,10,3,7
13,S,1,13.S.1.L,Litter,C.colorata,50,0,0,27/08/2013,0,Annual.forb,,,,,,,99,17,10,3,7
13,S,1,13.S.1.L,Litter,Bromus.sp,5,5,1,27/08/2013,1,Annual.grass,,,,,,,99,17,10,3,7
13,S,1,13.S.1.L,Litter,V.myuros,11,11,1,27/08/2013,1,Annual.grass,,,,,,,99,17,10,3,7
13,S,2,13.S.2.C,Control,M.monstrosus,1,1,1,27/08/2013,1,Annual.forb,,,,,,,59,12,6,3,3
13,S,2,13.S.2.C,Control,R.pygmaea,19,0,0,27/08/2013,1,Annual.forb,,,,,,,59,12,6,3,3
13,S,2,13.S.2.C,Control,W.acuminata,6,0,0,27/08/2013,1,Annual.forb,,,,,,,59,12,6,3,3
13,S,2,13.S.2.C,Control,C.colorata,22,0,0,27/08/2013,0,Annual.forb,,,,,,,59,12,6,3,3
13,S,2,13.S.2.C,Control,Bromus.sp,5,5,1,27/08/2013,1,Annual.grass,,,,,,,59,12,6,3,3
13,S,2,13.S.2.C,Control,P.airoides,6,6,1,27/08/2013,1,Annual.grass,,,,,,,59,12,6,3,3
13,S,2,13.S.2.L,Litter,A.tomentosus,4,0,0,27/08/2013,1,Annual.forb,,,,,,,63,0,6,0,6
13,S,2,13.S.2.L,Litter,B.iberidifola,1,0,0,27/08/2013,1,Annual.forb,,,,,,,63,0,6,0,6
13,S,2,13.S.2.L,Litter,R.laevis,4,0,0,27/08/2013,1,Annual.forb,,,,,,,63,0,6,0,6
13,S,2,13.S.2.L,Litter,W.acuminata,13,0,0,27/08/2013,1,Annual.forb,,,,,,,63,0,6,0,6
13,S,2,13.S.2.L,Litter,C.colorata,40,0,0,27/08/2013,0,Annual.forb,,,,,,,63,0,6,0,6
13,S,3,13.S.3.C,Control,B.iberidifola,1,0,0,27/08/2013,1,Annual.forb,,,,,,,71,27,7,2,5
13,S,3,13.S.3.C,Control,R.laevis,6,0,0,27/08/2013,1,Annual.forb,,,,,,,71,27,7,2,5
13,S,3,13.S.3.C,Control,R.pygmaea,3,0,0,27/08/2013,1,Annual.forb,,,,,,,71,27,7,2,5
13,S,3,13.S.3.C,Control,W.acuminata,14,0,0,27/08/2013,1,Annual.forb,,,,,,,71,27,7,2,5
13,S,3,13.S.3.C,Control,C.colorata,20,0,0,27/08/2013,0,Annual.forb,,,,,,,71,27,7,2,5
13,S,3,13.S.3.C,Control,Bromus.sp,7,7,1,27/08/2013,1,Annual.grass,,,,,,,71,27,7,2,5
13,S,3,13.S.3.C,Control,P.airoides,20,20,1,27/08/2013,1,Annual.grass,,,,,,,71,27,7,2,5
13,S,3,13.S.3.L,Litter,A.tomentosus,2,0,0,27/08/2013,1,Annual.forb,,,,,,,31,13,7,2,5
13,S,3,13.S.3.L,Litter,B.iberidifola,4,0,0,27/08/2013,1,Annual.forb,,,,,,,31,13,7,2,5
13,S,3,13.S.3.L,Litter,R.laevis,3,0,0,27/08/2013,1,Annual.forb,,,,,,,31,13,7,2,5
13,S,3,13.S.3.L,Litter,W.acuminata,7,0,0,27/08/2013,1,Annual.forb,,,,,,,31,13,7,2,5
13,S,3,13.S.3.L,Litter,C.colorata,2,0,0,27/08/2013,0,Annual.forb,,,,,,,31,13,7,2,5
13,S,3,13.S.3.L,Litter,Bromus.sp,4,4,1,27/08/2013,1,Annual.grass,,,,,,,31,13,7,2,5
13,S,3,13.S.3.L,Litter,V.myuros,9,9,1,27/08/2013,1,Annual.grass,,,,,,,31,13,7,2,5
13,S,4,13.S.4.C,Control,A.calendula,1,1,1,27/08/2013,1,Annual.forb,,,,,,,15,6,6,3,3
13,S,4,13.S.4.C,Control,R.laevis,3,0,0,27/08/2013,1,Annual.forb,,,,,,,15,6,6,3,3
13,S,4,13.S.4.C,Control,W.acuminata,2,0,0,27/08/2013,1,Annual.forb,,,,,,,15,6,6,3,3
13,S,4,13.S.4.C,Control,C.colorata,4,0,0,27/08/2013,0,Annual.forb,,,,,,,15,6,6,3,3
13,S,4,13.S.4.C,Control,Bromus.sp,4,4,1,27/08/2013,1,Annual.grass,,,,,,,15,6,6,3,3
13,S,4,13.S.4.C,Control,V.myuros,1,1,1,27/08/2013,1,Annual.grass,,,,,,,15,6,6,3,3
13,S,4,13.S.4.L,Litter,H.glabra,1,1,1,27/08/2013,1,Annual.forb,,,,,,,23,10,6,3,3
13,S,4,13.S.4.L,Litter,L.arvensis,1,1,1,27/08/2013,1,Annual.forb,,,,,,,23,10,6,3,3
13,S,4,13.S.4.L,Litter,R.laevis,3,0,0,27/08/2013,1,Annual.forb,,,,,,,23,10,6,3,3
13,S,4,13.S.4.L,Litter,W.acuminata,1,0,0,27/08/2013,1,Annual.forb,,,,,,,23,10,6,3,3
13,S,4,13.S.4.L,Litter,C.colorata,9,0,0,27/08/2013,0,Annual.forb,,,,,,,23,10,6,3,3
13,S,4,13.S.4.L,Litter,Bromus.sp,8,8,1,27/08/2013,1,Annual.grass,,,,,,,23,10,6,3,3
13,S,5,13.S.5.C,Control,A.calendula,1,1,1,27/08/2013,1,Annual.forb,,,,,,,23,5,7,3,4
13,S,5,13.S.5.C,Control,H.glabra,2,2,1,27/08/2013,1,Annual.forb,,,,,,,23,5,7,3,4
13,S,5,13.S.5.C,Control,R.laevis,1,0,0,27/08/2013,1,Annual.forb,,,,,,,23,5,7,3,4
13,S,5,13.S.5.C,Control,W.acuminata,3,0,0,27/08/2013,1,Annual.forb,,,,,,,23,5,7,3,4
13,S,5,13.S.5.C,Control,C.colorata,12,0,0,27/08/2013,0,Annual.forb,,,,,,,23,5,7,3,4
13,S,5,13.S.5.C,Control,Bromus.sp,2,2,1,27/08/2013,1,Annual.grass,,,,,,,23,5,7,3,4
13,S,5,13.S.5.L,Litter,A.calendula,1,1,1,27/08/2013,1,Annual.forb,,,,,,,39,6,7,3,4
13,S,5,13.S.5.L,Litter,R.laevis,4,0,0,27/08/2013,1,Annual.forb,,,,,,,39,6,7,3,4
13,S,5,13.S.5.L,Litter,W.acuminata,3,0,0,27/08/2013,1,Annual.forb,,,,,,,39,6,7,3,4
13,S,5,13.S.5.L,Litter,C.colorata,24,0,0,27/08/2013,0,Annual.forb,,,,,,,39,6,7,3,4
13,S,5,13.S.5.L,Litter,E.longiflora,2,2,1,27/08/2013,1,Annual.grass,,,,,,,39,6,7,3,4
13,S,5,13.S.5.L,Litter,V.myuros,3,3,1,27/08/2013,1,Annual.grass,,,,,,,39,6,7,3,4
14,N,1,14.N.1.C,Control,B.tournefortii,2,2,1,27/08/2013,1,Annual.forb,,,,,,,55,5,8,3,5
14,N,1,14.N.1.C,Control,Millotia.sp,11,0,0,27/08/2013,1,Annual.forb,,,,,,,55,5,8,3,5
14,N,1,14.N.1.C,Control,P.canescens,1,0,0,27/08/2013,1,Annual.forb,,,,,,,55,5,8,3,5
14,N,1,14.N.1.C,Control,T.isingiana,26,0,0,27/08/2013,1,Annual.forb,,,,,,,55,5,8,3,5
14,N,1,14.N.1.C,Control,U.anthemoides,1,1,1,27/08/2013,1,Annual.forb,,,,,,,55,5,8,3,5
14,N,1,14.N.1.C,Control,C.colorata,7,0,0,27/08/2013,0,Annual.forb,,,,,,,55,5,8,3,5
14,N,1,14.N.1.C,Control,C.eremea,5,0,0,27/08/2013,0,Annual.forb,,,,,,,55,5,8,3,5
14,N,1,14.N.1.C,Control,Bromus.sp,2,2,1,27/08/2013,1,Annual.grass,,,,,,,55,5,8,3,5
14,N,1,14.N.1.L,Litter,A.calendula,1,1,1,27/08/2013,1,Annual.forb,,,,,,,13,7,6,4,2
14,N,1,14.N.1.L,Litter,B.tournefortii,1,1,1,27/08/2013,1,Annual.forb,,,,,,,13,7,6,4,2
14,N,1,14.N.1.L,Litter,H.glabra,2,2,1,27/08/2013,1,Annual.forb,,,,,,,13,7,6,4,2
14,N,1,14.N.1.L,Litter,Millotia.sp,5,0,0,27/08/2013,1,Annual.forb,,,,,,,13,7,6,4,2
14,N,1,14.N.1.L,Litter,T.isingiana,1,0,0,27/08/2013,1,Annual.forb,,,,,,,13,7,6,4,2
14,N,1,14.N.1.L,Litter,U.anthemoides,3,3,1,27/08/2013,1,Annual.forb,,,,,,,13,7,6,4,2
14,N,2,14.N.2.C,Control,A.tomentosus,2,0,0,27/08/2013,1,Annual.forb,,,,,,,57,2,6,1,5
14,N,2,14.N.2.C,Control,H.glabra,2,2,1,27/08/2013,1,Annual.forb,,,,,,,57,2,6,1,5
14,N,2,14.N.2.C,Control,Millotia.sp,1,0,0,27/08/2013,1,Annual.forb,,,,,,,57,2,6,1,5
14,N,2,14.N.2.C,Control,T.isingiana,40,0,0,27/08/2013,1,Annual.forb,,,,,,,57,2,6,1,5
14,N,2,14.N.2.C,Control,W.acuminata,4,0,0,27/08/2013,1,Annual.forb,,,,,,,57,2,6,1,5
14,N,2,14.N.2.C,Control,C.colorata,8,0,0,27/08/2013,0,Annual.forb,,,,,,,57,2,6,1,5
14,N,2,14.N.2.L,Litter,A.tomentosus,1,0,0,27/08/2013,1,Annual.forb,,,,,,,19,1,8,1,7
14,N,2,14.N.2.L,Litter,Millotia.sp,2,0,0,27/08/2013,1,Annual.forb,,,,,,,19,1,8,1,7
14,N,2,14.N.2.L,Litter,T.isingiana,7,0,0,27/08/2013,1,Annual.forb,,,,,,,19,1,8,1,7
14,N,2,14.N.2.L,Litter,W.acuminata,1,0,0,27/08/2013,1,Annual.forb,,,,,,,19,1,8,1,7
14,N,2,14.N.2.L,Litter,C.colorata,3,0,0,27/08/2013,0,Annual.forb,,,,,,,19,1,8,1,7
14,N,2,14.N.2.L,Litter,C.eremea,3,0,0,27/08/2013,0,Annual.forb,,,,,,,19,1,8,1,7
14,N,2,14.N.2.L,Litter,Bromus.sp,1,1,1,27/08/2013,1,Annual.grass,,,,,,,19,1,8,1,7
14,N,3,14.N.3.C,Control,C.colorata,14,0,0,27/08/2013,0,Annual.forb,,,,,,,14,0,1,0,1
14,N,3,14.N.3.L,Litter,A.calendula,1,1,1,27/08/2013,1,Annual.forb,,,,,,,14,3,7,3,4
14,N,3,14.N.3.L,Litter,B.tournefortii,1,1,1,27/08/2013,1,Annual.forb,,,,,,,14,3,7,3,4
14,N,3,14.N.3.L,Litter,Millotia.sp,6,0,0,27/08/2013,1,Annual.forb,,,,,,,14,3,7,3,4
14,N,3,14.N.3.L,Litter,P.canescens,1,0,0,27/08/2013,1,Annual.forb,,,,,,,14,3,7,3,4
14,N,3,14.N.3.L,Litter,T.isingiana,2,0,0,27/08/2013,1,Annual.forb,,,,,,,14,3,7,3,4
14,N,3,14.N.3.L,Litter,C.colorata,2,0,0,27/08/2013,0,Annual.forb,,,,,,,14,3,7,3,4
14,N,3,14.N.3.L,Litter,Bromus.sp,1,1,1,27/08/2013,1,Annual.grass,,,,,,,14,3,7,3,4
14,N,4,14.N.4.C,Control,L.arvensis,1,1,1,27/08/2013,1,Annual.forb,,,,,,,6,2,4,2,2
14,N,4,14.N.4.C,Control,U.anthemoides,1,1,1,27/08/2013,1,Annual.forb,,,,,,,6,2,4,2,2
14,N,4,14.N.4.C,Control,C.eremea,1,0,0,27/08/2013,0,Annual.forb,,,,,,,6,2,4,2,2
14,N,4,14.N.4.L,Litter,C.eremea,1,0,0,27/08/2013,0,Annual.forb,,,,,,,4,0,2,0,2
14,N,5,14.N.5.C,Control,B.tournefortii,3,3,1,27/08/2013,1,Annual.forb,,,,,,,24,5,5,2,3
14,N,5,14.N.5.C,Control,L.arvensis,2,2,1,27/08/2013,1,Annual.forb,,,,,,,24,5,5,2,3
14,N,5,14.N.5.C,Control,Millotia.sp,13,0,0,27/08/2013,1,Annual.forb,,,,,,,24,5,5,2,3
14,N,5,14.N.5.C,Control,C.eremea,1,0,0,27/08/2013,0,Annual.forb,,,,,,,24,5,5,2,3
14,N,5,14.N.5.L,Litter,L.arvensis,4,4,1,27/08/2013,1,Annual.forb,,,,,,,19,11,5,3,2
14,N,5,14.N.5.L,Litter,Millotia.sp,1,0,0,27/08/2013,1,Annual.forb,,,,,,,19,11,5,3,2
14,N,5,14.N.5.L,Litter,U.anthemoides,4,4,1,27/08/2013,1,Annual.forb,,,,,,,19,11,5,3,2
14,N,5,14.N.5.L,Litter,P.airoides,3,3,1,27/08/2013,1,Annual.grass,,,,,,,19,11,5,3,2
14,S,1,14.S.1.C,Control,NA,NA,NA,NA,27/08/2013,0,NA,,,,,,,NA,NA,1,1,0
14,S,1,14.S.1.L,Litter,B.iberidifola,31,0,0,27/08/2013,1,Annual.forb,,,,,,,60,20,8,4,4
14,S,1,14.S.1.L,Litter,H.glabra,1,1,1,27/08/2013,1,Annual.forb,,,,,,,60,20,8,4,4
14,S,1,14.S.1.L,Litter,T.cyanopetala,2,0,0,27/08/2013,1,Annual.forb,,,,,,,60,20,8,4,4
14,S,1,14.S.1.L,Litter,U.anthemoides,1,1,1,27/08/2013,1,Annual.forb,,,,,,,60,20,8,4,4
14,S,1,14.S.1.L,Litter,W.acuminata,3,0,0,27/08/2013,1,Annual.forb,,,,,,,60,20,8,4,4
14,S,1,14.S.1.L,Litter,C.eremea,4,0,0,27/08/2013,0,Annual.forb,,,,,,,60,20,8,4,4
14,S,1,14.S.1.L,Litter,Bromus.sp,6,6,1,27/08/2013,1,Annual.grass,,,,,,,60,20,8,4,4
14,S,1,14.S.1.L,Litter,P.airoides,12,12,1,27/08/2013,1,Annual.grass,,,,,,,60,20,8,4,4
14,S,2,14.S.2.C,Control,B.iberidifola,35,0,0,27/08/2013,1,Annual.forb,,,,,,,55,1,7,1,6
14,S,2,14.S.2.C,Control,E.botrys,1,1,1,27/08/2013,1,Annual.forb,,,,,,,55,1,7,1,6
14,S,2,14.S.2.C,Control,P.lessonni,1,0,0,27/08/2013,1,Annual.forb,,,,,,,55,1,7,1,6
14,S,2,14.S.2.C,Control,C.colorata,14,0,0,27/08/2013,0,Annual.forb,,,,,,,55,1,7,1,6
14,S,2,14.S.2.C,Control,C.eremea,1,0,0,27/08/2013,0,Annual.forb,,,,,,,55,1,7,1,6
14,S,2,14.S.2.L,Litter,B.iberidifola,22,0,0,27/08/2013,1,Annual.forb,,,,,,,34,5,7,3,4
14,S,2,14.S.2.L,Litter,C.obionoides,2,0,0,27/08/2013,1,Annual.forb,,,,,,,34,5,7,3,4
14,S,2,14.S.2.L,Litter,H.glabra,2,2,1,27/08/2013,1,Annual.forb,,,,,,,34,5,7,3,4
14,S,2,14.S.2.L,Litter,U.anthemoides,1,1,1,27/08/2013,1,Annual.forb,,,,,,,34,5,7,3,4
14,S,2,14.S.2.L,Litter,C.eremea,4,0,0,27/08/2013,0,Annual.forb,,,,,,,34,5,7,3,4
14,S,2,14.S.2.L,Litter,Bromus.sp,2,2,1,27/08/2013,1,Annual.grass,,,,,,,34,5,7,3,4
14,S,3,14.S.3.C,Control,B.iberidifola,17,0,0,27/08/2013,1,Annual.forb,,,,,,,41,12,10,5,5
14,S,3,14.S.3.C,Control,B.tournefortii,1,1,1,27/08/2013,1,Annual.forb,,,,,,,41,12,10,5,5
14,S,3,14.S.3.C,Control,E.botrys,1,1,1,27/08/2013,1,Annual.forb,,,,,,,41,12,10,5,5
14,S,3,14.S.3.C,Control,H.glabra,2,2,1,27/08/2013,1,Annual.forb,,,,,,,41,12,10,5,5
14,S,3,14.S.3.C,Control,U.anthemoides,1,1,1,27/08/2013,1,Annual.forb,,,,,,,41,12,10,5,5
14,S,3,14.S.3.C,Control,W.acuminata,2,0,0,27/08/2013,1,Annual.forb,,,,,,,41,12,10,5,5
14,S,3,14.S.3.C,Control,C.colorata,5,0,0,27/08/2013,0,Annual.forb,,,,,,,41,12,10,5,5
14,S,3,14.S.3.C,Control,C.eremea,2,0,0,27/08/2013,0,Annual.forb,,,,,,,41,12,10,5,5
14,S,3,14.S.3.C,Control,Bromus.sp,7,7,1,27/08/2013,1,Annual.grass,,,,,,,41,12,10,5,5
14,S,3,14.S.3.L,Litter,B.iberidifola,10,0,0,27/08/2013,1,Annual.forb,,,,,,,43,21,8,4,4
14,S,3,14.S.3.L,Litter,E.botrys,5,5,1,27/08/2013,1,Annual.forb,,,,,,,43,21,8,4,4
14,S,3,14.S.3.L,Litter,U.anthemoides,4,4,1,27/08/2013,1,Annual.forb,,,,,,,43,21,8,4,4
14,S,3,14.S.3.L,Litter,W.acuminata,2,0,0,27/08/2013,1,Annual.forb,,,,,,,43,21,8,4,4
14,S,3,14.S.3.L,Litter,C.eremea,5,0,0,27/08/2013,0,Annual.forb,,,,,,,43,21,8,4,4
14,S,3,14.S.3.L,Litter,Bromus.sp,4,4,1,27/08/2013,1,Annual.grass,,,,,,,43,21,8,4,4
14,S,3,14.S.3.L,Litter,V.myuros,8,8,1,27/08/2013,1,Annual.grass,,,,,,,43,21,8,4,4
14,S,4,14.S.4.C,Control,E.botrys,1,1,1,27/08/2013,1,Annual.forb,,,,,,,18,12,9,5,4
14,S,4,14.S.4.C,Control,H.glabra,2,2,1,27/08/2013,1,Annual.forb,,,,,,,18,12,9,5,4
14,S,4,14.S.4.C,Control,P.canescens,1,0,0,27/08/2013,1,Annual.forb,,,,,,,18,12,9,5,4
14,S,4,14.S.4.C,Control,U.anthemoides,4,4,1,27/08/2013,1,Annual.forb,,,,,,,18,12,9,5,4
14,S,4,14.S.4.C,Control,W.acuminata,3,0,0,27/08/2013,1,Annual.forb,,,,,,,18,12,9,5,4
14,S,4,14.S.4.C,Control,C.colorata,1,0,0,27/08/2013,0,Annual.forb,,,,,,,18,12,9,5,4
14,S,4,14.S.4.C,Control,Bromus.sp,1,1,1,27/08/2013,1,Annual.grass,,,,,,,18,12,9,5,4
14,S,4,14.S.4.C,Control,P.airoides,4,4,1,27/08/2013,1,Annual.grass,,,,,,,18,12,9,5,4
14,S,4,14.S.4.L,Litter,E.botrys,1,1,1,27/08/2013,1,Annual.forb,,,,,,,13,7,8,4,4
14,S,4,14.S.4.L,Litter,H.glabra,1,1,1,27/08/2013,1,Annual.forb,,,,,,,13,7,8,4,4
14,S,4,14.S.4.L,Litter,Millotia.sp,1,0,0,27/08/2013,1,Annual.forb,,,,,,,13,7,8,4,4
14,S,4,14.S.4.L,Litter,R.laevis,1,0,0,27/08/2013,1,Annual.forb,,,,,,,13,7,8,4,4
14,S,4,14.S.4.L,Litter,U.anthemoides,1,1,1,27/08/2013,1,Annual.forb,,,,,,,13,7,8,4,4
14,S,4,14.S.4.L,Litter,W.acuminata,3,0,0,27/08/2013,1,Annual.forb,,,,,,,13,7,8,4,4
14,S,4,14.S.4.L,Litter,P.airoides,4,4,1,27/08/2013,1,Annual.grass,,,,,,,13,7,8,4,4
14,S,5,14.S.5.C,Control,E.botrys,1,1,1,27/08/2013,1,Annual.forb,,,,,,,68,40,7,4,3
14,S,5,14.S.5.C,Control,L.arvensis,29,29,1,27/08/2013,1,Annual.forb,,,,,,,68,40,7,4,3
14,S,5,14.S.5.C,Control,T.cyanopetala,1,0,0,27/08/2013,1,Annual.forb,,,,,,,68,40,7,4,3
14,S,5,14.S.5.C,Control,E.longiflora,1,1,1,27/08/2013,1,Annual.grass,,,,,,,68,40,7,4,3
14,S,5,14.S.5.C,Control,P.airoides,9,9,1,27/08/2013,1,Annual.grass,,,,,,,68,40,7,4,3
14,S,5,14.S.5.L,Litter,B.tournefortii,1,1,1,27/08/2013,1,Annual.forb,,,,,,,50,45,4,2,2
14,S,5,14.S.5.L,Litter,L.arvensis,44,44,1,27/08/2013,1,Annual.forb,,,,,,,50,45,4,2,2
14,S,5,14.S.5.L,Litter,C.eremea,3,0,0,27/08/2013,0,Annual.forb,,,,,,,50,45,4,2,2
15,N,1,15.N.1.C,Control,R.laevis,1,0,0,27/08/2013,1,Annual.forb,,,,,,,12,0,6,0,6
15,N,1,15.N.1.C,Control,W.acuminata,1,0,0,27/08/2013,1,Annual.forb,,,,,,,12,0,6,0,6
15,N,1,15.N.1.C,Control,C.eremea,1,0,0,27/08/2013,0,Annual.forb,,,,,,,12,0,6,0,6
15,N,1,15.N.1.L,Litter,B.iberidifola,2,0,0,27/08/2013,1,Annual.forb,,,,,,,4,0,3,0,3
15,N,1,15.N.1.L,Litter,W.acuminata,1,0,0,27/08/2013,1,Annual.forb,,,,,,,4,0,3,0,3
15,N,1,15.N.1.L,Litter,C.eremea,1,0,0,27/08/2013,0,Annual.forb,,,,,,,4,0,3,0,3
15,N,2,15.N.2.C,Control,B.iberidifola,1,0,0,27/08/2013,1,Annual.forb,,,,,,,7,0,4,0,4
15,N,2,15.N.2.C,Control,W.acuminata,3,0,0,27/08/2013,1,Annual.forb,,,,,,,7,0,4,0,4
15,N,2,15.N.2.L,Litter,B.tournefortii,1,1,1,27/08/2013,1,Annual.forb,,,,,,,15,1,5,1,4
15,N,2,15.N.2.L,Litter,W.acuminata,1,0,0,27/08/2013,1,Annual.forb,,,,,,,15,1,5,1,4
15,N,2,15.N.2.L,Litter,C.eremea,6,0,0,27/08/2013,0,Annual.forb,,,,,,,15,1,5,1,4
15,N,3,15.N.3.C,Control,W.acuminata,1,0,0,27/08/2013,1,Annual.forb,,,,,,,5,0,3,0,3
15,N,3,15.N.3.L,Litter,H.glabra,1,1,1,27/08/2013,1,Annual.forb,,,,,,,11,2,6,2,4
15,N,3,15.N.3.L,Litter,U.anthemoides,1,1,1,27/08/2013,1,Annual.forb,,,,,,,11,2,6,2,4
15,N,3,15.N.3.L,Litter,W.acuminata,2,0,0,27/08/2013,1,Annual.forb,,,,,,,11,2,6,2,4
15,N,4,15.N.4.C,Control,P.canescens,1,0,0,27/08/2013,1,Annual.forb,,,,,,,9,0,4,0,4
15,S,1,15.S.1.C,Control,H.glabra,1,1,1,27/08/2013,1,Annual.forb,,,,,,,5,1,3,1,2
15,S,1,15.S.1.C,Control,W.acuminata,1,0,0,27/08/2013,1,Annual.forb,,,,,,,5,1,3,1,2
15,S,1,15.S.1.L,Litter,E.botrys,1,1,1,27/08/2013,1,Annual.forb,,,,,,,10,2,6,2,4
15,S,1,15.S.1.L,Litter,G.nodulosus,2,0,0,27/08/2013,1,Annual.forb,,,,,,,10,2,6,2,4
15,S,1,15.S.1.L,Litter,U.anthemoides,1,1,1,27/08/2013,1,Annual.forb,,,,,,,10,2,6,2,4
15,S,1,15.S.1.L,Litter,W.acuminata,1,0,0,27/08/2013,1,Annual.forb,,,,,,,10,2,6,2,4
15,S,2,15.S.2.C,Control,E.botrys,1,1,1,27/08/2013,1,Annual.forb,,,,,,,8,3,5,3,2
15,S,2,15.S.2.C,Control,T.isingiana,1,0,0,27/08/2013,1,Annual.forb,,,,,,,8,3,5,3,2
15,S,2,15.S.2.C,Control,E.longiflora,2,2,1,27/08/2013,1,Annual.grass,,,,,,,8,3,5,3,2
15,S,2,15.S.2.L,Litter,E.botrys,1,1,1,27/08/2013,1,Annual.forb,,,,,,,7,3,5,3,2
15,S,2,15.S.2.L,Litter,U.anthemoides,1,1,1,27/08/2013,1,Annual.forb,,,,,,,7,3,5,3,2
15,S,2,15.S.2.L,Litter,W.acuminata,1,0,0,27/08/2013,1,Annual.forb,,,,,,,7,3,5,3,2
15,S,2,15.S.2.L,Litter,Bromus.sp,1,1,1,27/08/2013,1,Annual.grass,,,,,,,7,3,5,3,2
15,S,3,15.S.3.C,Control,W.acuminata,2,0,0,27/08/2013,1,Annual.forb,,,,,,,6,0,3,0,3
15,S,3,15.S.3.L,Litter,E.botrys,1,1,1,27/08/2013,1,Annual.forb,,,,,,,9,2,4,2,2
15,S,3,15.S.3.L,Litter,E.longiflora,1,1,1,27/08/2013,1,Annual.grass,,,,,,,9,2,4,2,2
15,S,4,15.S.4.C,Control,W.acuminata,1,0,0,27/08/2013,1,Annual.forb,,,,,,,10,0,5,0,5
15,S,5,15.S.5.C,Control,R.laevis,1,0,0,27/08/2013,1,Annual.forb,,,,,,,11,0,4,0,4
15,S,5,15.S.5.L,Litter,B.tournefortii,1,1,1,27/08/2013,1,Annual.forb,,,,,,,4,3,3,2,1
15,S,5,15.S.5.L,Litter,V.myuros,2,2,1,27/08/2013,1,Annual.grass,,,,,,,4,3,3,2,1
16,N,1,16.N.1.C,Control,A.calendula,14,14,1,27/08/2013,1,Annual.forb,,,,,,,58,49,4,3,1
16,N,1,16.N.1.C,Control,C.eremea,9,0,0,27/08/2013,0,Annual.forb,,,,,,,58,49,4,3,1
16,N,1,16.N.1.C,Control,P.airoides,10,10,1,27/08/2013,1,Annual.grass,,,,,,,58,49,4,3,1
16,N,1,16.N.1.C,Control,V.myuros,25,25,1,27/08/2013,1,Annual.grass,,,,,,,58,49,4,3,1
16,N,1,16.N.1.L,Litter,A.calendula,3,3,1,27/08/2013,1,Annual.forb,,,,,,,45,35,6,4,2
16,N,1,16.N.1.L,Litter,B.tournefortii,3,3,1,27/08/2013,1,Annual.forb,,,,,,,45,35,6,4,2
16,N,1,16.N.1.L,Litter,C.eremea,9,0,0,27/08/2013,0,Annual.forb,,,,,,,45,35,6,4,2
16,N,1,16.N.1.L,Litter,Bromus.sp,11,11,1,27/08/2013,1,Annual.grass,,,,,,,45,35,6,4,2
16,N,1,16.N.1.L,Litter,V.myuros,18,18,1,27/08/2013,1,Annual.grass,,,,,,,45,35,6,4,2
16,N,2,16.N.2.C,Control,NA,NA,NA,NA,27/08/2013,0,NA,,,,,,,NA,NA,1,1,0
16,N,2,16.N.2.L,Litter,A.calendula,2,2,1,27/08/2013,1,Annual.forb,,,,,,,20,16,6,5,1
16,N,2,16.N.2.L,Litter,B.tournefortii,5,5,1,27/08/2013,1,Annual.forb,,,,,,,20,16,6,5,1
16,N,2,16.N.2.L,Litter,M.crystallinum,1,1,1,27/08/2013,1,Annual.forb,,,,,,,20,16,6,5,1
16,N,2,16.N.2.L,Litter,C.eremea,4,0,0,27/08/2013,0,Annual.forb,,,,,,,20,16,6,5,1
16,N,2,16.N.2.L,Litter,Bromus.sp,1,1,1,27/08/2013,1,Annual.grass,,,,,,,20,16,6,5,1
16,N,2,16.N.2.L,Litter,V.myuros,7,7,1,27/08/2013,1,Annual.grass,,,,,,,20,16,6,5,1
16,N,3,16.N.3.C,Control,A.calendula,4,4,1,27/08/2013,1,Annual.forb,,,,,,,88,24,6,3,3
16,N,3,16.N.3.C,Control,W.acuminata,1,0,0,27/08/2013,1,Annual.forb,,,,,,,88,24,6,3,3
16,N,3,16.N.3.C,Control,C.colorata,45,0,0,27/08/2013,0,Annual.forb,,,,,,,88,24,6,3,3
16,N,3,16.N.3.C,Control,C.eremea,18,0,0,27/08/2013,0,Annual.forb,,,,,,,88,24,6,3,3
16,N,3,16.N.3.C,Control,Bromus.sp,5,5,1,27/08/2013,1,Annual.grass,,,,,,,88,24,6,3,3
16,N,3,16.N.3.C,Control,V.myuros,15,15,1,27/08/2013,1,Annual.grass,,,,,,,88,24,6,3,3
16,N,3,16.N.3.L,Litter,A.calendula,7,7,1,27/08/2013,1,Annual.forb,,,,,,,27,11,6,3,3
16,N,3,16.N.3.L,Litter,B.tournefortii,1,1,1,27/08/2013,1,Annual.forb,,,,,,,27,11,6,3,3
16,N,3,16.N.3.L,Litter,W.acuminata,1,0,0,27/08/2013,1,Annual.forb,,,,,,,27,11,6,3,3
16,N,3,16.N.3.L,Litter,C.colorata,12,0,0,27/08/2013,0,Annual.forb,,,,,,,27,11,6,3,3
16,N,3,16.N.3.L,Litter,V.myuros,3,3,1,27/08/2013,1,Annual.grass,,,,,,,27,11,6,3,3
16,N,4,16.N.4.C,Control,A.calendula,1,1,1,27/08/2013,1,Annual.forb,,,,,,,6,6,3,3,0
16,N,4,16.N.4.C,Control,B.tournefortii,4,4,1,27/08/2013,1,Annual.forb,,,,,,,6,6,3,3,0
16,N,4,16.N.4.C,Control,M.monstrosus,1,1,1,27/08/2013,1,Annual.forb,,,,,,,6,6,3,3,0
16,N,4,16.N.4.L,Litter,A.calendula,1,1,1,27/08/2013,1,Annual.forb,,,,,,,34,6,6,3,3
16,N,4,16.N.4.L,Litter,B.tournefortii,3,3,1,27/08/2013,1,Annual.forb,,,,,,,34,6,6,3,3
16,N,4,16.N.4.L,Litter,C.colorata,18,0,0,27/08/2013,0,Annual.forb,,,,,,,34,6,6,3,3
16,N,4,16.N.4.L,Litter,C.eremea,9,0,0,27/08/2013,0,Annual.forb,,,,,,,34,6,6,3,3
16,N,4,16.N.4.L,Litter,V.myuros,2,2,1,27/08/2013,1,Annual.grass,,,,,,,34,6,6,3,3
16,N,5,16.N.5.C,Control,A.calendula,1,1,1,27/08/2013,1,Annual.forb,,,,,,,8,5,3,2,1
16,N,5,16.N.5.C,Control,B.tournefortii,4,4,1,27/08/2013,1,Annual.forb,,,,,,,8,5,3,2,1
16,N,5,16.N.5.C,Control,C.eremea,3,0,0,27/08/2013,0,Annual.forb,,,,,,,8,5,3,2,1
16,N,5,16.N.5.L,Litter,A.calendula,1,1,1,27/08/2013,1,Annual.forb,,,,,,,13,10,3,2,1
16,N,5,16.N.5.L,Litter,B.tournefortii,9,9,1,27/08/2013,1,Annual.forb,,,,,,,13,10,3,2,1
16,N,5,16.N.5.L,Litter,C.eremea,3,0,0,27/08/2013,0,Annual.forb,,,,,,,13,10,3,2,1
16,S,1,16.S.1.C,Control,H.glabra,1,1,1,27/08/2013,1,Annual.forb,,,,,,,62,35,8,4,4
16,S,1,16.S.1.C,Control,W.acuminata,4,0,0,27/08/2013,1,Annual.forb,,,,,,,62,35,8,4,4
16,S,1,16.S.1.C,Control,C.colorata,3,0,0,27/08/2013,0,Annual.forb,,,,,,,62,35,8,4,4
16,S,1,16.S.1.C,Control,C.eremea,10,0,0,27/08/2013,0,Annual.forb,,,,,,,62,35,8,4,4
16,S,1,16.S.1.C,Control,Bromus.sp,14,14,1,27/08/2013,1,Annual.grass,,,,,,,62,35,8,4,4
16,S,1,16.S.1.C,Control,P.airoides,12,12,1,27/08/2013,1,Annual.grass,,,,,,,62,35,8,4,4
16,S,1,16.S.1.C,Control,V.myuros,8,8,1,27/08/2013,1,Annual.grass,,,,,,,62,35,8,4,4
16,S,1,16.S.1.L,Litter,B.tournefortii,2,2,1,27/08/2013,1,Annual.forb,,,,,,,37,33,6,4,2
16,S,1,16.S.1.L,Litter,W.acuminata,3,0,0,27/08/2013,1,Annual.forb,,,,,,,37,33,6,4,2
16,S,1,16.S.1.L,Litter,Bromus.sp,5,5,1,27/08/2013,1,Annual.grass,,,,,,,37,33,6,4,2
16,S,1,16.S.1.L,Litter,P.airoides,20,20,1,27/08/2013,1,Annual.grass,,,,,,,37,33,6,4,2
16,S,1,16.S.1.L,Litter,V.myuros,6,6,1,27/08/2013,1,Annual.grass,,,,,,,37,33,6,4,2
16,S,2,16.S.2.C,Control,B.tournefortii,2,2,1,27/08/2013,1,Annual.forb,,,,,,,74,59,6,4,2
16,S,2,16.S.2.C,Control,W.acuminata,3,0,0,27/08/2013,1,Annual.forb,,,,,,,74,59,6,4,2
16,S,2,16.S.2.C,Control,C.eremea,12,0,0,27/08/2013,0,Annual.forb,,,,,,,74,59,6,4,2
16,S,2,16.S.2.C,Control,Bromus.sp,7,7,1,27/08/2013,1,Annual.grass,,,,,,,74,59,6,4,2
16,S,2,16.S.2.C,Control,P.airoides,20,20,1,27/08/2013,1,Annual.grass,,,,,,,74,59,6,4,2
16,S,2,16.S.2.C,Control,V.myuros,30,30,1,27/08/2013,1,Annual.grass,,,,,,,74,59,6,4,2
16,S,2,16.S.2.L,Litter,B.tournefortii,1,1,1,27/08/2013,1,Annual.forb,,,,,,,32,14,7,4,3
16,S,2,16.S.2.L,Litter,C.colorata,12,0,0,27/08/2013,0,Annual.forb,,,,,,,32,14,7,4,3
16,S,2,16.S.2.L,Litter,C.eremea,3,0,0,27/08/2013,0,Annual.forb,,,,,,,32,14,7,4,3
16,S,2,16.S.2.L,Litter,Bromus.sp,3,3,1,27/08/2013,1,Annual.grass,,,,,,,32,14,7,4,3
16,S,2,16.S.2.L,Litter,E.longiflora,1,1,1,27/08/2013,1,Annual.grass,,,,,,,32,14,7,4,3
16,S,2,16.S.2.L,Litter,P.airoides,9,9,1,27/08/2013,1,Annual.grass,,,,,,,32,14,7,4,3
16,S,3,16.S.3.C,Control,P.canescens,1,0,0,27/08/2013,1,Annual.forb,,,,,,,55,31,6,3,3
16,S,3,16.S.3.C,Control,C.eremea,19,0,0,27/08/2013,0,Annual.forb,,,,,,,55,31,6,3,3
16,S,3,16.S.3.C,Control,Bromus.sp,13,13,1,27/08/2013,1,Annual.grass,,,,,,,55,31,6,3,3
16,S,3,16.S.3.C,Control,P.airoides,11,11,1,27/08/2013,1,Annual.grass,,,,,,,55,31,6,3,3
16,S,3,16.S.3.C,Control,V.myuros,7,7,1,27/08/2013,1,Annual.grass,,,,,,,55,31,6,3,3
16,S,3,16.S.3.L,Litter,C.eremea,24,0,0,27/08/2013,0,Annual.forb,,,,,,,61,34,5,3,2
16,S,3,16.S.3.L,Litter,Bromus.sp,16,16,1,27/08/2013,1,Annual.grass,,,,,,,61,34,5,3,2
16,S,3,16.S.3.L,Litter,P.airoides,6,6,1,27/08/2013,1,Annual.grass,,,,,,,61,34,5,3,2
16,S,3,16.S.3.L,Litter,V.myuros,12,12,1,27/08/2013,1,Annual.grass,,,,,,,61,34,5,3,2
16,S,4,16.S.4.C,Control,B.tournefortii,1,1,1,27/08/2013,1,Annual.forb,,,,,,,17,2,4,2,2
16,S,4,16.S.4.C,Control,C.eremea,8,0,0,27/08/2013,0,Annual.forb,,,,,,,17,2,4,2,2
16,S,4,16.S.4.C,Control,Bromus.sp,1,1,1,27/08/2013,1,Annual.grass,,,,,,,17,2,4,2,2
16,S,4,16.S.4.L,Litter,B.tournefortii,2,2,1,27/08/2013,1,Annual.forb,,,,,,,10,2,4,1,3
16,S,4,16.S.4.L,Litter,C.eremea,5,0,0,27/08/2013,0,Annual.forb,,,,,,,10,2,4,1,3
16,S,5,16.S.5.C,Control,B.tournefortii,3,3,1,27/08/2013,1,Annual.forb,,,,,,,5,3,3,1,2
16,S,5,16.S.5.L,Litter,B.tournefortii,5,5,1,27/08/2013,1,Annual.forb,,,,,,,7,5,3,0,3
16,S,5,16.S.5.L,Litter,C.eremea,1,0,0,27/08/2013,0,Annual.forb,,,,,,,7,5,3,0,3
